date,close,change,change_pct,open,high,low,volume_thousand_shares,trading_value_million_krw,market_cap_million_krw
2007-01-02,1435.26,0.8,0.06,1438.89,1439.71,1430.06,147739,2037041,705331659
2007-01-03,1409.35,-25.91,-1.81,1436.42,1437.79,1409.31,203208,2611604,692674665
2007-01-04,1397.29,-12.06,-0.86,1410.55,1411.12,1388.5,241172,2967081,686777867
2007-01-05,1385.76,-11.53,-0.83,1398.6,1400.59,1372.36,277292,3394972,681185457
2007-01-08,1370.81,-14.95,-1.08,1376.76,1384.65,1366.48,177592,2555241,673840181
2007-01-09,1374.34,3.53,0.26,1376.71,1381.99,1367.74,216844,2473171,675406045
2007-01-10,1355.79,-18.55,-1.35,1372.52,1372.52,1345.08,225462,2912102,665963580
2007-01-11,1365.31,9.52,0.7,1357.57,1375.31,1355.63,211751,2689447,670446730
2007-01-12,1388.37,23.06,1.69,1379,1389,1372.87,213766,3185029,682183247
2007-01-15,1390.96,2.59,0.19,1396.87,1397.64,1385.81,163885,2462801,683598165
2007-01-16,1389.71,-1.25,-0.09,1392,1393.42,1385.2,171336,2188877,682987635
2007-01-17,1379.48,-10.23,-0.74,1391.75,1391.75,1369.08,205373,2674358,678010049
2007-01-18,1383.21,3.73,0.27,1378.37,1385.22,1372.93,181232,2599655,679606357
2007-01-19,1360.56,-22.65,-1.64,1369.09,1372.63,1356.22,222672,3008845,668556302
2007-01-22,1363.41,2.85,0.21,1363.84,1364.67,1348.46,190990,2476833,670112630
2007-01-23,1363.09,-0.32,-0.02,1353.06,1367.03,1352.5,184015,2417230,670109016
2007-01-24,1383.06,19.97,1.47,1369.96,1383.75,1369.02,197926,2704447,679913198
2007-01-25,1382.36,-0.7,-0.05,1392.55,1392.55,1379.66,157049,2187782,679698846
2007-01-26,1371.33,-11.03,-0.8,1372.36,1378.48,1366.1,160883,2467215,674188867
2007-01-29,1363.1,-8.23,-0.6,1376.48,1378.28,1361.23,136329,2253639,670015414
2007-01-30,1370.72,7.62,0.56,1365,1371.59,1360.42,161253,2269271,673564065
2007-01-31,1360.23,-10.49,-0.77,1374.76,1374.76,1357.87,192327,2278384,668640362
2007-02-01,1382.9,22.67,1.67,1367.07,1382.9,1362.04,168201,2860276,679625076
2007-02-02,1413.14,30.24,2.19,1386.78,1413.34,1386.06,219152,4169084,694714777
2007-02-05,1417.95,4.81,0.34,1413.77,1420.42,1409.71,181595,3108424,696717738
2007-02-06,1428.58,10.63,0.75,1416.65,1428.91,1414.58,188882,2954601,701659781
2007-02-07,1426.29,-2.29,-0.16,1430.85,1431.25,1419.48,193225,2958774,700475046
2007-02-08,1423.58,-2.71,-0.19,1424.99,1431.01,1416.05,189043,2855871,699033835
2007-02-09,1427.68,4.1,0.29,1424.49,1432.29,1422.97,227567,2741316,701071756
2007-02-12,1414.29,-13.39,-0.94,1416.84,1416.84,1403.75,209291,2819813,694373961
2007-02-13,1418.44,4.15,0.29,1412.72,1424.66,1410.81,219251,2919645,696199130
2007-02-14,1436.1,17.66,1.25,1430.02,1440.51,1430.01,214653,3580135,704870584
2007-02-15,1443.63,7.53,0.52,1450.55,1450.84,1441.79,216083,3503461,708698737
2007-02-16,1448.81,5.18,0.36,1444.46,1448.96,1439.03,207157,3634848,711717549
2007-02-20,1452.96,4.15,0.29,1450.96,1453.25,1443.97,220471,2529606,714119794
2007-02-21,1451.38,-1.58,-0.11,1455.18,1457.37,1444.84,258240,3206897,713416464
2007-02-22,1465.41,14.03,0.97,1452.71,1471.04,1452.62,310281,3683843,720008691
2007-02-23,1469.88,4.47,0.31,1470.44,1471.04,1459.81,310567,5268529,721914552
2007-02-26,1470.03,0.15,0.01,1466.92,1470.95,1462.19,261757,3341189,721758563
2007-02-27,1454.6,-15.43,-1.05,1468.28,1468.28,1453.85,261583,3138990,714194294
2007-02-28,1417.34,-37.26,-2.56,1396.44,1417.34,1393.96,324109,4443881,696039726
2007-03-02,1414.47,-2.87,-0.2,1407.19,1423.58,1406.63,243110,3511214,694912498
2007-03-05,1376.15,-38.32,-2.71,1400.8,1404.23,1375.84,232595,3278014,676185601
2007-03-06,1402.93,26.78,1.95,1382.7,1403.75,1382.7,239219,3009735,689373788
2007-03-07,1410.95,8.02,0.57,1415.35,1415.5,1397.83,254195,3203549,693143969
2007-03-08,1423.89,12.94,0.92,1409.02,1433.15,1408.34,285797,3363210,699407615
2007-03-09,1423.58,-0.31,-0.02,1433.27,1434.7,1415.71,227388,3111535,699295957
2007-03-12,1441.33,17.75,1.25,1429.68,1441.83,1429.68,245054,2968500,708246479
2007-03-13,1436.05,-5.28,-0.37,1441.6,1442.04,1433.67,256425,2924575,705517281
2007-03-14,1407.37,-28.68,-2,1409.66,1416.8,1405.13,259289,3030644,691470338
2007-03-15,1426.93,19.56,1.39,1418.77,1429.38,1414.98,254364,2743098,700877507
2007-03-16,1427.88,0.95,0.07,1428.63,1431.75,1416.3,304139,2543200,701347256
2007-03-19,1443.39,15.51,1.09,1425.22,1444.76,1420.89,280843,2846251,708728658
2007-03-20,1444.17,0.78,0.05,1449.43,1449.79,1440.42,364485,3390628,709234373
2007-03-21,1442.85,-1.32,-0.09,1446.07,1452.05,1435.36,342964,3000185,708437627
2007-03-22,1448.53,5.68,0.39,1452.13,1456.18,1447.79,301021,3635007,711570842
2007-03-23,1447.38,-1.15,-0.08,1449.99,1454.34,1443.04,278884,2950809,710935643
2007-03-26,1449.77,2.39,0.17,1451.12,1455.51,1444.25,312613,3118567,712138506
2007-03-27,1453.23,3.46,0.24,1450.02,1456.39,1442.49,259867,3118254,713729149
2007-03-28,1439.74,-13.49,-0.93,1451.47,1456.78,1433.12,297973,3575503,707279680
2007-03-29,1450.95,11.21,0.78,1434.58,1453.11,1432.8,283081,3496142,712772672
2007-03-30,1452.55,1.6,0.11,1457.58,1459.69,1447.85,288433,3313319,713293316
2007-04-02,1459.53,6.98,0.48,1456.19,1464.93,1456.06,303522,3546507,716950422
2007-04-03,1463.75,4.22,0.29,1463.41,1464.48,1452.56,340652,3757241,719128015
2007-04-04,1483.41,19.66,1.34,1474.65,1484.86,1471.05,353989,4640824,729011043
2007-04-05,1482.04,-1.37,-0.09,1485.53,1485.77,1478.45,328413,3255581,728556457
2007-04-06,1484.15,2.11,0.14,1487.73,1488.58,1477.69,313663,3389507,729325975
2007-04-09,1501.06,16.91,1.14,1489.79,1501.06,1489.13,388208,4186551,737708800
2007-04-10,1499.16,-1.9,-0.13,1500.79,1502.34,1492.35,359301,4059585,736872218
2007-04-11,1513.42,14.26,0.95,1508.68,1519.31,1507.57,386765,5266418,744151748
2007-04-12,1525.61,12.19,0.81,1510.27,1525.61,1507.56,360182,4615176,749803339
2007-04-13,1520.78,-4.83,-0.32,1523.82,1526.09,1512.36,426238,4532485,747363935
2007-04-16,1532.04,11.26,0.74,1523.89,1533.09,1519.3,462199,4198012,752957414
2007-04-17,1528.66,-3.38,-0.22,1538.89,1538.89,1524.33,422556,4524207,751297908
2007-04-18,1534.58,5.92,0.39,1532.57,1538.29,1530.02,352532,4264479,754073254
2007-04-19,1513.66,-20.92,-1.36,1536.89,1537.43,1506.14,363739,4478336,743682552
2007-04-20,1533.08,19.42,1.28,1518.58,1533.09,1518.58,397531,4404628,753050264
2007-04-23,1544.35,11.27,0.74,1545.45,1554.5,1538.33,386980,4914076,758438945
2007-04-24,1556.71,12.36,0.8,1545.61,1557.65,1538.11,393475,5455457,764289739
2007-04-25,1545.55,-11.16,-0.72,1558.2,1558.72,1536.12,445538,6627839,758742949
2007-04-26,1553.13,7.58,0.49,1560.22,1565.03,1553.13,391552,5263926,762724512
2007-04-27,1542.52,-10.61,-0.68,1547.2,1553.23,1537.37,356442,4571709,757414198
2007-04-30,1542.24,-0.28,-0.02,1538.69,1542.25,1530.67,315971,3965713,757287335
2007-05-02,1553.3,11.06,0.72,1550.39,1555.62,1546.6,274336,3733029,762668416
2007-05-03,1559.86,6.56,0.42,1563.42,1564.01,1555.28,249678,3753858,766002456
2007-05-04,1567.74,7.88,0.51,1563.16,1567.74,1556.62,254508,3935183,769854284
2007-05-07,1584.46,16.72,1.07,1574.86,1585.7,1574.86,434480,5046215,778164482
2007-05-08,1582.65,-1.81,-0.11,1585.52,1589.07,1577.18,384029,5264052,777296752
2007-05-09,1593.42,10.77,0.68,1582.91,1593.42,1578.58,358531,4351880,782537489
2007-05-10,1599.68,6.26,0.39,1602.56,1616.06,1599.68,408579,5542590,785464011
2007-05-11,1603.56,3.88,0.24,1588.09,1604.63,1582.76,373584,4791159,787338164
2007-05-14,1605.77,2.21,0.14,1612.73,1622.16,1599.87,477817,5108484,788460881
2007-05-15,1589.37,-16.4,-1.02,1600.91,1611.93,1589.24,480251,4655422,780588920
2007-05-16,1600.6,11.23,0.71,1591.07,1600.72,1586,417084,4448254,786362935
2007-05-17,1615.58,14.98,0.94,1614,1616,1608.21,450569,4737709,793737051
2007-05-18,1612.25,-3.33,-0.21,1613.12,1617.77,1600.24,454777,4477906,792089359
2007-05-21,1628.2,15.95,0.99,1602.64,1628.68,1602.64,512786,5238885,799849009
2007-05-22,1642.88,14.68,0.9,1634.09,1643.11,1627.01,529316,6465889,807518839
2007-05-23,1646.59,3.71,0.23,1647.44,1651.61,1638.36,447334,5201199,809266496
2007-05-25,1644.56,-2.03,-0.12,1629.18,1645.08,1627.59,375034,4585695,808153525
2007-05-28,1657.91,13.35,0.81,1650.53,1658.43,1646.15,379269,4554531,814512143
2007-05-29,1661.8,3.89,0.23,1663.32,1666.85,1653.24,495105,5677843,816191937
2007-05-30,1662.72,0.92,0.06,1661.83,1662.72,1638.03,488636,6690894,816292085
2007-05-31,1700.91,38.19,2.3,1683.35,1702.01,1677.78,497059,8014584,835119359
2007-06-01,1716.24,15.33,0.9,1712.97,1745.39,1707.75,615434,9309098,842898549
2007-06-04,1737.59,21.35,1.24,1734.27,1744.02,1713.5,465230,7880713,853448755
2007-06-05,1742.19,4.6,0.26,1735.87,1745.99,1721.02,488031,6974805,855668140
2007-06-07,1753.04,10.85,0.62,1722.47,1753.24,1717.3,496218,7266534,861058033
2007-06-08,1727.28,-25.76,-1.47,1735.96,1739.14,1717.18,503238,7885838,848720278
2007-06-11,1716.56,-10.72,-0.62,1740.46,1742.86,1709.96,475878,6993163,843532929
2007-06-12,1729.88,13.32,0.78,1714.54,1730.63,1712.13,431747,6356730,850001577
2007-06-13,1721.99,-7.89,-0.46,1721.37,1732.57,1714.76,715327,7280100,846341213
2007-06-14,1769.18,47.19,2.74,1742.12,1769.18,1740.7,580496,8619540,869643602
2007-06-15,1772.26,3.08,0.17,1772.03,1776.8,1762.22,539961,7955635,871116229
2007-06-18,1806.88,34.62,1.95,1786.29,1807.51,1784.44,613245,8458977,888201859
2007-06-19,1807.85,0.97,0.05,1813.53,1813.84,1797.18,650869,8672443,888550312
2007-06-20,1783.79,-24.06,-1.33,1812.82,1813.05,1778.26,685990,9598455,876754309
2007-06-21,1794.24,10.45,0.59,1775.48,1802.91,1770.17,579502,8649139,881833670
2007-06-22,1770.98,-23.26,-1.3,1801.2,1802.43,1759.95,531618,7940805,870672230
2007-06-25,1757.73,-13.25,-0.75,1754.2,1785.87,1747.86,394469,5799920,864306131
2007-06-26,1749.55,-8.18,-0.47,1762.48,1768.69,1732.44,401034,5320364,860123472
2007-06-27,1733.1,-16.45,-0.94,1749.01,1749.01,1724.82,306932,5255232,858668336
2007-06-28,1751.75,18.65,1.08,1745.82,1752.24,1737.93,282804,4728265,867495474
2007-06-29,1743.6,-8.15,-0.47,1755.84,1766.25,1742.88,281676,5390270,863539798
2007-07-02,1771.35,27.75,1.59,1741.41,1771.39,1736.63,302331,4649067,876984895
2007-07-03,1805.5,34.15,1.93,1791.69,1806.06,1787.45,401957,6992391,893667644
2007-07-04,1838.41,32.91,1.82,1815.77,1838.82,1814.44,417011,7481390,909782598
2007-07-05,1847.79,9.38,0.51,1841.56,1865.52,1836.93,534045,8360109,914601031
2007-07-06,1861.01,13.22,0.72,1855.03,1863.01,1838.75,414382,7222093,921687915
2007-07-09,1883.59,22.58,1.21,1870.35,1890.83,1865.79,430588,7122457,933302730
2007-07-10,1894.53,10.94,0.58,1887.35,1895.98,1881.36,406271,6499680,938214633
2007-07-11,1889.96,-4.57,-0.24,1880.71,1904.35,1875.43,473883,6425138,935996129
2007-07-12,1909.75,19.79,1.05,1897.59,1922.25,1897.59,445537,7069439,945854542
2007-07-13,1962.93,53.18,2.78,1946.08,1962.94,1941.55,507570,9444156,972432752
2007-07-16,1949.51,-13.42,-0.68,1965.66,1972.33,1932.86,519503,7897543,965372219
2007-07-18,1930.7,-18.81,-0.96,1953.25,1956.82,1930.51,634999,8563815,955874803
2007-07-19,1937.9,7.2,0.37,1935.1,1950.86,1922.14,586289,7064339,959077634
2007-07-20,1983.54,45.64,2.36,1949.5,1983.54,1939.69,638754,8173142,981677342
2007-07-23,1993.05,9.51,0.48,1978.05,1993.97,1968.55,538578,8115959,986403776
2007-07-24,1992.26,-0.79,-0.04,2001.52,2005.02,1975.75,589378,8341428,985856566
2007-07-25,2004.22,11.96,0.6,1992.16,2011.17,1962.16,588350,8733849,996520178
2007-07-26,1963.54,-40.68,-2.03,2012.04,2015.48,1963.46,617007,9324397,976275717
2007-07-27,1883.22,-80.32,-4.09,1924.01,1924.11,1863.39,517224,9264955,936695401
2007-07-30,1906.71,23.49,1.25,1874.08,1906.71,1859.12,386210,6709264,948229021
2007-07-31,1933.27,26.56,1.39,1915.45,1933.27,1899.56,373768,6763413,961205968
2007-08-01,1856.45,-76.82,-3.97,1920.07,1920.07,1836.28,389623,8152282,923182724
2007-08-02,1853.07,-3.38,-0.18,1874.98,1890.81,1810.62,371815,6901890,921501242
2007-08-03,1876.8,23.73,1.28,1875.07,1890.63,1865.75,350262,5883600,933494967
2007-08-06,1855.05,-21.75,-1.16,1832.54,1855.36,1829.22,325170,5105465,922288882
2007-08-07,1859.82,4.77,0.26,1888.58,1888.76,1849.68,315654,5157645,924748773
2007-08-08,1903.41,43.59,2.34,1879.61,1905.22,1873.99,381959,6382810,946292662
2007-08-09,1908.68,5.27,0.28,1923.99,1928.64,1899.32,413873,6870340,949036104
2007-08-10,1828.49,-80.19,-4.2,1853.22,1854.62,1814.3,388049,7147241,909349573
2007-08-13,1849.26,20.77,1.14,1840.89,1849.31,1820.96,330052,5038303,919549657
2007-08-14,1817.89,-31.37,-1.7,1841.15,1857.13,1801.07,405732,5747447,904214176
2007-08-16,1691.98,-125.91,-6.93,1754.19,1755.32,1681.71,508224,8453547,841535086
2007-08-17,1638.07,-53.91,-3.19,1702.66,1705.17,1626.87,493204,7384079,815188117
2007-08-20,1731.27,93.2,5.69,1700.48,1732.39,1693.42,366720,6100631,861307667
2007-08-21,1736.18,4.91,0.28,1740.85,1764.25,1721.18,458897,5616686,864115351
2007-08-22,1759.5,23.32,1.34,1741.93,1764.61,1737.06,402645,5138706,875565596
2007-08-23,1799.72,40.22,2.29,1801.48,1816.19,1795.07,394699,5998596,895478946
2007-08-24,1791.33,-8.39,-0.47,1793.17,1802.71,1775.07,376032,4943015,891322272
2007-08-27,1803.03,11.7,0.65,1825.97,1834.65,1802.58,366028,5081557,896921597
2007-08-28,1829.31,26.28,1.46,1806.58,1829.43,1792.07,414126,5809555,910058741
2007-08-29,1826.19,-3.12,-0.17,1773.59,1831.23,1773.05,385911,7088010,908178142
2007-08-30,1841.7,15.51,0.85,1859.45,1866.32,1836.09,423271,5933556,916037898
2007-08-31,1873.24,31.54,1.71,1844.28,1873.35,1844.09,360374,6233831,932094723
2007-09-03,1881.81,8.57,0.46,1876.92,1881.92,1863.21,385653,4996488,936433215
2007-09-04,1874.74,-7.07,-0.38,1881.17,1899.66,1871.87,425711,5555060,933129786
2007-09-05,1865.59,-9.15,-0.49,1883.83,1898.67,1859.52,382865,5721469,928713282
2007-09-06,1888.81,23.22,1.24,1862,1889.06,1844.64,447294,5393110,939977420
2007-09-07,1884.9,-3.91,-0.21,1886.6,1899.04,1869.56,392541,5389721,937978022
2007-09-10,1835.87,-49.03,-2.6,1845.59,1846.82,1811.34,360191,4845629,913891169
2007-09-11,1847.36,11.49,0.63,1844.68,1851.35,1827.9,420500,4876982,919635804
2007-09-12,1813.52,-33.84,-1.83,1853.94,1855.31,1813.33,433936,5062684,902984976
2007-09-13,1848.02,34.5,1.9,1817.87,1848.99,1805.88,338425,5821322,920031684
2007-09-14,1870.02,22,1.19,1856.17,1875.95,1849.37,373101,5520770,930664143
2007-09-17,1871.68,1.66,0.09,1873.65,1876.04,1853.45,315811,4392704,931362951
2007-09-18,1838.61,-33.07,-1.77,1867.61,1870.83,1837.22,403835,4954222,915174630
2007-09-19,1902.65,64.04,3.48,1892.78,1905.75,1886.95,480112,7314068,946771680
2007-09-20,1908.97,6.32,0.33,1902.23,1915.19,1894.76,441854,6528881,949815806
2007-09-21,1919.26,10.29,0.54,1909.37,1921.23,1902.11,440059,6278585,958785804
2007-09-27,1945.28,26.02,1.36,1944.87,1952.39,1935.02,394523,7229451,971904679
2007-09-28,1946.48,1.2,0.06,1950.99,1951.18,1936.86,541690,6499427,974020973
2007-10-01,1962.67,16.19,0.83,1948.78,1970.11,1946.13,436097,5634609,981846480
2007-10-02,2014.09,51.42,2.62,1991,2014.96,1981.64,473922,8245322,1007258954
2007-10-04,2003.6,-10.49,-0.52,1998.56,2013.21,1992.01,462563,8422175,1001814167
2007-10-05,1996.03,-7.57,-0.38,2007.84,2009.68,1990.82,380390,6684696,998143428
2007-10-08,2012.82,16.79,0.84,2020.34,2022.01,2002.43,504195,7927066,1006408166
2007-10-09,2014.13,1.31,0.07,2014.94,2022.87,1995.05,471522,7502359,1006836849
2007-10-10,2041.12,26.99,1.34,2033.69,2044.78,2026.9,368708,7359374,1015407986
2007-10-11,2058.85,17.73,0.87,2040.35,2058.87,2033.45,519170,10559757,1024157539
2007-10-12,2026.44,-32.41,-1.57,2047.67,2057.39,2020.8,456901,9210526,1008420006
2007-10-15,2035.39,8.95,0.44,2043.93,2047.02,2012.04,383874,7581267,1012677631
2007-10-16,2005.76,-29.63,-1.46,2014.36,2042.84,2001.3,548706,10559119,997749792
2007-10-17,1983.94,-21.82,-1.09,2000.39,2009.67,1933.82,507310,9224439,987294979
2007-10-18,2005.09,21.15,1.07,1989.6,2012.32,1977.5,426885,8825588,997707725
2007-10-19,1970.1,-34.99,-1.75,2003.27,2003.27,1970.1,390278,7486608,980662224
2007-10-22,1903.81,-66.29,-3.36,1901.15,1910.19,1875.23,354483,7092173,948030824
2007-10-23,1947.98,44.17,2.32,1936.92,1952.32,1909.61,371171,7292644,970713597
2007-10-24,1933.36,-14.62,-0.75,1966.55,2003.2,1923.07,481128,9259531,963437067
2007-10-25,1976.75,43.39,2.24,1967.08,1982.19,1941.05,453612,8222139,985029867
2007-10-26,2028.06,51.31,2.6,1987.2,2028.07,1968.82,438858,9288449,1010724611
2007-10-29,2062.92,34.86,1.72,2051.62,2070.86,2044.09,481228,9173176,1028026869
2007-10-30,2052.37,-10.55,-0.51,2058.78,2066,2037.75,402154,7829129,1023074945
2007-10-31,2064.85,12.48,0.61,2052.6,2065.53,2043.93,365439,7821071,1029274303
2007-11-01,2063.14,-1.71,-0.08,2085.33,2085.45,2048.68,401963,8935810,1028595503
2007-11-02,2019.34,-43.8,-2.12,2014.65,2049.62,2014.65,388387,8907541,1006894558
2007-11-05,2015.76,-3.58,-0.18,2025.04,2027.21,1992.24,300210,7328976,1005070867
2007-11-06,2054.24,38.48,1.91,2023.41,2055.53,2020.24,312248,7473608,1024273450
2007-11-07,2043.19,-11.05,-0.54,2074.18,2085.03,2043.19,339566,8723994,1019301035
2007-11-08,1979.56,-63.63,-3.11,2009.64,2022.61,1971.95,330636,8614072,990419276
2007-11-09,1990.47,10.91,0.55,2001.11,2017.37,1968.86,366608,8905293,995913463
2007-11-12,1923.42,-67.05,-3.37,1957.78,1957.78,1901.87,312694,7030307,963078394
2007-11-13,1932.89,9.47,0.49,1928.78,1935.93,1887.76,394895,7429444,967515055
2007-11-14,1972.58,39.69,2.05,1982.93,1984.84,1956.9,362094,7934955,987164610
2007-11-15,1947.74,-24.84,-1.26,1970.13,1985.38,1932.03,367679,7999286,974610896
2007-11-16,1926.2,-21.54,-1.11,1916.88,1928.93,1890.25,304256,6435347,963723108
2007-11-19,1893.47,-32.73,-1.7,1936.38,1936.5,1892.87,292324,5175289,947541137
2007-11-20,1872.24,-21.23,-1.12,1853.41,1875.46,1819.18,331755,6268520,936940517
2007-11-21,1806.99,-65.25,-3.49,1865.91,1875.98,1803.77,307454,6427691,904570945
2007-11-22,1799.02,-7.97,-0.44,1790.25,1815.33,1771.39,306221,6055858,900834314
2007-11-23,1772.88,-26.14,-1.45,1806.02,1820.61,1745.26,326672,7650114,888337579
2007-11-26,1855.33,82.45,4.65,1803.76,1855.33,1795,290919,6342464,929072627
2007-11-27,1859.79,4.46,0.24,1813.09,1865.69,1787.95,338312,7466149,930981694
2007-11-28,1834.69,-25.1,-1.35,1881.86,1883.99,1833.8,324837,6069295,918531802
2007-11-29,1877.56,42.87,2.34,1885.32,1891.45,1871.59,347704,6486133,940222687
2007-11-30,1906,28.44,1.51,1886.58,1918.12,1884.92,339308,6735347,953827057
2007-12-03,1902.43,-3.57,-0.19,1907.95,1912.71,1888.08,291554,4871953,951957650
2007-12-04,1917.83,15.4,0.81,1904.33,1921.83,1901.51,288561,5133442,959877660
2007-12-05,1938.2,20.37,1.06,1911.92,1945.03,1905.65,310281,5361085,970217824
2007-12-06,1953.17,14.97,0.77,1965.89,1972.37,1946.13,339167,6975440,978371993
2007-12-07,1934.32,-18.85,-0.97,1969.49,1969.56,1934.32,361150,6203904,968499894
2007-12-10,1906.42,-27.9,-1.44,1930.36,1935.86,1900.95,284759,5462691,954938808
2007-12-11,1925.07,18.65,0.98,1922.66,1929.71,1904.21,264531,4875312,964153154
2007-12-12,1927.45,2.38,0.12,1887.5,1928.77,1887.23,314547,5669074,965107103
2007-12-13,1915.9,-11.55,-0.6,1921.65,1937.5,1897.25,328586,7124384,959471847
2007-12-14,1895.05,-20.85,-1.09,1914.47,1921.53,1877.27,301462,5323501,949893653
2007-12-17,1839.82,-55.23,-2.91,1873.15,1886.39,1839.58,282472,4814299,922780652
2007-12-18,1861.47,21.65,1.18,1821.3,1869.71,1808.86,277037,5319219,933806477
2007-12-20,1844.37,-17.1,-0.92,1878.59,1882.61,1843.73,401817,5893808,925285010
2007-12-21,1878.32,33.95,1.84,1855.06,1878.32,1832.34,362582,5644607,942224558
2007-12-24,1919.47,41.15,2.19,1899.2,1921.39,1894.79,317065,5192200,963218641
2007-12-26,1906.72,-12.75,-0.66,1924.91,1926.09,1901.91,260977,3901140,956993648
2007-12-27,1908.62,1.9,0.1,1901.93,1915.19,1891.29,235851,3868743,957481584
2007-12-28,1897.13,-11.49,-0.6,1892.56,1911.67,1890.81,229424,3682481,951904852
2008-01-02,1853.45,-43.68,-2.3,1891.45,1892.5,1852.78,247086,4536509,929976275
2008-01-03,1852.73,-0.72,-0.04,1834.44,1858.08,1821.61,253668,4534043,929548593
2008-01-04,1863.9,11.17,0.6,1853.54,1869.76,1824.41,299084,5651997,934853851
2008-01-07,1831.14,-32.76,-1.76,1815.73,1840.99,1814.35,268130,5303419,918362010
2008-01-08,1826.23,-4.91,-0.27,1838.64,1840.62,1818.69,296574,5356822,915751031
2008-01-09,1844.47,18.24,1,1802.06,1844.47,1794.15,277671,5323531,924705054
2008-01-10,1824.78,-19.69,-1.07,1847.94,1855.07,1824.78,315477,5435825,914757529
2008-01-11,1782.27,-42.51,-2.33,1844.57,1847.11,1776.26,280815,5183153,893723886
2008-01-14,1765.88,-16.39,-0.92,1781,1790.69,1754.13,249324,4592832,885783744
2008-01-15,1746.95,-18.93,-1.07,1781.53,1781.53,1723.14,295548,5665290,876623377
2008-01-16,1704.97,-41.98,-2.4,1715.97,1735.51,1701.32,295614,5614035,856018429
2008-01-17,1723.55,18.58,1.09,1726.03,1732.64,1687.1,296032,6129199,865696689
2008-01-18,1734.72,11.17,0.65,1689.28,1737.42,1684.39,287709,6028941,871159577
2008-01-21,1683.56,-51.16,-2.95,1723.95,1724.39,1673.42,286056,5698908,845748322
2008-01-22,1609.02,-74.54,-4.43,1628.92,1636.06,1578.37,316867,6950698,809205167
2008-01-23,1628.42,19.4,1.21,1652.62,1659.28,1604.54,272142,5862541,818671942
2008-01-24,1663,34.58,2.12,1663.36,1675.69,1649,270633,5395267,836009576
2008-01-25,1692.41,29.41,1.77,1682.93,1692.66,1674.21,272610,5563911,850571892
2008-01-28,1627.19,-65.22,-3.85,1668.07,1674.47,1620.9,259313,4547424,817859881
2008-01-29,1637.91,10.72,0.66,1657.9,1662.9,1622.52,275313,5216166,823507595
2008-01-30,1589.06,-48.85,-2.98,1653,1653.2,1578.29,380515,6363488,799307288
2008-01-31,1624.68,35.62,2.24,1582.19,1630.12,1570.87,334128,6187301,817429349
2008-02-01,1634.53,9.85,0.61,1645.05,1648.97,1619.65,308087,5139661,822252076
2008-02-04,1690.13,55.6,3.4,1655.78,1696.56,1655.78,333083,6129601,850344590
2008-02-05,1696.57,6.44,0.38,1686.2,1697.99,1680.39,253903,4127329,853677304
2008-02-11,1640.67,-55.9,-3.29,1648.51,1651.72,1633.46,234302,4218251,825505784
2008-02-12,1643.29,2.62,0.16,1653.6,1654.62,1641.05,291250,4203481,826699362
2008-02-13,1631.78,-11.51,-0.7,1663.29,1663.95,1629.57,318951,4249391,820789903
2008-02-14,1697.45,65.67,4.02,1660.45,1697.45,1660.45,503946,6002492,853234036
2008-02-15,1694.77,-2.68,-0.16,1672.39,1696.37,1668.41,485515,5318658,851720907
2008-02-18,1696.24,1.47,0.09,1701.75,1714.2,1681.02,374014,4430315,852299332
2008-02-19,1720.52,24.28,1.43,1717.1,1722.71,1708.93,362834,4738934,864578393
2008-02-20,1687.91,-32.61,-1.9,1704.66,1718.15,1683.7,321609,4964972,848413696
2008-02-21,1704.36,16.45,0.97,1708.01,1713.64,1694.58,241930,4453871,856877925
2008-02-22,1686.45,-17.91,-1.05,1687.63,1687.63,1670.69,281412,3852821,848202015
2008-02-25,1709.13,22.68,1.34,1701.75,1715,1701.64,299192,4104318,859289000
2008-02-26,1709.13,0,0,1724.55,1726.47,1704.5,283721,4638114,859063156
2008-02-27,1720.89,11.76,0.69,1725.96,1732.8,1715.81,306567,5031966,864795166
2008-02-28,1736.17,15.28,0.89,1726.08,1739.6,1713.25,257437,4459475,872483014
2008-02-29,1711.62,-24.55,-1.41,1717.69,1721.85,1708.21,315819,4331079,860219016
2008-03-03,1671.73,-39.89,-2.33,1676.3,1676.3,1657.79,237090,4210737,840446102
2008-03-04,1676.18,4.45,0.27,1677.1,1686.59,1665.1,278568,3845661,842463610
2008-03-05,1677.1,0.92,0.05,1680.63,1687.2,1667.87,263575,4087173,842993587
2008-03-06,1697.44,20.34,1.21,1681.39,1705.97,1680.11,359686,5151448,853162112
2008-03-07,1663.97,-33.47,-1.97,1682.17,1682.17,1650.74,304211,4430484,836328136
2008-03-10,1625.17,-38.8,-2.33,1634.42,1650.56,1621.4,318105,4427381,817204155
2008-03-11,1641.48,16.31,1,1605.31,1643.66,1602.35,279827,4753173,825482817
2008-03-12,1658.83,17.35,1.06,1685.44,1687.63,1658.17,325278,5210320,834088626
2008-03-13,1615.62,-43.21,-2.6,1657.21,1657.21,1609.17,309591,6403081,812767606
2008-03-14,1600.26,-15.36,-0.95,1637.78,1638.66,1578.45,297668,5436128,805448243
2008-03-17,1574.44,-25.82,-1.61,1588.53,1588.53,1537.53,298745,5420380,792788474
2008-03-18,1588.75,14.31,0.91,1585.32,1590.28,1566.96,243063,4705743,799790556
2008-03-19,1622.23,33.48,2.11,1626.28,1632.68,1614.96,280388,5227298,816791029
2008-03-20,1623.39,1.16,0.07,1602.29,1624.48,1592.94,243414,4385164,817680015
2008-03-21,1645.69,22.3,1.37,1644.05,1645.78,1634.51,283935,4496027,831350054
2008-03-24,1655.3,9.61,0.58,1653.82,1663.57,1645.89,258053,3882817,835741654
2008-03-25,1674.93,19.63,1.19,1676.74,1680.77,1667.93,319950,5571590,845519164
2008-03-26,1679.67,4.74,0.28,1676.81,1681.91,1670.31,280421,4864355,847818825
2008-03-27,1676.24,-3.43,-0.2,1671.98,1677.31,1660.45,257894,4411854,846330535
2008-03-28,1701.83,25.59,1.53,1671.06,1704.28,1670.89,350467,5544014,860314349
2008-03-31,1703.99,2.16,0.13,1705.17,1709.31,1685.19,291721,4728878,861436159
2008-04-01,1702.25,-1.74,-0.1,1701.64,1717.83,1694.53,320398,5813612,860679690
2008-04-02,1742.19,39.94,2.35,1738.64,1743.54,1734.42,326487,7298295,881034902
2008-04-03,1763.63,21.44,1.23,1745.72,1765.53,1742.43,253832,5981318,891829237
2008-04-04,1766.49,2.86,0.16,1762.94,1768.06,1756.74,256797,5450599,893297697
2008-04-07,1773.56,7.07,0.4,1769.74,1786.57,1763.38,275341,5540921,896765705
2008-04-08,1754.71,-18.85,-1.06,1770.98,1770.98,1749.64,267227,4837868,887251362
2008-04-10,1764.64,9.93,0.57,1745.6,1764.64,1735.78,214922,5276088,892667512
2008-04-11,1779.71,15.07,0.85,1768.13,1779.92,1759.29,272362,5773947,900501895
2008-04-14,1746.71,-33,-1.85,1746.88,1755.28,1739.03,223464,4877784,883946118
2008-04-15,1742.17,-4.54,-0.26,1749.29,1754.3,1734.13,238471,4876693,881370737
2008-04-16,1758.56,16.39,0.94,1757.83,1765.81,1753.79,286331,5220645,889516498
2008-04-17,1768.67,10.11,0.57,1782.51,1783.85,1765.59,265022,5564280,894632415
2008-04-18,1771.9,3.23,0.18,1772.89,1778.81,1762.94,237574,5537014,896224611
2008-04-21,1800.48,28.58,1.61,1793.19,1802.81,1791.4,299017,5752647,913156265
2008-04-22,1787.49,-12.99,-0.72,1799.72,1803.35,1785.47,346695,6221896,906985380
2008-04-23,1800.79,13.3,0.74,1784.23,1809.02,1784.23,340432,6642905,913385251
2008-04-24,1799.34,-1.45,-0.08,1808.88,1812.62,1794.64,497247,6453370,912928995
2008-04-25,1824.68,25.34,1.41,1809,1825.83,1809,328040,6563578,926030579
2008-04-28,1823.17,-1.51,-0.08,1829.45,1831.84,1814.2,371632,6361912,925583478
2008-04-29,1811.51,-11.66,-0.64,1829.01,1831.23,1803.08,272358,5073606,919714637
2008-04-30,1825.47,13.96,0.77,1808.74,1825.58,1803.49,244969,5273227,926729919
2008-05-02,1848.27,22.8,1.25,1851.64,1851.64,1843.14,267833,6050031,938343046
2008-05-06,1859.06,10.79,0.58,1849.81,1859.27,1843.36,303687,5948015,943866663
2008-05-07,1854.01,-5.05,-0.27,1863.77,1868.09,1839.76,384072,6699854,941276768
2008-05-08,1848,-6.01,-0.32,1831.17,1854.55,1830.46,319209,6151300,938122437
2008-05-09,1823.7,-24.3,-1.31,1854.73,1854.73,1818.27,280073,5886208,925752947
2008-05-13,1842.8,19.1,1.05,1829.37,1842.8,1813.98,265301,5767479,935576536
2008-05-14,1843.75,0.95,0.05,1841.44,1848.02,1828.07,297693,5828236,935951702
2008-05-15,1885.71,41.96,2.28,1852.74,1886.95,1852.67,414795,7361245,957148601
2008-05-16,1888.88,3.17,0.17,1893.99,1899.57,1882.69,301670,6922364,958637666
2008-05-19,1885.37,-3.51,-0.19,1893.54,1901.13,1875.05,355996,7004371,956491008
2008-05-20,1873.15,-12.22,-0.65,1886.52,1889.85,1857.05,336306,6290038,950155036
2008-05-21,1847.51,-25.64,-1.37,1848.97,1861.58,1844.95,315979,6291083,937346379
2008-05-22,1835.42,-12.09,-0.65,1826.06,1836.63,1810.68,357259,5682712,931402443
2008-05-23,1827.94,-7.48,-0.41,1836.42,1840.78,1826.16,299062,4761917,927423226
2008-05-26,1800.58,-27.36,-1.5,1813.63,1820.74,1791.4,281848,5344161,913258661
2008-05-27,1825.23,24.65,1.37,1806.2,1825.48,1806.2,260268,4700274,925831632
2008-05-28,1805.64,-19.59,-1.07,1835.38,1835.71,1802.01,299607,5248713,915885585
2008-05-29,1841.22,35.58,1.97,1819.33,1842.56,1819.33,298969,5182248,934434306
2008-05-30,1852.02,10.8,0.59,1846.98,1852.36,1833.42,287614,6235361,940202138
2008-06-02,1847.53,-4.49,-0.24,1848.3,1853.5,1831.66,234491,4523619,937752742
2008-06-03,1819.39,-28.14,-1.52,1832.31,1836.71,1814.5,258921,4860514,923646822
2008-06-04,1833.81,14.42,0.79,1821.3,1836.13,1813.12,235894,4254572,930882378
2008-06-05,1832.31,-1.5,-0.08,1830.14,1832.82,1816.35,274963,4966611,930285342
2008-06-09,1808.96,-23.35,-1.27,1787.9,1810.21,1785.16,249281,4984032,918077866
2008-06-10,1774.38,-34.58,-1.91,1813.36,1814.06,1765.35,322795,5387114,900231545
2008-06-11,1781.67,7.29,0.41,1781.14,1786.98,1760.66,282785,5028261,904488738
2008-06-12,1739.36,-42.31,-2.37,1755.9,1761.29,1739.36,379808,6840657,883203044
2008-06-13,1747.35,7.99,0.46,1753.67,1760.72,1730.25,402038,5522861,887347146
2008-06-16,1760.82,13.47,0.77,1763.86,1768.63,1755.55,375412,4698238,894239527
2008-06-17,1750.71,-10.11,-0.57,1766.34,1767.5,1738.71,334938,4892638,889169877
2008-06-18,1774.13,23.42,1.34,1745.5,1775.11,1742.68,343036,4364611,900921607
2008-06-19,1740.72,-33.41,-1.88,1756.36,1757.26,1731.51,401514,4728264,883817784
2008-06-20,1731,-9.72,-0.56,1752.95,1755.6,1723.41,331019,4305860,879059015
2008-06-23,1715.59,-15.41,-0.89,1705.61,1720.74,1694.79,303198,3768630,871064720
2008-06-24,1710.84,-4.75,-0.28,1706.92,1717.23,1699.81,364191,3991618,868644430
2008-06-25,1717.79,6.95,0.41,1710.45,1717.81,1695.01,345354,4210481,872031355
2008-06-26,1717.66,-0.13,-0.01,1717.57,1734.86,1714.38,328760,3978597,872212300
2008-06-27,1684.45,-33.21,-1.93,1673.27,1685.88,1669.69,285310,4113655,855523338
2008-06-30,1674.92,-9.53,-0.57,1682.86,1689.61,1671.11,261908,3895068,850869791
2008-07-01,1666.46,-8.46,-0.51,1675.7,1681.45,1652.03,278016,4318385,846782934
2008-07-02,1623.6,-42.86,-2.57,1665.52,1667.97,1607.88,335994,5328049,824930601
2008-07-03,1606.54,-17.06,-1.05,1591.21,1616.65,1580.83,352001,5808380,816360745
2008-07-04,1577.94,-28.6,-1.78,1604.47,1610.65,1574.6,246967,4117223,802124180
2008-07-07,1579.72,1.78,0.11,1568.25,1583.49,1560,250026,4208847,803001170
2008-07-08,1533.47,-46.25,-2.93,1577.04,1577.04,1509.2,332006,5349507,779600271
2008-07-09,1519.38,-14.09,-0.92,1557.07,1563.07,1519.05,328759,5263335,772642472
2008-07-10,1537.43,18.05,1.19,1498.78,1542.34,1495.44,354190,6280549,781213395
2008-07-11,1567.51,30.08,1.96,1543.01,1573.06,1526.67,326548,5117491,796393761
2008-07-14,1558.62,-8.89,-0.57,1562.88,1581.7,1554.01,257134,3834949,791823275
2008-07-15,1509.33,-49.29,-3.16,1550.95,1550.95,1506.41,297854,4684395,766906301
2008-07-16,1507.4,-1.93,-0.13,1518.57,1529.87,1488.75,296909,4991655,765962456
2008-07-17,1525.56,18.16,1.2,1541.38,1546.84,1524.85,319703,4589686,775482355
2008-07-18,1509.99,-15.57,-1.02,1542.73,1542.91,1504,304143,4128175,767647384
2008-07-21,1562.92,52.93,3.51,1530.68,1569.45,1530.05,296053,5139684,794472317
2008-07-22,1561.23,-1.69,-0.11,1551.09,1563.75,1549,252499,3453753,793477378
2008-07-23,1591.76,30.53,1.96,1586.27,1598.89,1577.94,351645,5508271,808760512
2008-07-24,1626.14,34.38,2.16,1603.52,1627.87,1603.24,347692,5926643,826738890
2008-07-25,1597.93,-28.21,-1.73,1595.28,1610.45,1589.48,266624,4371263,811865458
2008-07-28,1598.29,0.36,0.02,1609.57,1611.15,1588.56,252278,3987682,811751990
2008-07-29,1567.2,-31.09,-1.95,1572.16,1573.62,1542.89,261583,4183630,795832554
2008-07-30,1577.7,10.5,0.67,1594.04,1595.84,1572.17,265698,4752420,801083992
2008-07-31,1594.67,16.97,1.08,1583.99,1600.15,1577.81,233013,4212757,809816924
2008-08-01,1573.77,-20.9,-1.31,1578.55,1587.49,1562.29,231176,3325915,799270324
2008-08-04,1543.05,-30.72,-1.95,1567.01,1571.23,1531.52,246520,4214140,783995139
2008-08-05,1535.54,-7.51,-0.49,1540.32,1556.96,1533.43,244785,5226108,780386410
2008-08-06,1578.71,43.17,2.81,1567.3,1580.25,1560.88,276646,4666220,802342384
2008-08-07,1564,-14.71,-0.93,1577.36,1582.51,1553.21,219017,4045087,794876682
2008-08-08,1568.72,4.72,0.3,1547.7,1573.18,1544.1,221286,3784312,797522970
2008-08-11,1581.09,12.37,0.79,1592.3,1597.31,1581.09,254545,4356404,803931168
2008-08-12,1577.12,-3.97,-0.25,1581.1,1590.12,1570.88,251632,4331103,802218809
2008-08-13,1562.72,-14.4,-0.91,1572.87,1581.46,1553.94,231584,3360028,794925096
2008-08-14,1572.19,9.47,0.61,1553.65,1578.3,1553.65,247613,3722498,799621225
2008-08-18,1567.71,-4.48,-0.28,1579.13,1582.76,1561.57,260761,3451217,797393307
2008-08-19,1541.41,-26.3,-1.68,1554.21,1554.92,1528.31,261101,3396236,784007020
2008-08-20,1540.71,-0.7,-0.05,1531.87,1549.53,1524.87,243671,3709528,783464869
2008-08-21,1512.59,-28.12,-1.83,1539.55,1540.45,1511.69,259521,3847210,769165880
2008-08-22,1496.91,-15.68,-1.04,1508.67,1508.67,1477.55,226289,3728779,761543262
2008-08-25,1502.11,5.2,0.35,1505.13,1510.98,1496.63,198259,2910298,764174867
2008-08-26,1490.25,-11.86,-0.79,1477.04,1502.33,1474.64,213144,3213614,758015799
2008-08-27,1493.92,3.67,0.25,1498.09,1498.38,1466.46,241559,3858482,759732746
2008-08-28,1474.15,-19.77,-1.32,1503.26,1503.74,1473,216133,3312920,749839991
2008-08-29,1474.24,0.09,0.01,1488.25,1496.14,1470.87,242101,4211238,749708047
2008-09-01,1414.43,-59.81,-4.06,1453.14,1456.69,1413.43,316593,5106949,719463209
2008-09-02,1407.14,-7.29,-0.52,1418.26,1430.43,1392.55,373371,5532256,715856580
2008-09-03,1426.89,19.75,1.4,1403.89,1430.94,1396.13,367103,5216023,725934030
2008-09-04,1426.43,-0.46,-0.03,1421.16,1436.62,1409.33,372856,4833338,725693109
2008-09-05,1404.38,-22.05,-1.55,1394.39,1415.24,1393.33,298481,4260938,714818421
2008-09-08,1476.65,72.27,5.15,1437.59,1481.41,1437.59,399130,6313141,751477026
2008-09-09,1454.5,-22.15,-1.5,1469.54,1469.54,1446.53,443712,4771899,740155186
2008-09-10,1464.98,10.48,0.72,1432.9,1466.26,1430.05,421193,5556284,745305074
2008-09-11,1443.24,-21.74,-1.48,1459.69,1467.9,1439.38,363000,6218479,734653780
2008-09-12,1477.92,34.68,2.4,1468.41,1480.77,1463.58,311745,4858826,752029471
2008-09-16,1387.75,-90.17,-6.1,1381.24,1401.79,1372.55,392767,6479890,706231239
2008-09-17,1425.26,37.51,2.7,1420.49,1441.24,1412.6,398283,5957721,725240457
2008-09-18,1392.42,-32.84,-2.3,1385.47,1400.35,1366.88,413389,5847238,708515614
2008-09-19,1455.78,63.36,4.55,1441.31,1464.59,1435.72,468688,7957749,740851961
2008-09-22,1460.34,4.56,0.31,1472.08,1488.94,1457.1,354333,6229580,743004947
2008-09-23,1481.37,21.03,1.44,1447.9,1484.01,1445.5,470350,5194237,753691668
2008-09-24,1495.98,14.61,0.99,1479.04,1501.09,1472.31,498529,5850679,760831553
2008-09-25,1501.63,5.65,0.38,1487.73,1503.83,1469.23,419073,4864241,763600120
2008-09-26,1476.33,-25.3,-1.68,1492.42,1498.74,1469.83,405920,4552646,750852869
2008-09-29,1456.36,-19.97,-1.35,1491.11,1496.3,1449.33,365883,5387460,740932826
2008-09-30,1448.06,-8.3,-0.57,1383.97,1448.06,1376.72,412809,5688304,736656677
2008-10-01,1439.67,-8.39,-0.58,1453.4,1453.4,1429.57,314216,4179224,732343388
2008-10-02,1419.65,-20.02,-1.39,1450.16,1458.68,1410.35,317945,4317459,721994011
2008-10-06,1358.75,-60.9,-4.29,1389.68,1389.68,1351.72,312409,4955439,690790213
2008-10-07,1366.1,7.35,0.54,1340.92,1371.24,1321.81,349569,4760385,694872179
2008-10-08,1286.69,-79.41,-5.81,1323.96,1334.34,1281.47,431464,5094486,654743366
2008-10-09,1294.89,8.2,0.64,1289.67,1324.36,1274.46,451806,5633517,658747133
2008-10-10,1241.47,-53.42,-4.13,1248.53,1248.53,1178.51,461328,6401421,630980393
2008-10-13,1288.53,47.06,3.79,1272.95,1294.19,1252.44,384723,5584517,654419622
2008-10-14,1367.69,79.16,6.14,1342.31,1367.7,1339.86,460906,7010091,694481312
2008-10-15,1340.28,-27.41,-2,1338.46,1353.44,1327.42,347683,4925895,680544221
2008-10-16,1213.78,-126.5,-9.44,1258.38,1265.85,1205.14,409091,6167399,616479619
2008-10-17,1180.67,-33.11,-2.73,1245.15,1245.15,1166.88,420175,6546068,599693166
2008-10-20,1207.63,26.96,2.28,1195.9,1211.09,1149.39,373015,5674673,613068936
2008-10-21,1196.1,-11.53,-0.95,1223.75,1232.73,1181.88,389190,4763303,607423140
2008-10-22,1134.59,-61.51,-5.14,1190.5,1195.28,1095.56,374866,5250110,576364087
2008-10-23,1049.71,-84.88,-7.48,1089.57,1089.57,1028.5,401512,5361378,533588134
2008-10-24,938.75,-110.96,-10.57,1051.58,1051.92,925.57,443157,5459814,477323772
2008-10-27,946.45,7.7,0.82,937.18,966.41,892.16,540708,5871936,481183231
2008-10-28,999.16,52.71,5.57,916.85,1012.73,901.49,649429,6296119,507841856
2008-10-29,968.97,-30.19,-3.02,1047.48,1078.33,920.35,763398,8290018,492925488
2008-10-30,1084.72,115.75,11.95,1036.83,1094.89,992.89,621628,7404484,551937616
2008-10-31,1113.06,28.34,2.61,1083.14,1158.66,1061.46,864750,9147277,566438074
2008-11-03,1129.08,16.02,1.44,1117.13,1158.87,1109.32,568247,7181994,574510849
2008-11-04,1153.35,24.27,2.15,1135.53,1154.45,1114.41,603573,6798275,586688635
2008-11-05,1181.5,28.15,2.44,1184.92,1217.82,1159.67,790191,7965854,600742674
2008-11-06,1092.22,-89.28,-7.56,1133.78,1140.85,1081.79,657626,5363601,555819652
2008-11-07,1134.49,42.27,3.87,1054.35,1134.5,1038.72,846308,6929645,577271038
2008-11-10,1152.46,17.97,1.58,1152.26,1165.57,1124.13,717484,7372464,585579198
2008-11-11,1128.73,-23.73,-2.06,1133.34,1160.3,1114.5,600726,5831800,573530673
2008-11-12,1123.86,-4.87,-0.43,1103.88,1143.18,1096.63,605657,5051821,571044100
2008-11-13,1088.44,-35.42,-3.15,1074.75,1088.46,1040.34,566759,5351352,553416774
2008-11-14,1088.26,-0.18,-0.02,1126.94,1129.4,1078.44,440486,5068481,552945921
2008-11-17,1078.32,-9.94,-0.91,1074.33,1104.66,1050.4,413383,4846331,547801136
2008-11-18,1036.16,-42.16,-3.91,1053.29,1075.68,1036.1,377420,4134786,526682685
2008-11-19,1016.82,-19.34,-1.87,1038.74,1038.74,994.57,404607,4218378,516910707
2008-11-20,948.69,-68.13,-6.7,967.46,984.51,947.44,424070,3956358,482685318
2008-11-21,1003.73,55.04,5.8,929.74,1013.12,914.02,602106,5092689,510550163
2008-11-24,970.14,-33.59,-3.35,996.23,1014.49,969.49,464191,4778959,493488334
2008-11-25,983.32,13.18,1.36,1016.09,1029.46,966.28,486154,5425508,500054958
2008-11-26,1029.78,46.46,4.72,993.07,1030.7,993.07,515467,5155322,523345453
2008-11-27,1063.48,33.7,3.27,1058.63,1070.67,1046.46,563630,5976241,541176043
2008-11-28,1076.07,12.59,1.18,1066.84,1084.03,1061.52,555247,5186234,554122786
2008-12-01,1058.62,-17.45,-1.62,1074,1083.01,1058.62,627338,4672824,544318157
2008-12-02,1023.2,-35.42,-3.35,1007.71,1038.41,1007.26,421112,4093920,526172571
2008-12-03,1022.67,-0.53,-0.05,1038.41,1038.41,1013.56,478715,5310410,525758966
2008-12-04,1006.54,-16.13,-1.58,1042.16,1042.16,997,402238,4449877,517646154
2008-12-05,1028.13,21.59,2.14,1017.48,1032.68,1008.3,401605,3668501,528405266
2008-12-08,1105.05,76.92,7.48,1041.41,1111.27,1037.64,541793,6520366,567560093
2008-12-09,1105.84,0.79,0.07,1116.09,1120.66,1092.49,486456,6063058,568129053
2008-12-10,1145.87,40.03,3.62,1112.44,1155.08,1105.71,562092,7535486,588603906
2008-12-11,1154.43,8.56,0.75,1145.06,1166.27,1135.5,576700,8145576,592682316
2008-12-12,1103.82,-50.61,-4.38,1128.66,1152.99,1089.94,622304,6749653,567048014
2008-12-15,1158.19,54.37,4.93,1152.25,1164.72,1138.42,485362,5850073,594662636
2008-12-16,1161.56,3.37,0.29,1148.68,1165.29,1137.05,626697,6818527,596015612
2008-12-17,1169.75,8.19,0.71,1190.09,1196.37,1146.04,647793,6577860,600304132
2008-12-18,1175.91,6.16,0.53,1183.38,1189.83,1164.6,557762,5904836,603339608
2008-12-19,1180.97,5.06,0.43,1174.24,1194.52,1171.38,685025,5401355,606239201
2008-12-22,1179.61,-1.36,-0.12,1189.85,1201.14,1167.63,450639,5341409,605689080
2008-12-23,1144.31,-35.3,-2.99,1168.15,1175.32,1140.13,436408,4108318,587671844
2008-12-24,1128.51,-15.8,-1.38,1140.08,1143.68,1113.17,407845,3508788,579635401
2008-12-26,1117.86,-10.65,-0.94,1128.54,1134.57,1108.86,345549,3078267,574506026
2008-12-29,1117.59,-0.27,-0.02,1109.4,1118.35,1084.26,312516,2615495,573728866
2008-12-30,1124.47,6.88,0.62,1124.6,1144.24,1121.32,357926,3269662,576927703
2009-01-02,1157.4,32.93,2.93,1132.87,1157.4,1118.84,340781,4043268,593882523
2009-01-05,1173.57,16.17,1.4,1180.98,1185.22,1166.66,414760,5288645,602269376
2009-01-06,1194.28,20.71,1.76,1183.52,1203.59,1179.94,444195,5608839,613219054
2009-01-07,1228.17,33.89,2.84,1198.85,1228.56,1195.2,568556,7650757,630963325
2009-01-08,1205.7,-22.47,-1.83,1212.7,1218.43,1195.15,472344,5826335,619192681
2009-01-09,1180.96,-24.74,-2.05,1214.5,1220.59,1179.06,443544,5328417,607077647
2009-01-12,1156.75,-24.21,-2.05,1170.69,1177.19,1150.41,352671,3896401,594756224
2009-01-13,1167.71,10.96,0.95,1147.99,1168.04,1133.94,381507,4102261,600286827
2009-01-14,1182.68,14.97,1.28,1161.01,1184.52,1151.8,358877,3963837,607773013
2009-01-15,1111.34,-71.34,-6.03,1138.47,1145.41,1108.15,366485,4568785,571130855
2009-01-16,1135.2,23.86,2.15,1120.69,1135.79,1109.69,335688,4084346,583504825
2009-01-19,1150.65,15.45,1.36,1146.09,1159.88,1141.31,370319,4507861,591248957
2009-01-20,1126.81,-23.84,-2.07,1136.16,1136.48,1115.07,319533,3804185,579115460
2009-01-21,1103.61,-23.2,-2.06,1087.43,1118.4,1085.72,334556,4144997,567301601
2009-01-22,1116.23,12.62,1.14,1125.22,1127.35,1106.74,346827,4281504,573621674
2009-01-23,1093.4,-22.83,-2.05,1105.43,1105.43,1087.66,268189,3558499,561837803
2009-01-28,1157.98,64.58,5.91,1123.23,1160.19,1122.33,345266,4604520,595224021
2009-01-29,1166.56,8.58,0.74,1165.82,1179.15,1160.75,384745,4871009,599683086
2009-01-30,1162.11,-4.45,-0.38,1147.57,1163.76,1144.52,377035,3974972,598142080
2009-02-02,1146.95,-15.16,-1.3,1145.87,1170.7,1136.37,374571,4478153,590116782
2009-02-03,1163.2,16.25,1.42,1152.94,1174.28,1137.83,347703,4408618,598590879
2009-02-04,1195.37,32.17,2.77,1183.22,1195.52,1176.1,450221,5760536,615203195
2009-02-05,1177.88,-17.49,-1.46,1187.05,1206.73,1177.88,463562,5337966,606291154
2009-02-06,1210.26,32.38,2.75,1199.17,1210.26,1190.67,570791,5772618,623072452
2009-02-09,1202.69,-7.57,-0.63,1224.44,1227.73,1199.93,475950,4954661,619062965
2009-02-10,1198.87,-3.82,-0.32,1215.05,1219.76,1186.33,468812,4152908,617118862
2009-02-11,1190.18,-8.69,-0.72,1168.42,1193.55,1162.57,469846,4308986,612739950
2009-02-12,1179.84,-10.34,-0.87,1183.68,1187.35,1162.58,488111,4855674,607616858
2009-02-13,1192.44,12.6,1.07,1179.63,1192.48,1165.25,574846,4228208,613900971
2009-02-16,1175.47,-16.97,-1.42,1183.52,1199.5,1174.73,509492,4165140,605336624
2009-02-17,1127.19,-48.28,-4.11,1167.22,1167.22,1121.41,546440,4734825,580213796
2009-02-18,1113.19,-14,-1.24,1111.35,1120.65,1096,598230,4681169,573150765
2009-02-19,1107.1,-6.09,-0.55,1109.99,1121.27,1092.96,641511,4667949,570020768
2009-02-20,1065.95,-41.15,-3.72,1095.25,1102.44,1056.34,587441,4146131,548645215
2009-02-23,1099.55,33.6,3.15,1058.54,1099.55,1051.52,396062,3870962,565954478
2009-02-24,1063.88,-35.67,-3.24,1061.56,1071.93,1055.86,576296,3891797,547671702
2009-02-25,1067.08,3.2,0.3,1094.7,1095.73,1061.6,735368,4146945,549273990
2009-02-26,1054.79,-12.29,-1.15,1077.71,1100.45,1036.67,575093,4141636,543090954
2009-02-27,1063.03,8.24,0.78,1056.71,1076.81,1048.05,498309,3595999,547085652
2009-03-02,1018.81,-44.22,-4.16,1044.28,1044.28,1010.87,413949,3359586,524500873
2009-03-03,1025.57,6.76,0.66,993.85,1029.18,992.69,543382,3647543,528117151
2009-03-04,1059.26,33.69,3.29,1018.9,1062.69,1008.67,490794,4215485,545366081
2009-03-05,1058.18,-1.08,-0.1,1068.25,1074.56,1050.9,509907,4497847,544991652
2009-03-06,1055.03,-3.15,-0.3,1036.29,1059.33,1036.29,465731,3507220,543579926
2009-03-09,1071.73,16.7,1.58,1068.98,1077.13,1052.41,457911,3449749,552232690
2009-03-10,1092.2,20.47,1.91,1060.61,1096.59,1060.61,614109,4886460,562577075
2009-03-11,1127.51,35.31,3.23,1122.91,1127.88,1118.12,574391,5655537,580653558
2009-03-12,1128.39,0.88,0.08,1126.6,1132.3,1107.6,536881,7180129,581016566
2009-03-13,1126.03,-2.36,-0.21,1137.35,1147.83,1124.71,506177,5465240,580074111
2009-03-16,1125.46,-0.57,-0.05,1126.09,1142.58,1119.33,436009,4429944,579734299
2009-03-17,1163.88,38.42,3.41,1140.32,1166.6,1132.75,726953,5807736,599156031
2009-03-18,1169.95,6.07,0.52,1176.86,1176.86,1157.11,520429,5049229,602282676
2009-03-19,1161.81,-8.14,-0.7,1180.39,1186.91,1158.19,532576,5122645,598135590
2009-03-20,1170.94,9.13,0.79,1165.03,1180.38,1163.59,374671,4228855,603001747
2009-03-23,1199.5,28.56,2.44,1179.6,1201.23,1179.13,461576,4749377,617589970
2009-03-24,1221.7,22.2,1.85,1225.94,1225.94,1205.08,512524,5895005,629021226
2009-03-25,1229.02,7.32,0.6,1216.29,1229.02,1211.2,495051,5114728,632819890
2009-03-26,1243.8,14.78,1.2,1226.51,1243.97,1216.49,588056,5897684,640525330
2009-03-27,1237.51,-6.29,-0.51,1248.7,1256.7,1233.95,702348,7025605,637876221
2009-03-30,1197.46,-40.05,-3.24,1239.8,1244.78,1196.32,527830,4901679,619273159
2009-03-31,1206.26,8.8,0.73,1205.98,1228.21,1203.16,503563,5211784,623523108
2009-04-01,1233.36,27.1,2.25,1214.06,1238.04,1201.71,586124,6460702,637377934
2009-04-02,1276.97,43.61,3.54,1254.38,1278.56,1249.94,732211,7980881,659821161
2009-04-03,1283.75,6.78,0.53,1288.56,1292.6,1274.45,618671,7761773,663177177
2009-04-06,1297.85,14.1,1.1,1292.42,1315.3,1292.42,726431,7850149,670385285
2009-04-07,1300.1,2.25,0.17,1296.32,1304.28,1282.41,686776,6607437,671446591
2009-04-08,1262.07,-38.03,-2.93,1284.98,1287.59,1260.73,751440,6719459,651852846
2009-04-09,1316.35,54.28,4.3,1274.03,1317.29,1272.02,933678,9150022,679860869
2009-04-10,1336.04,19.69,1.5,1340.87,1355.69,1319.52,920397,9064786,690036979
2009-04-13,1338.26,2.22,0.17,1341.74,1353.27,1328.99,815422,8236609,690984339
2009-04-14,1342.63,4.37,0.33,1353.25,1356.31,1323.64,933384,8325877,693265286
2009-04-15,1333.09,-9.54,-0.71,1321.6,1341.32,1305.16,815702,8221371,688611544
2009-04-16,1336.72,3.63,0.27,1356.88,1371.28,1334.65,746709,8912086,690554426
2009-04-17,1329,-7.72,-0.58,1354.93,1360.9,1316.11,794016,8205060,686964029
2009-04-20,1336.39,7.39,0.56,1331.76,1338.9,1311.73,566858,5944084,693640412
2009-04-21,1336.81,0.42,0.03,1307.95,1338.48,1303.22,639591,6520603,693998572
2009-04-22,1356.02,19.21,1.44,1347.79,1360.41,1336.41,730163,8595046,704177932
2009-04-23,1368.8,12.78,0.94,1367.3,1371.95,1353.16,747017,8867660,710880982
2009-04-24,1354.1,-14.7,-1.07,1371.81,1375.8,1343.55,683433,8143320,702971682
2009-04-27,1339.83,-14.27,-1.05,1358.2,1366.66,1334.02,547298,6993373,695410917
2009-04-28,1300.24,-39.59,-2.95,1344.77,1353.8,1298.86,759036,7666212,675156999
2009-04-29,1338.42,38.18,2.94,1310.62,1338.43,1299.98,599343,5664585,694655752
2009-04-30,1369.36,30.94,2.31,1353.67,1377.82,1350.46,811764,8582747,710678764
2009-05-04,1397.92,28.56,2.09,1386.02,1397.92,1381.12,749111,9028020,725516600
2009-05-06,1393.45,-4.47,-0.32,1399.82,1408.57,1385.35,738946,9876755,722530392
2009-05-07,1401.08,7.63,0.55,1414.55,1415.48,1389.82,770554,9553835,726494462
2009-05-08,1412.13,11.05,0.79,1400.47,1412.14,1390.83,732206,8199850,732299465
2009-05-11,1415.16,3.03,0.21,1416.42,1420.31,1405.42,681599,7002840,733724152
2009-05-12,1403.51,-11.65,-0.82,1406.44,1411.21,1395.91,770682,6639587,727844414
2009-05-13,1414.52,11.01,0.78,1409.59,1414.63,1400.35,713985,7052485,733586687
2009-05-14,1380.95,-33.57,-2.37,1395.6,1400.38,1380.91,700942,7580624,716485052
2009-05-15,1391.73,10.78,0.78,1395.15,1399.84,1385.83,702847,6841540,720879443
2009-05-18,1386.68,-5.05,-0.36,1385.71,1387.2,1366.58,552497,6063756,718538116
2009-05-19,1428.21,41.53,2.99,1416.95,1428.21,1411.89,767835,7668652,739991677
2009-05-20,1435.7,7.49,0.52,1427.98,1436.92,1424.6,698912,6738850,744210004
2009-05-21,1421.65,-14.05,-0.98,1431.03,1433.07,1412.73,867644,7893554,737226097
2009-05-22,1403.75,-17.9,-1.26,1406.27,1431.32,1402.8,676837,7863533,728868124
2009-05-25,1400.9,-2.85,-0.2,1393.99,1414.14,1315.21,825371,8630339,727369069
2009-05-26,1372.04,-28.86,-2.06,1407.58,1409.29,1361.58,684649,8215082,712335498
2009-05-27,1362.02,-10.02,-0.73,1394.74,1396.77,1360.3,786694,8209178,707443343
2009-05-28,1392.17,30.15,2.21,1355.89,1392.17,1345.1,657878,7347899,723169711
2009-05-29,1395.89,3.72,0.27,1393.25,1398.44,1380.68,549746,7057542,725874520
2009-06-01,1415.1,19.21,1.38,1394.92,1415.1,1384.45,558960,6350364,735825827
2009-06-02,1412.85,-2.25,-0.16,1437.15,1437.76,1411.62,705294,8291984,734560797
2009-06-03,1414.89,2.04,0.14,1423.8,1427.05,1402.76,731509,7355229,735515316
2009-06-04,1378.14,-36.75,-2.6,1410.24,1411.11,1375.94,583311,6956173,716470836
2009-06-05,1394.71,16.57,1.2,1392.63,1394.71,1373.24,511501,5974012,724919033
2009-06-08,1393.3,-1.41,-0.1,1394.23,1411.27,1387.41,516708,5442691,724245718
2009-06-09,1371.84,-21.46,-1.54,1406.66,1410,1371.52,485671,5916610,713263638
2009-06-10,1414.88,43.04,3.14,1379.61,1414.88,1376.46,501867,6067327,735426730
2009-06-11,1419.39,4.51,0.32,1411.92,1435.28,1407.5,490784,7040361,737859354
2009-06-12,1428.59,9.2,0.65,1428.87,1436.23,1416.5,508571,5358263,742977643
2009-06-15,1412.42,-16.17,-1.13,1427.75,1427.75,1401.19,434554,4985137,734782673
2009-06-16,1399.15,-13.27,-0.94,1394.7,1410.01,1389.33,473881,4608363,727851535
2009-06-17,1391.17,-7.98,-0.57,1391.97,1397.21,1384.13,456091,4639366,723974975
2009-06-18,1375.76,-15.41,-1.11,1390.22,1396.75,1371.38,502154,4539043,715959792
2009-06-19,1383.34,7.58,0.55,1386.52,1388.75,1369.76,471006,4333950,720042605
2009-06-22,1399.71,16.37,1.18,1381.85,1399.92,1379.75,410178,4314990,728572220
2009-06-23,1360.54,-39.17,-2.8,1369.87,1374.44,1354.98,509170,5025014,704612048
2009-06-24,1363.79,3.25,0.24,1366.01,1370,1350.31,436479,4581788,706270276
2009-06-25,1392.73,28.94,2.12,1366.78,1402.35,1366.78,449174,5231754,721449314
2009-06-26,1394.53,1.8,0.13,1401.57,1404.01,1388.38,425874,4823898,722525578
2009-06-29,1388.45,-6.08,-0.44,1399.64,1408.94,1386.03,426318,4040765,719297665
2009-06-30,1390.07,1.62,0.12,1402.3,1409.1,1385.76,473132,4815562,720211903
2009-07-01,1411.66,21.59,1.55,1386.33,1414.79,1381.09,505528,5214689,731195052
2009-07-02,1411.48,-0.18,-0.01,1419.15,1419.15,1403.18,464119,4756159,731194913
2009-07-03,1420.04,8.56,0.61,1389.93,1420.04,1389.39,398643,4131633,735554726
2009-07-06,1428.94,8.9,0.63,1419.17,1434.31,1416.2,384595,4578325,740571307
2009-07-07,1434.2,5.26,0.37,1434.47,1439.57,1426.95,456758,5047764,743436837
2009-07-08,1431.02,-3.18,-0.22,1424.92,1431.02,1412.68,435417,5082495,741691725
2009-07-09,1430.89,-0.13,-0.01,1428.74,1443.81,1426.41,437278,5712933,741765276
2009-07-10,1428.62,-2.27,-0.16,1435.52,1436.5,1415.99,456473,4729725,741012305
2009-07-13,1378.12,-50.5,-3.53,1426.31,1426.31,1378.12,446682,5016392,715037363
2009-07-14,1385.56,7.44,0.54,1400.53,1402,1377.6,426814,5021898,719067309
2009-07-15,1420.86,35.3,2.55,1402.76,1422.41,1402.28,398395,5279848,737504160
2009-07-16,1432.22,11.36,0.8,1438.02,1442.1,1426.51,423962,5538956,743794301
2009-07-17,1440.1,7.88,0.55,1443.49,1445.6,1432.8,403677,4528026,747892684
2009-07-20,1478.51,38.41,2.67,1447.85,1480.49,1447.11,505043,6270005,767775465
2009-07-21,1488.99,10.48,0.71,1489.45,1496.87,1480.64,514660,6722693,773562939
2009-07-22,1494.04,5.05,0.34,1492.37,1496.49,1485.04,506894,6074654,776463649
2009-07-23,1496.49,2.45,0.16,1495.39,1504.7,1484.83,642853,6694779,777804720
2009-07-24,1502.59,6.1,0.41,1508.32,1510.82,1496.89,533012,6451429,780411111
2009-07-27,1524.05,21.46,1.43,1510.75,1529.26,1505.85,504075,6896269,791525729
2009-07-28,1526.03,1.98,0.13,1521.49,1528.55,1518.5,431427,5593915,792323225
2009-07-29,1524.32,-1.71,-0.11,1524.08,1529.8,1516.03,486410,6196531,791495163
2009-07-30,1534.74,10.42,0.68,1524.56,1535.36,1511.13,431269,5567756,796778813
2009-07-31,1557.29,22.55,1.47,1543.05,1559.07,1536.86,466526,7345685,808503556
2009-08-03,1564.98,7.69,0.49,1561.94,1570.01,1554.77,490194,6909525,813421016
2009-08-04,1566.37,1.39,0.09,1576.95,1586.12,1558.47,589855,8236678,814246663
2009-08-05,1559.47,-6.9,-0.44,1571.71,1575.03,1557.79,494913,6058886,810488509
2009-08-06,1565.04,5.57,0.36,1555.64,1572.17,1546.5,492250,6133405,813531017
2009-08-07,1576,10.96,0.7,1563.13,1576.8,1559.18,477559,5720995,819038422
2009-08-10,1576.11,0.11,0.01,1585.35,1588.15,1573.22,490583,5693518,818995290
2009-08-11,1579.21,3.1,0.2,1572.33,1580.44,1570.51,573987,6346614,820633119
2009-08-12,1565.35,-13.86,-0.88,1571.74,1571.74,1552.51,510512,6693354,813453335
2009-08-13,1564.64,-0.71,-0.05,1578.95,1581.34,1564.64,562764,7669336,813247978
2009-08-14,1591.41,26.77,1.71,1582.21,1594.46,1579.17,606500,6834913,827235321
2009-08-17,1547.06,-44.35,-2.79,1588.73,1588.73,1541.74,594931,6825536,804400896
2009-08-18,1550.24,3.18,0.21,1534.22,1560.73,1530.65,598314,6510242,806791157
2009-08-19,1545.96,-4.28,-0.28,1555.03,1564.9,1545.93,521615,6782982,804881045
2009-08-20,1576.39,30.43,1.97,1559.99,1577.08,1544.5,454918,6225801,820406269
2009-08-21,1580.98,4.59,0.29,1582.61,1590.15,1564.45,514683,8161032,823088892
2009-08-24,1612.22,31.24,1.98,1604.31,1614.05,1602.34,541263,8857555,839793076
2009-08-25,1601.38,-10.84,-0.67,1603.03,1610.33,1596,461069,7656155,834486664
2009-08-26,1614.12,12.74,0.8,1607.7,1615.05,1602.4,451616,6422887,840583641
2009-08-27,1599.33,-14.79,-0.92,1608.83,1614.07,1590.98,426334,6231235,832751186
2009-08-28,1607.94,8.61,0.54,1612.93,1616.29,1599.68,455462,7461053,837518164
2009-08-31,1591.85,-16.09,-1,1607.61,1611.65,1580.28,443613,6520150,829731246
2009-09-01,1623.06,31.21,1.96,1592.29,1624.34,1583.11,444449,7107530,845971669
2009-09-02,1613.16,-9.9,-0.61,1598.66,1622.82,1592.48,561693,8032314,840637546
2009-09-03,1613.53,0.37,0.02,1614.53,1620.06,1605.96,493292,7119959,840272800
2009-09-04,1608.9,-4.63,-0.29,1623.07,1623.07,1597.2,594779,7132793,839362062
2009-09-07,1608.57,-0.33,-0.02,1618.79,1619.98,1601.04,411219,5819832,839426573
2009-09-08,1619.69,11.12,0.69,1616.48,1622.73,1610.91,523926,7474012,844986397
2009-09-09,1607.77,-11.92,-0.74,1622.25,1622.81,1602.69,518367,7543712,838676321
2009-09-10,1644.68,36.91,2.3,1615.71,1644.68,1613.76,581051,9086361,857668565
2009-09-11,1651.7,7.02,0.43,1644.31,1653.77,1639.83,514657,7613935,861574409
2009-09-14,1634.91,-16.79,-1.02,1653.17,1653.59,1628.96,432398,6792354,852938697
2009-09-15,1653.4,18.49,1.13,1646.29,1654.92,1640.87,550450,7568675,862535102
2009-09-16,1683.33,29.93,1.81,1660.43,1693.84,1660.43,568410,8873741,878034761
2009-09-17,1695.47,12.14,0.72,1700.19,1704.88,1682.04,527874,9147537,884328256
2009-09-18,1699.71,4.24,0.25,1695.17,1713.22,1691.64,500095,8763489,886270123
2009-09-21,1695.5,-4.21,-0.25,1700.56,1709.34,1691.92,517257,5523352,884010598
2009-09-22,1718.88,23.38,1.38,1701.96,1720.73,1701.57,448386,6995190,896217325
2009-09-23,1711.47,-7.41,-0.43,1723.03,1723.17,1705.98,503233,7678959,892532909
2009-09-24,1693.88,-17.59,-1.03,1706.19,1715.55,1680.96,421172,7594658,883511172
2009-09-25,1691.48,-2.4,-0.14,1686.41,1691.71,1662.52,391940,7551953,882271379
2009-09-28,1675.55,-15.93,-0.94,1678.57,1685.34,1668.97,351376,6553290,874000530
2009-09-29,1690.05,14.5,0.87,1695.94,1696.71,1680.69,343692,6766272,881689902
2009-09-30,1673.14,-16.91,-1,1688.6,1704.24,1665.9,369850,7960460,872915510
2009-10-01,1644.63,-28.51,-1.7,1680.46,1685.01,1629.55,337358,7024531,857703556
2009-10-05,1606.9,-37.73,-2.29,1622.1,1629.01,1603.71,319000,7103118,838510715
2009-10-06,1598.44,-8.46,-0.53,1620.31,1626.02,1590.47,390393,6227937,833958916
2009-10-07,1598,-0.44,-0.03,1619.07,1625.11,1598,411269,6718950,833264892
2009-10-08,1615.46,17.46,1.09,1607.86,1615.46,1591.15,377007,6693931,843929707
2009-10-09,1646.79,31.33,1.94,1622.12,1648.98,1614.61,440505,6005993,860204990
2009-10-12,1639.81,-6.98,-0.42,1660.19,1661.37,1631.59,413658,4841306,856712647
2009-10-13,1628.93,-10.88,-0.66,1634.49,1642.78,1614.46,420335,5414108,851266009
2009-10-14,1649.09,20.16,1.24,1642.1,1653.22,1637.78,412056,5113997,861950840
2009-10-15,1658.99,9.9,0.6,1661.69,1672.08,1653.33,374175,5950119,866994744
2009-10-16,1640.36,-18.63,-1.12,1656.07,1667.49,1638.49,372952,5838359,857098690
2009-10-19,1649.07,8.71,0.53,1633.34,1649.69,1614.85,279880,4902443,863367076
2009-10-20,1659.15,10.08,0.61,1663.95,1665.65,1649.27,402306,4837860,868604922
2009-10-21,1653.86,-5.29,-0.32,1649.81,1664.52,1645.56,366290,5295319,866031051
2009-10-22,1630.33,-23.53,-1.42,1638.01,1650.03,1623.96,386905,4931054,853850083
2009-10-23,1640.17,9.84,0.6,1643.62,1647.27,1633.11,331327,4950873,859238866
2009-10-26,1657.11,16.94,1.03,1634.33,1663.03,1633.92,314208,4769977,867998317
2009-10-27,1649.53,-7.58,-0.46,1646.76,1651.63,1637.15,334696,5147974,864152942
2009-10-28,1609.71,-39.82,-2.41,1648.8,1652.46,1604.01,370004,5465163,843528621
2009-10-29,1585.85,-23.86,-1.48,1584.52,1587.19,1564.41,372461,5708790,831325135
2009-10-30,1580.69,-5.16,-0.33,1605.12,1605.12,1580.69,272706,4830826,828748895
2009-11-02,1559.09,-21.6,-1.37,1543.24,1570.15,1543.24,289875,4408360,817190241
2009-11-03,1549.92,-9.17,-0.59,1562.1,1565.01,1549.1,274473,3638963,812299901
2009-11-04,1579.93,30.01,1.94,1556.02,1579.93,1550.73,267396,3782343,827883941
2009-11-05,1552.24,-27.69,-1.75,1568.67,1571.8,1551.94,204375,3368233,813533311
2009-11-06,1572.46,20.22,1.3,1577.64,1577.64,1565.48,254308,3701173,823974027
2009-11-09,1576.79,4.33,0.28,1577.92,1592.1,1573.36,246233,3502745,826398698
2009-11-10,1582.3,5.51,0.35,1595.33,1600.41,1580.03,276940,3893466,829247731
2009-11-11,1594.82,12.52,0.79,1590.44,1594.82,1574.78,263273,3251699,837877480
2009-11-12,1572.73,-22.09,-1.39,1598.55,1603.01,1572.72,282771,4843811,826249190
2009-11-13,1571.99,-0.74,-0.05,1581.6,1587.07,1561.93,260028,4194425,825815430
2009-11-16,1592.47,20.48,1.3,1577.63,1592.48,1566.83,246310,4018462,836495190
2009-11-17,1585.98,-6.49,-0.41,1599.79,1602.67,1585.97,295963,4919238,833215208
2009-11-18,1603.97,17.99,1.13,1595.88,1612.63,1594.86,279956,5197112,842799236
2009-11-19,1620.54,16.57,1.03,1608.94,1625.35,1608.58,281503,4792546,852497367
2009-11-20,1620.6,0.06,0,1613.28,1624.9,1612.32,262293,3697537,852594088
2009-11-23,1619.05,-1.55,-0.1,1623.8,1630.41,1611.73,256974,3459037,851829794
2009-11-24,1606.42,-12.63,-0.78,1626.93,1627.11,1601.14,397850,4899768,845192219
2009-11-25,1611.88,5.46,0.34,1608.83,1614.9,1599.08,287007,3494400,848151930
2009-11-26,1599.52,-12.36,-0.77,1606.73,1621.21,1599.51,282560,4141726,841866403
2009-11-27,1524.5,-75.02,-4.69,1574.56,1581.44,1519.4,389951,5495562,802431711
2009-11-30,1555.6,31.1,2.04,1547.65,1566.51,1547.65,311492,4583797,819088121
2009-12-01,1569.72,14.12,0.91,1550.35,1569.72,1541.09,304882,4579361,826340531
2009-12-02,1591.63,21.91,1.4,1582.62,1597.12,1579.99,329366,4827791,837775152
2009-12-03,1615,23.37,1.47,1597.31,1615,1594.5,282331,4435786,850095313
2009-12-04,1624.76,9.76,0.6,1609.07,1629.8,1608.39,281880,4532396,855067928
2009-12-07,1632.65,7.89,0.49,1633.3,1635.72,1625.44,267038,3938682,859379778
2009-12-08,1627.78,-4.87,-0.3,1630.78,1638.22,1622.31,355532,3597214,857126982
2009-12-09,1634.17,6.39,0.39,1615.65,1634.17,1609.81,354626,4601876,860780316
2009-12-10,1652.73,18.56,1.14,1635.58,1652.73,1612.71,470001,7737585,870445385
2009-12-11,1656.9,4.17,0.25,1650.57,1664.05,1641.54,438802,5455222,872743210
2009-12-14,1664.77,7.87,0.47,1662.74,1664.85,1644.75,411975,5092968,877928753
2009-12-15,1665.85,1.08,0.06,1659.77,1667.73,1657.85,366145,5061338,878657211
2009-12-16,1664.24,-1.61,-0.1,1666.16,1670.1,1652.1,370484,4662827,877792287
2009-12-17,1647.84,-16.4,-0.99,1663.65,1664.65,1647.66,376797,4327520,869476822
2009-12-18,1647.04,-0.8,-0.05,1639.25,1651.02,1632.09,264014,4016693,868722876
2009-12-21,1644.23,-2.81,-0.17,1646.32,1650.89,1637.23,288557,3881212,867360306
2009-12-22,1655.54,11.31,0.69,1656.18,1658.1,1647.21,472134,3788239,873423123
2009-12-23,1661.35,5.81,0.35,1661.44,1661.68,1654.87,371781,4028243,876520680
2009-12-24,1682.34,20.99,1.26,1663.66,1687.08,1662.31,330905,4867741,887590805
2009-12-28,1685.59,3.25,0.19,1695.19,1695.33,1679.56,389501,5826460,889255165
2009-12-29,1672.48,-13.11,-0.78,1674.96,1683.05,1662.07,318035,4228352,882372887
2009-12-30,1682.77,10.29,0.62,1670.19,1682.77,1661.11,326530,4285642,887935183
2010-01-04,1696.14,13.37,0.79,1681.71,1696.14,1681.71,296548,4364596,894731591
2010-01-05,1690.62,-5.52,-0.33,1701.62,1702.39,1686.45,408854,6830723,891901043
2010-01-06,1705.32,14.7,0.87,1697.88,1706.89,1696.1,426040,6391017,899645119
2010-01-07,1683.45,-21.87,-1.28,1702.92,1707.9,1683.45,462403,7498405,888111374
2010-01-08,1695.26,11.81,0.7,1694.06,1695.26,1668.84,379952,6965073,894080130
2010-01-11,1694.12,-1.14,-0.07,1700.79,1705.73,1694.12,407680,6952669,893092753
2010-01-12,1698.64,4.52,0.27,1695.83,1701.16,1683.29,383755,5330059,895743625
2010-01-13,1671.41,-27.23,-1.6,1683.51,1687.58,1671.11,361933,5286074,881413532
2010-01-14,1685.77,14.36,0.86,1680.68,1692.78,1677.46,433753,6219871,889078614
2010-01-15,1701.8,16.03,0.95,1694.65,1704.43,1686.12,415904,6485923,897220216
2010-01-18,1711.78,9.98,0.59,1696.14,1716.62,1688.89,420752,6335015,902436364
2010-01-19,1710.22,-1.56,-0.09,1719.41,1723.22,1706.73,384379,5700482,901867203
2010-01-20,1714.38,4.16,0.24,1723.01,1723.01,1708.58,695737,7290025,904201206
2010-01-21,1722.01,7.63,0.45,1700.53,1722.01,1695.18,543454,5803563,908475207
2010-01-22,1684.35,-37.66,-2.19,1696.21,1706.09,1665.6,615073,6695897,888759752
2010-01-25,1670.2,-14.15,-0.84,1662.77,1681.83,1660.58,585001,5838457,881526818
2010-01-26,1637.34,-32.86,-1.97,1670.47,1671.66,1626.98,576949,6114373,864178395
2010-01-27,1625.48,-11.86,-0.72,1641.88,1643.64,1620.55,446538,5760749,857724538
2010-01-28,1642.43,16.95,1.04,1632.58,1649.46,1619.26,479612,5472747,867754349
2010-01-29,1602.43,-40,-2.44,1621,1626.57,1595.39,473945,5729025,848135732
2010-02-01,1606.44,4.01,0.25,1603.87,1611.99,1590.8,382241,5109265,849915099
2010-02-02,1595.81,-10.63,-0.66,1618.6,1618.6,1591.24,434956,5008804,844598368
2010-02-03,1615.02,19.21,1.2,1614.16,1618.86,1602.55,438152,4459113,854639238
2010-02-04,1616.42,1.4,0.09,1615.48,1619.37,1607.87,396780,4093281,855340684
2010-02-05,1567.12,-49.3,-3.05,1567.59,1575.16,1560.99,460774,4940524,829280668
2010-02-08,1552.79,-14.33,-0.91,1565.24,1566.3,1548.78,445720,4182126,821989535
2010-02-09,1570.49,17.7,1.14,1550.8,1571.96,1549.11,433885,4308484,831079859
2010-02-10,1570.12,-0.37,-0.02,1578.83,1581.56,1565.79,436123,4184075,830862388
2010-02-11,1597.81,27.69,1.76,1574.95,1600.41,1574.77,393756,4404076,845555099
2010-02-12,1593.66,-4.15,-0.26,1595.95,1598.41,1577.89,292261,4240413,843764303
2010-02-16,1601.05,7.39,0.46,1589.97,1608.86,1586.87,275272,2731491,847620423
2010-02-17,1627.43,26.38,1.65,1619.04,1628.31,1618.27,383623,4105201,861416895
2010-02-18,1621.19,-6.24,-0.38,1630.89,1631.71,1618.81,313983,3281797,858098194
2010-02-19,1593.9,-27.29,-1.68,1611.09,1623.25,1592.92,345773,3775988,843829206
2010-02-22,1627.1,33.2,2.08,1617.16,1630.51,1617.16,307160,3453093,861245977
2010-02-23,1628.9,1.8,0.11,1626.75,1630.45,1616.04,352019,3519764,861915058
2010-02-24,1612.83,-16.07,-0.99,1616.55,1618.46,1606.24,390679,3892377,853431583
2010-02-25,1587.51,-25.32,-1.57,1620.25,1621.84,1582.22,403210,4004938,840016821
2010-02-26,1594.58,7.07,0.45,1593.73,1596.55,1580.7,331755,3201772,844069184
2010-03-02,1615.12,20.54,1.29,1612.43,1620.15,1608.97,415101,4193884,855012037
2010-03-03,1622.44,7.32,0.45,1615.25,1622.63,1611.35,403469,3292850,858805025
2010-03-04,1618.2,-4.24,-0.26,1625.35,1631.1,1612.47,383044,3308671,856481257
2010-03-05,1634.57,16.37,1.01,1624.8,1634.57,1624.74,344079,3452621,865070688
2010-03-08,1660.04,25.47,1.56,1653.54,1660.28,1649.67,367811,4866114,878360420
2010-03-09,1660.83,0.79,0.05,1657.94,1661.26,1653.98,634706,4558556,878668348
2010-03-10,1662.24,1.41,0.08,1662,1662.88,1653.69,500081,3945320,879444364
2010-03-11,1656.62,-5.62,-0.34,1670.82,1672.48,1656.48,529002,4806846,876471639
2010-03-12,1662.74,6.12,0.37,1666.59,1666.86,1653.03,369512,3777675,879619926
2010-03-15,1649.5,-13.24,-0.8,1663.86,1667.44,1643.51,343806,3425406,872861194
2010-03-16,1648.01,-1.49,-0.09,1654.52,1655.27,1642.86,512564,5005137,872207404
2010-03-17,1682.86,34.85,2.11,1663.3,1682.86,1659.64,606001,5772909,898281850
2010-03-18,1675.17,-7.69,-0.46,1679.21,1687.7,1675.1,434503,4798832,894337232
2010-03-19,1686.11,10.94,0.65,1682.52,1687.68,1677.62,441810,4287876,900179889
2010-03-22,1672.67,-13.44,-0.8,1678.51,1680.94,1664.88,347596,3838605,892991672
2010-03-23,1681.82,9.15,0.55,1685.07,1689.46,1677.91,414287,4773022,897943271
2010-03-24,1681.01,-0.81,-0.05,1693.56,1695.03,1678.07,371518,4536119,897679347
2010-03-25,1688.39,7.38,0.44,1680.42,1688.39,1677.05,389686,4558932,901685866
2010-03-26,1697.72,9.33,0.55,1683.96,1699.94,1680.91,397620,4166334,906670913
2010-03-29,1691.99,-5.73,-0.34,1681.99,1699.81,1681.44,339607,4205866,903702256
2010-03-30,1700.19,8.2,0.48,1705.51,1705.57,1693.83,321044,4820641,908044975
2010-03-31,1692.85,-7.34,-0.43,1702.58,1704.81,1689.92,328321,4847301,903948740
2010-04-01,1719.17,26.32,1.55,1695.3,1719.74,1695.3,296992,6003365,918784010
2010-04-02,1723.49,4.32,0.25,1723.29,1725.39,1715.56,355088,6354412,921271108
2010-04-05,1724.99,1.5,0.09,1728.27,1731,1711.16,426894,5685854,922456412
2010-04-06,1726.09,1.1,0.06,1732.98,1732.98,1719.14,420897,4875479,923124073
2010-04-07,1726.6,0.51,0.03,1725.31,1729.23,1722.19,399748,5655321,923283939
2010-04-08,1733.78,7.18,0.42,1722.13,1733.78,1719.51,362550,4745542,927000981
2010-04-09,1724.47,-9.31,-0.54,1735,1737.45,1710.11,452531,6130542,921897109
2010-04-12,1710.3,-14.17,-0.82,1730.37,1733.3,1707.92,416640,5918395,913783752
2010-04-13,1710.59,0.29,0.02,1714.96,1716.09,1699.58,369616,4454842,914020431
2010-04-14,1735.33,24.74,1.45,1720.42,1735.33,1720.42,431591,5802524,926166824
2010-04-15,1743.91,8.58,0.49,1745.52,1747.38,1729.59,464868,6933972,930696161
2010-04-16,1734.49,-9.42,-0.54,1742.24,1743.65,1723.28,381109,5092817,925804923
2010-04-19,1705.3,-29.19,-1.68,1708.39,1720.03,1700.69,367560,4389101,910310632
2010-04-20,1718.03,12.73,0.75,1715.83,1721.36,1710.18,522273,4990814,917129864
2010-04-21,1747.58,29.55,1.72,1730.37,1748.19,1729.77,535040,6077583,932906416
2010-04-22,1739.52,-8.06,-0.46,1737.29,1740.04,1727.61,528081,5823184,928433331
2010-04-23,1737.03,-2.49,-0.14,1747.92,1748.46,1732.88,463207,5536085,927159786
2010-04-26,1752.2,15.17,0.87,1745.98,1757.76,1745.8,420566,5250249,935243353
2010-04-27,1749.55,-2.65,-0.15,1748.84,1756.15,1742.27,432378,5538538,933803018
2010-04-28,1733.91,-15.64,-0.89,1716.17,1733.91,1714.53,399810,6540808,925675327
2010-04-29,1728.42,-5.49,-0.32,1738.77,1738.77,1720.67,446710,6562016,924728421
2010-04-30,1741.56,13.14,0.76,1742.32,1749.69,1739.81,412070,6702966,931743291
2010-05-03,1721.21,-20.35,-1.17,1735.68,1740.15,1709.81,414096,5509842,921180466
2010-05-04,1718.75,-2.46,-0.14,1730.57,1734.47,1714.17,380986,5364320,920037896
2010-05-06,1684.71,-34.04,-1.98,1679.79,1689.16,1674.11,448574,6360484,901900762
2010-05-07,1647.5,-37.21,-2.21,1632.45,1658.3,1625.83,456385,7459775,882208816
2010-05-10,1677.63,30.13,1.83,1661.61,1679.58,1654.41,383504,5562984,898049178
2010-05-11,1670.24,-7.39,-0.44,1692.4,1692.4,1661.71,457059,6506293,893959781
2010-05-12,1663.03,-7.21,-0.43,1678.79,1680.16,1657.67,453193,7312864,913276736
2010-05-13,1694.58,31.55,1.9,1683.76,1700,1682.91,400383,6029729,930615536
2010-05-14,1695.63,1.05,0.06,1685.75,1699.59,1677.44,432900,6908005,931471637
2010-05-17,1651.51,-44.12,-2.6,1668.57,1673.01,1644.71,402483,7136386,907791479
2010-05-18,1643.24,-8.27,-0.5,1662.31,1663.15,1629.35,493335,6827672,902965959
2010-05-19,1630.08,-13.16,-0.8,1621.32,1630.31,1601.54,417503,6758714,897971917
2010-05-20,1600.18,-29.9,-1.83,1624.17,1640.47,1591.93,358176,6560697,881621564
2010-05-24,1604.93,4.75,0.3,1589.83,1612.91,1585.62,270820,4799504,884367222
2010-05-25,1560.83,-44.1,-2.75,1585.17,1585.6,1532.68,475232,6847295,859934328
2010-05-26,1582.12,21.29,1.36,1575.29,1582.12,1549.65,358160,6577114,871410440
2010-05-27,1607.5,25.38,1.6,1565.59,1611.59,1565.4,357562,6215660,885508790
2010-05-28,1622.78,15.28,0.95,1630.14,1630.18,1606.76,315905,5978492,894077351
2010-05-31,1641.25,18.47,1.14,1625.08,1641.25,1621.09,299379,4431497,904296219
2010-06-01,1630.4,-10.85,-0.66,1634.55,1643.08,1623.4,314095,4900311,898272667
2010-06-03,1661.84,31.44,1.93,1643.74,1663.67,1641.77,308760,5180057,915532558
2010-06-04,1664.13,2.29,0.14,1660.99,1670.94,1658.52,286093,5138448,917028169
2010-06-07,1637.97,-26.16,-1.57,1628.06,1638.88,1618.57,300882,4872723,902839217
2010-06-08,1651.48,13.51,0.82,1635.01,1656.37,1630.43,280288,4997058,910046701
2010-06-09,1647.22,-4.26,-0.26,1653.12,1655.61,1638.38,315107,5476071,907467495
2010-06-10,1651.7,4.48,0.27,1651.92,1662.32,1643.71,307927,5423395,910215284
2010-06-11,1675.34,23.64,1.43,1674.61,1681.7,1662.75,369418,5402053,923611652
2010-06-14,1690.6,15.26,0.91,1683.29,1698.21,1681.95,373941,4737544,932189643
2010-06-15,1690.03,-0.57,-0.03,1687.85,1696.74,1684.52,347778,4713055,931915271
2010-06-16,1705.33,15.3,0.91,1707.98,1710.57,1694.92,379960,5512488,940338972
2010-06-17,1707.92,2.59,0.15,1707.29,1711.48,1701.28,369769,5598360,941741376
2010-06-18,1711.95,4.03,0.24,1710.4,1712.35,1701.92,293742,4554904,943747029
2010-06-21,1739.68,27.73,1.62,1728.37,1741.48,1723.77,391909,5991423,958803394
2010-06-22,1731.48,-8.2,-0.47,1727.96,1734.42,1723.96,404657,5313986,953963694
2010-06-23,1725.82,-5.66,-0.33,1722.52,1731.78,1721.41,371812,5010100,950774181
2010-06-24,1739.87,14.05,0.81,1724.85,1739.87,1721.72,313775,4445509,958495179
2010-06-25,1729.84,-10.03,-0.58,1721.53,1733.7,1719.08,303712,4700317,953099776
2010-06-28,1732.03,2.19,0.13,1734.53,1735.27,1726.25,346985,4035147,954273683
2010-06-29,1707.76,-24.27,-1.4,1735.31,1739.97,1703.47,381278,4962841,940920503
2010-06-30,1698.29,-9.47,-0.55,1678.54,1699.55,1675.47,341735,5402907,936499676
2010-07-01,1686.24,-12.05,-0.71,1687,1693.9,1664.54,327662,5830574,929552733
2010-07-02,1671.82,-14.42,-0.86,1688.95,1693.75,1667.38,344945,5546653,921964283
2010-07-05,1675.37,3.55,0.21,1675.43,1680.39,1664.22,356620,4188329,924209362
2010-07-06,1684.94,9.57,0.57,1664.87,1684.94,1650.3,337490,4913935,929643093
2010-07-07,1675.65,-9.29,-0.55,1685.77,1685.77,1668.61,345702,4631633,923980916
2010-07-08,1698.64,22.99,1.37,1699.17,1702.65,1692.93,330725,5115965,936618008
2010-07-09,1723.01,24.37,1.43,1708.72,1723.14,1697.61,471781,5582673,950204460
2010-07-12,1734.05,11.04,0.64,1731.73,1734.05,1724.6,345884,4677173,956636107
2010-07-13,1735.08,1.03,0.06,1737.92,1750.48,1732.85,412054,5669972,957189623
2010-07-14,1758.01,22.93,1.32,1754.43,1764.81,1754.12,534459,8079352,970078653
2010-07-15,1751.29,-6.72,-0.38,1754.71,1759.19,1748.98,392853,5571613,966531098
2010-07-16,1738.45,-12.84,-0.73,1751.2,1754.28,1736.66,376493,6033762,959402230
2010-07-19,1731.95,-6.5,-0.37,1719.14,1737.9,1717.97,282114,4550744,955706635
2010-07-20,1736.77,4.82,0.28,1727.38,1740.82,1724.6,308028,4875406,958707034
2010-07-21,1748.78,12.01,0.69,1752.69,1755.66,1740.11,375929,5856048,965400613
2010-07-22,1735.53,-13.25,-0.76,1744.7,1752.58,1732.49,405179,7179374,957878764
2010-07-23,1758.06,22.53,1.3,1756.38,1760.62,1745.04,372764,7037711,970315129
2010-07-26,1769.07,11.01,0.63,1760.1,1774.05,1758.99,320599,5166245,976682973
2010-07-27,1768.31,-0.76,-0.04,1775.47,1778.72,1765.42,361543,5845757,976606892
2010-07-28,1773.47,5.16,0.29,1773.69,1775.82,1764.54,325704,5262638,979522597
2010-07-29,1770.88,-2.59,-0.15,1770.44,1776.96,1767.96,348622,5440527,978094023
2010-07-30,1759.33,-11.55,-0.65,1768.24,1774.74,1754.58,370940,5341377,972819699
2010-08-02,1782.27,22.94,1.3,1771.38,1784.1,1767.6,332860,5819380,985548361
2010-08-03,1790.6,8.33,0.47,1796,1796.28,1784.57,349328,5613675,990211755
2010-08-04,1789.26,-1.34,-0.07,1795.23,1795.23,1774.48,335353,5785528,989622736
2010-08-05,1783.86,-5.4,-0.3,1796.63,1797.42,1773.49,338135,6250711,986327791
2010-08-06,1783.83,-0.03,0,1782.47,1785.98,1769.46,336264,5690651,985995899
2010-08-09,1790.17,6.34,0.36,1779.38,1790.21,1776.72,290699,4133761,989373643
2010-08-10,1781.13,-9.04,-0.5,1792.12,1794.55,1779.57,301059,4965797,984549718
2010-08-11,1758.19,-22.94,-1.29,1775.34,1776.99,1754.18,380356,5459258,972024641
2010-08-12,1721.75,-36.44,-2.07,1731.34,1742.8,1721.75,359759,5414134,952197657
2010-08-13,1746.24,24.49,1.42,1731.15,1747.11,1725.24,278600,4474350,965901860
2010-08-16,1743.31,-2.93,-0.17,1735.36,1746.02,1716.86,314462,4185652,964390896
2010-08-17,1755.03,11.72,0.67,1737.36,1757.22,1734.51,426997,4547668,970695392
2010-08-18,1761.99,6.96,0.4,1763.84,1765.01,1753.68,371485,5021971,974584811
2010-08-19,1779.64,17.65,1,1763.6,1781.07,1762.98,344946,5249783,984223077
2010-08-20,1775.54,-4.1,-0.23,1769.02,1776.35,1765.58,362004,5128307,981855146
2010-08-23,1767.71,-7.83,-0.44,1780.59,1788.71,1766.77,330335,5313811,977559262
2010-08-24,1760.53,-7.18,-0.41,1757.1,1771.76,1749.11,401705,5154349,973681852
2010-08-25,1734.79,-25.74,-1.46,1745.77,1753.57,1734.79,346278,4777175,959346031
2010-08-26,1729.76,-5.03,-0.29,1744.08,1744.4,1729.76,303049,4639292,956639479
2010-08-27,1729.56,-0.2,-0.01,1724,1732.84,1719.2,245581,4090190,956732482
2010-08-30,1760.13,30.57,1.77,1749.02,1760.35,1746.21,247358,3958870,973315157
2010-08-31,1742.75,-17.38,-0.99,1746.85,1752.07,1736.23,289492,5079126,963954317
2010-09-01,1764.69,21.94,1.26,1751.96,1767.21,1748.3,305273,5867851,976057545
2010-09-02,1775.73,11.04,0.63,1783.22,1783.85,1767.67,292784,5685857,982044933
2010-09-03,1780.02,4.29,0.24,1780.8,1786.04,1774.95,312016,6057612,984214267
2010-09-06,1792.42,12.4,0.7,1791.76,1794.07,1784.49,328107,5458249,990985527
2010-09-07,1787.74,-4.68,-0.26,1792.07,1796.5,1786.37,316856,4837178,988452926
2010-09-08,1779.22,-8.52,-0.48,1780.48,1785.48,1770.78,322531,5004817,983842645
2010-09-09,1784.36,5.14,0.29,1786.83,1790.47,1775.07,367865,6096389,986752396
2010-09-10,1802.58,18.22,1.02,1792.75,1808.18,1791.95,340652,5591152,996742659
2010-09-13,1818.86,16.28,0.9,1812.03,1819.12,1807.59,386840,6867751,1007184438
2010-09-14,1815.25,-3.61,-0.2,1824.78,1827.03,1810.78,387030,6878189,1005131074
2010-09-15,1823.88,8.63,0.48,1817.3,1827,1813.09,338940,6657851,1009852827
2010-09-16,1811.85,-12.03,-0.66,1822.35,1824.61,1811.85,336254,5965157,1003367461
2010-09-17,1827.35,15.5,0.86,1823.64,1828.54,1812.05,317384,6832277,1011958351
2010-09-20,1832.63,5.28,0.29,1821.52,1833.78,1818.6,242696,4218241,1015036288
2010-09-24,1846.6,13.97,0.76,1830.22,1846.6,1825.8,274233,5673686,1022718443
2010-09-27,1860.83,14.23,0.77,1856.42,1862.03,1851.97,383634,7005346,1030492517
2010-09-28,1855.97,-4.86,-0.26,1859.04,1862.72,1852.52,357138,6445292,1028220093
2010-09-29,1866.45,10.48,0.56,1865.27,1873.79,1864.43,359928,7338218,1034041887
2010-09-30,1872.81,6.36,0.34,1870.21,1872.81,1861.18,353547,6297980,1037666712
2010-10-01,1876.73,3.92,0.21,1872.39,1884,1868.9,366197,6920430,1040141242
2010-10-04,1879.29,2.56,0.14,1884.49,1889.5,1875.93,392497,7256261,1041862613
2010-10-05,1878.94,-0.35,-0.02,1874.1,1885,1868.89,342730,6442690,1041756503
2010-10-06,1903.95,25.01,1.33,1897.07,1905.73,1894.02,392055,7703166,1055780889
2010-10-07,1900.85,-3.1,-0.16,1901.2,1906.02,1893.14,398965,7624706,1053858434
2010-10-08,1897.07,-3.78,-0.2,1900.86,1900.86,1887.98,374068,7124179,1051643396
2010-10-11,1889.91,-7.16,-0.38,1908.55,1909.01,1885.08,341188,6186663,1047546037
2010-10-12,1868.04,-21.87,-1.16,1892.27,1893.13,1857.93,315470,5929050,1035226801
2010-10-13,1876.15,8.11,0.43,1878.58,1881.2,1866.41,318752,6036499,1039771676
2010-10-14,1899.76,23.61,1.26,1886.68,1899.76,1884.45,375104,7577576,1053019792
2010-10-15,1902.29,2.53,0.13,1898.85,1903.25,1893.76,369334,6382288,1054615809
2010-10-18,1875.42,-26.87,-1.41,1904.57,1904.79,1875.42,372186,5673425,1040034795
2010-10-19,1857.32,-18.1,-0.97,1878.98,1885.23,1857.32,426766,5789406,1030249139
2010-10-20,1870.44,13.12,0.71,1844.41,1875.76,1837.08,367890,5941455,1037656259
2010-10-21,1874.69,4.25,0.23,1878.51,1879.08,1858.38,414874,7202137,1040401039
2010-10-22,1897.31,22.62,1.21,1882.08,1897.31,1880.25,348416,5958618,1052924511
2010-10-25,1915.71,18.4,0.97,1902.51,1918.87,1899.08,408170,6625331,1063076227
2010-10-26,1919.41,3.7,0.19,1913.25,1919.56,1909.27,351859,6579873,1065165723
2010-10-27,1909.54,-9.87,-0.51,1919.48,1924.61,1902.18,392949,6836415,1059605447
2010-10-28,1907.87,-1.67,-0.09,1909.38,1914.89,1901.8,348383,5599971,1058786941
2010-10-29,1882.95,-24.92,-1.31,1913.61,1913.95,1875.31,375835,6067064,1045085747
2010-11-01,1914.74,31.79,1.69,1889.57,1914.74,1880.25,343303,6074095,1062600383
2010-11-02,1918.04,3.3,0.17,1912.28,1920.29,1907.18,340827,6498418,1064288619
2010-11-03,1935.97,17.93,0.93,1931.13,1943.23,1930.11,358980,6831168,1074183559
2010-11-04,1942.5,6.53,0.34,1941.56,1945.58,1936.04,324776,6432446,1078243937
2010-11-05,1938.96,-3.54,-0.18,1962.34,1966.99,1938.57,401398,7966855,1076478510
2010-11-08,1942.41,3.45,0.18,1946.76,1948.44,1930.29,312654,5493256,1078390143
2010-11-09,1947.46,5.05,0.26,1943.56,1947.66,1935.38,298819,6179718,1080933517
2010-11-10,1967.85,20.39,1.05,1945.73,1967.85,1945.28,366013,6620584,1092411837
2010-11-11,1914.73,-53.12,-2.7,1966.5,1976.46,1914.73,373175,9622796,1063573102
2010-11-12,1913.12,-1.61,-0.08,1951.35,1958.22,1899.49,465469,9459309,1062551918
2010-11-15,1913.81,0.69,0.04,1918.69,1925.43,1900.25,303805,6156939,1063057803
2010-11-16,1899.13,-14.68,-0.77,1912.11,1916.07,1890,336328,7041556,1055199128
2010-11-17,1897.11,-2.02,-0.11,1877.23,1908.17,1875.34,293292,5852088,1054090202
2010-11-18,1927.86,30.75,1.62,1908.38,1929.24,1904.37,271425,5730263,1071012988
2010-11-19,1940.96,13.1,0.68,1936.74,1940.96,1927.81,292691,6090464,1078548325
2010-11-22,1944.34,3.38,0.17,1947.01,1954.78,1939.51,330550,7475441,1080704923
2010-11-23,1928.94,-15.4,-0.79,1938.91,1943.48,1919.15,377790,7441082,1072265418
2010-11-24,1925.98,-2.96,-0.15,1883.92,1928.45,1882.52,451503,8125499,1070708265
2010-11-25,1927.68,1.7,0.09,1934.97,1935.59,1916.16,323352,5732687,1071596123
2010-11-26,1901.8,-25.88,-1.34,1932.78,1936.72,1893.94,459214,5826764,1057348299
2010-11-29,1895.54,-6.26,-0.33,1904.95,1912.53,1880.58,299801,4611454,1053688675
2010-11-30,1904.63,9.09,0.48,1889.89,1917.57,1889.86,443688,6207086,1058643583
2010-12-01,1929.32,24.69,1.3,1907.7,1929.32,1904.71,339157,5030412,1072337266
2010-12-02,1950.26,20.94,1.09,1943.71,1950.26,1940.23,439005,5924099,1084473621
2010-12-03,1957.26,7,0.36,1960.61,1960.61,1948.51,438585,6911006,1088422226
2010-12-06,1953.64,-3.62,-0.18,1961.23,1961.47,1946.35,460284,5519111,1086365254
2010-12-07,1962.52,8.88,0.45,1955.63,1964.64,1952.56,639162,6303216,1091261787
2010-12-08,1955.72,-6.8,-0.35,1960.3,1970.91,1953.97,496386,5509381,1087565739
2010-12-09,1988.96,33.24,1.7,1963.88,1988.96,1961.68,448349,7015508,1105948367
2010-12-10,1986.14,-2.82,-0.14,1984.11,1991.96,1979.73,373855,5592144,1104289539
2010-12-13,1996.59,10.45,0.53,1993.42,1997.36,1983.93,385628,5176667,1110057744
2010-12-14,2009.05,12.46,0.62,2000.6,2009.05,1996.82,396589,6484482,1118279306
2010-12-15,2017.48,8.43,0.42,2009.2,2017.48,2004.06,490269,6691418,1122919615
2010-12-16,2009.24,-8.24,-0.41,2009.86,2019.49,2002.33,362506,5473248,1118212719
2010-12-17,2026.3,17.06,0.85,2018.28,2027.55,2010.75,503495,6909515,1127884814
2010-12-20,2020.28,-6.02,-0.3,2008.14,2021.7,1996.44,409153,7207171,1124644910
2010-12-21,2037.09,16.81,0.83,2035.11,2043.81,2032.66,370450,7396369,1133777121
2010-12-22,2038.11,1.02,0.05,2039.35,2045.39,2035.25,335352,6204326,1134396979
2010-12-23,2037.53,-0.58,-0.03,2042.41,2043.62,2028.78,341067,5238857,1134508353
2010-12-24,2029.6,-7.93,-0.39,2040.64,2042.89,2027.96,317438,5437041,1130297621
2010-12-27,2022.19,-7.41,-0.37,2024.56,2034.62,2018.75,282872,5396242,1126534941
2010-12-28,2033.32,11.13,0.55,2028.41,2041.83,2026.57,360188,6051666,1132715013
2010-12-29,2043.49,10.17,0.5,2028.57,2043.49,2027.52,282562,5054605,1137698520
2010-12-30,2051,7.51,0.37,2047.82,2052.97,2041.66,305881,5396897,1141885458
2011-01-03,2070.08,19.08,0.93,2063.69,2070.09,2054.83,354083,5941471,1153204185
2011-01-04,2085.14,15.06,0.73,2074.56,2085.14,2069.12,415907,7799740,1163384106
2011-01-05,2082.55,-2.59,-0.12,2083.1,2087.14,2076.92,386065,8609367,1162008606
2011-01-06,2077.61,-4.94,-0.24,2094.35,2096.65,2066.1,407829,8804442,1159300879
2011-01-07,2086.2,8.59,0.41,2073.68,2086.2,2068.66,335559,7675865,1164242711
2011-01-10,2080.81,-5.39,-0.26,2082.29,2088.64,2069.3,342637,7324759,1161296287
2011-01-11,2088.32,7.51,0.36,2079.85,2088.32,2059.67,410949,7021419,1165326146
2011-01-12,2094.95,6.63,0.32,2091.7,2098,2085.99,433264,8017806,1169057029
2011-01-13,2089.48,-5.47,-0.26,2097.04,2109.34,2083.8,424205,9204262,1165839514
2011-01-14,2108.17,18.69,0.89,2089.7,2108.17,2076.44,424721,8901923,1176340368
2011-01-17,2099.85,-8.32,-0.39,2112.37,2118.86,2099.84,428364,8159169,1171862510
2011-01-18,2096.48,-3.37,-0.16,2095.85,2111.4,2093.32,454895,8055007,1171595151
2011-01-19,2115.69,19.21,0.92,2106.53,2119.24,2084.08,425470,8741413,1182475352
2011-01-20,2106.66,-9.03,-0.43,2111.41,2114.2,2102.61,335462,6610410,1177156834
2011-01-21,2069.92,-36.74,-1.74,2103.74,2104.39,2066.82,395396,7528693,1156643407
2011-01-24,2082.16,12.24,0.59,2067.32,2082.97,2064,340241,6098845,1163233466
2011-01-25,2086.67,4.51,0.22,2092.27,2105.33,2083.8,420956,7467409,1165945805
2011-01-26,2110.46,23.79,1.14,2093.59,2112.33,2092.41,369361,6249682,1179218741
2011-01-27,2115.01,4.55,0.22,2115.04,2121.06,2108.53,358857,7461008,1181918234
2011-01-28,2107.87,-7.14,-0.34,2115.69,2119.49,2095.36,412955,8003552,1178152242
2011-01-31,2069.73,-38.14,-1.81,2080.6,2089.72,2069.73,320903,7409382,1156745580
2011-02-01,2072.03,2.3,0.11,2079.92,2086.56,2071.73,290811,6225210,1152624035
2011-02-07,2081.74,9.71,0.47,2102.76,2107.83,2081.73,285936,6636790,1157785017
2011-02-08,2069.7,-12.04,-0.58,2090.47,2092.43,2066.71,300332,7344362,1150674402
2011-02-09,2045.58,-24.12,-1.17,2077.12,2077.12,2037.3,333191,6834293,1137476440
2011-02-10,2008.5,-37.08,-1.81,2041.07,2043.07,2008.5,309760,7207061,1116828227
2011-02-11,1977.19,-31.31,-1.56,2010.29,2021.42,1975.47,317289,7451991,1099355689
2011-02-14,2014.59,37.4,1.89,1999.09,2015.84,1986.94,279515,5784285,1120230499
2011-02-15,2010.52,-4.07,-0.2,2018.4,2029.99,2003.58,275029,5868814,1118317847
2011-02-16,1989.11,-21.41,-1.06,2007.08,2021.69,1989.11,297634,5750879,1105981410
2011-02-17,1977.22,-11.89,-0.6,2002,2006.59,1959.71,340276,6907021,1099612910
2011-02-18,2013.14,35.92,1.82,1989.24,2015.78,1981.75,493969,5918960,1119122425
2011-02-21,2005.3,-7.84,-0.39,2014.15,2014.98,1991.7,324237,5968227,1116595539
2011-02-22,1969.92,-35.38,-1.76,1978.34,1982.7,1958.77,346087,6230606,1096886911
2011-02-23,1961.63,-8.29,-0.42,1962.7,1977.99,1951.75,308586,5744760,1093424913
2011-02-24,1949.88,-11.75,-0.6,1957.63,1970.66,1945.41,281574,5442691,1087166638
2011-02-25,1963.43,13.55,0.69,1956.02,1965.48,1941.15,306888,5029012,1099478603
2011-02-28,1939.3,-24.13,-1.23,1954.4,1958.59,1935.93,263869,4698460,1086352090
2011-03-02,1928.24,-11.06,-0.57,1922.38,1940.78,1921.34,207670,4680863,1080377959
2011-03-03,1970.66,42.42,2.2,1942.24,1970.66,1941.23,284829,5205678,1103718170
2011-03-04,2004.68,34.02,1.73,1989.88,2008.89,1984.15,334579,6175499,1123185173
2011-03-07,1980.27,-24.41,-1.22,1996.48,2005.43,1978.13,255919,4802369,1109581295
2011-03-08,1996.32,16.05,0.81,1984.08,2007.24,1974.73,304750,5480526,1118716610
2011-03-09,2001.47,5.15,0.26,2007.79,2016.68,1991.52,315357,6574753,1121674598
2011-03-10,1981.58,-19.89,-0.99,1999.38,2001.27,1973.88,288387,7294854,1111915095
2011-03-11,1955.54,-26.04,-1.31,1956.34,1970.7,1949.32,267174,5541132,1097437201
2011-03-14,1971.23,15.69,0.8,1949.08,1971.23,1928.99,388622,9563434,1106686377
2011-03-15,1923.92,-47.31,-2.4,1966.82,1985.82,1882.09,403890,9848213,1080148447
2011-03-16,1957.97,34.05,1.77,1951.68,1965.15,1931.38,284416,7178788,1098861235
2011-03-17,1959.03,1.06,0.05,1921.59,1961.09,1919.13,305714,6935374,1099182499
2011-03-18,1981.13,22.1,1.13,1963.17,1988.04,1960.49,291299,6933050,1111377332
2011-03-21,2003.42,22.29,1.13,1985.47,2005.32,1985.15,292260,5710479,1123639050
2011-03-22,2013.66,10.24,0.51,2012.48,2016.27,2004.36,304108,7497670,1128759615
2011-03-23,2012.18,-1.48,-0.07,2019.18,2022.14,2005.59,312568,7605202,1128064986
2011-03-24,2036.78,24.6,1.22,2022.26,2036.93,2022.08,295492,6731748,1141778492
2011-03-25,2054.04,17.26,0.85,2058.35,2060.29,2041.72,311218,7256498,1151947697
2011-03-28,2056.39,2.35,0.11,2054.28,2059.92,2043.99,285363,6485062,1153225476
2011-03-29,2072.13,15.74,0.77,2052.87,2072.13,2050.09,250467,6321740,1161873628
2011-03-30,2091.38,19.25,0.93,2075.91,2100.2,2074.26,316864,8369190,1172989071
2011-03-31,2106.7,15.32,0.73,2098.09,2106.74,2089.12,317892,8406348,1181416523
2011-04-01,2121.01,14.31,0.68,2107.67,2121.02,2101.83,337942,7653432,1189473238
2011-04-04,2115.87,-5.14,-0.24,2124.37,2125.53,2103.82,301801,8092514,1186494800
2011-04-05,2130.43,14.56,0.69,2118.08,2130.43,2107.78,327665,6720871,1194593648
2011-04-06,2126.71,-3.72,-0.17,2129.13,2136.29,2119.66,423048,8937472,1192523858
2011-04-07,2122.14,-4.57,-0.21,2133.31,2135.73,2111.54,382814,7428609,1189993377
2011-04-08,2127.97,5.83,0.27,2119.01,2135.98,2118.72,392842,8880397,1193116558
2011-04-11,2122.39,-5.58,-0.26,2127.2,2135.33,2115.89,316066,7414401,1189910908
2011-04-12,2089.4,-32.99,-1.55,2117.21,2117.21,2088.67,311138,7024011,1171491052
2011-04-13,2121.92,32.52,1.56,2091.68,2121.93,2081.98,348085,6918450,1189878061
2011-04-14,2141.06,19.14,0.9,2116.49,2141.07,2109.63,371732,9509774,1200584798
2011-04-15,2140.5,-0.56,-0.03,2136.27,2142.71,2126.59,356652,8317169,1200271488
2011-04-18,2137.72,-2.78,-0.13,2146.83,2149.45,2128.02,358281,9577166,1198613311
2011-04-19,2122.68,-15.04,-0.7,2117.94,2136.95,2111.6,375025,9042177,1190379049
2011-04-20,2169.91,47.23,2.23,2146.38,2169.94,2138.8,374320,10274200,1216638171
2011-04-21,2198.54,28.63,1.32,2190.64,2211.36,2183.52,415980,12719486,1232457693
2011-04-22,2197.82,-0.72,-0.03,2203.04,2208.06,2190.87,390812,9881427,1231675174
2011-04-25,2216,18.18,0.83,2205.2,2218.07,2199.27,354022,8152120,1241826577
2011-04-26,2206.3,-9.7,-0.44,2219.47,2222.56,2196.76,439336,11481568,1236738521
2011-04-27,2206.7,0.4,0.02,2225.95,2231.47,2191.82,423198,13259094,1237255134
2011-04-28,2208.35,1.65,0.07,2215.42,2225.35,2194.15,354850,10524803,1238492930
2011-04-29,2192.36,-15.99,-0.72,2211.33,2219.6,2177.8,364121,11369962,1229813409
2011-05-02,2228.96,36.6,1.67,2203.09,2229.09,2202.92,302491,8417233,1250288118
2011-05-03,2200.73,-28.23,-1.27,2224.4,2228.04,2188.11,375103,8557282,1234459630
2011-05-04,2180.64,-20.09,-0.91,2196.9,2201.69,2173.21,393736,8461870,1223067127
2011-05-06,2147.45,-33.19,-1.52,2153.5,2156.81,2133.97,344194,8601909,1204677945
2011-05-09,2139.17,-8.28,-0.39,2157.95,2161.93,2136.59,253934,5874813,1200153448
2011-05-11,2166.63,27.46,1.28,2161.44,2166.63,2144.94,378036,7145271,1215421664
2011-05-12,2122.65,-43.98,-2.03,2139.24,2149.42,2122.6,382254,7606626,1190966104
2011-05-13,2120.08,-2.57,-0.12,2133.99,2134.53,2103.06,397073,8668257,1189746839
2011-05-16,2104.18,-15.9,-0.75,2104.67,2115.25,2097.16,273619,6244501,1180704016
2011-05-17,2102.41,-1.77,-0.08,2103.82,2111.44,2092.32,300785,5816925,1179634987
2011-05-18,2135.78,33.37,1.59,2110.7,2138.72,2106.41,259991,7215357,1198282118
2011-05-19,2095.51,-40.27,-1.89,2141.29,2143.41,2092.61,283358,7961200,1175716166
2011-05-20,2111.5,15.99,0.76,2101.45,2112.48,2084.06,282777,6182381,1184395237
2011-05-23,2055.71,-55.79,-2.64,2100.44,2100.44,2055.71,292953,6350014,1153458200
2011-05-24,2061.76,6.05,0.29,2052.44,2070.64,2048.55,268517,6095592,1156564018
2011-05-25,2035.87,-25.89,-1.26,2073.53,2082.12,2030.68,344973,6924689,1142389973
2011-05-26,2091.91,56.04,2.75,2059.93,2094.35,2056.49,296695,7279454,1173540159
2011-05-27,2100.24,8.33,0.4,2087.36,2111.36,2085.24,272782,7237259,1178266981
2011-05-30,2093.79,-6.45,-0.31,2115.27,2116.13,2085.75,213193,5747086,1174515169
2011-05-31,2142.47,48.68,2.32,2104.16,2146.79,2102.77,303264,9496716,1201535708
2011-06-01,2141.34,-1.13,-0.05,2142.67,2152.95,2132.85,294708,8124100,1201658965
2011-06-02,2114.2,-27.14,-1.27,2098.37,2126.8,2093.97,248779,7307482,1186603079
2011-06-03,2113.47,-0.73,-0.03,2123.47,2131.93,2108.75,264108,6858157,1186958412
2011-06-07,2099.71,-13.76,-0.65,2093.45,2106.85,2091.26,246621,6213589,1179333160
2011-06-08,2083.35,-16.36,-0.78,2102.97,2109.11,2068.78,281368,6665898,1170446285
2011-06-09,2071.42,-11.93,-0.57,2076.7,2088.82,2067.58,283662,7393646,1163744258
2011-06-10,2046.67,-24.75,-1.19,2085.85,2093.94,2045.24,265874,7181166,1150248425
2011-06-13,2048.74,2.07,0.1,2030.54,2057.65,2025.42,218485,5608764,1151153827
2011-06-14,2076.83,28.09,1.37,2045.22,2082.25,2040.69,209519,6201674,1167172553
2011-06-15,2086.53,9.7,0.47,2087.96,2091,2064.82,229156,6080612,1172762619
2011-06-16,2046.63,-39.9,-1.91,2057.16,2068.17,2043.81,234158,5887030,1150630652
2011-06-17,2031.93,-14.7,-0.72,2057.46,2058.67,2008.84,282483,8101624,1142098434
2011-06-20,2019.65,-12.28,-0.6,2034.35,2047.12,2017.52,229184,6377178,1134887988
2011-06-21,2048.17,28.52,1.41,2041.15,2051.19,2015.86,278610,6813490,1150933542
2011-06-22,2063.9,15.73,0.77,2066.91,2074.46,2059.36,263839,6353157,1159768465
2011-06-23,2055.86,-8.04,-0.39,2048.06,2064.96,2048.06,259638,5407198,1155197053
2011-06-24,2090.81,34.95,1.7,2063.92,2090.82,2062.26,294102,8104801,1174795233
2011-06-27,2070.29,-20.52,-0.98,2076.01,2076.94,2058.4,246532,4958947,1163016186
2011-06-28,2062.91,-7.38,-0.36,2092.94,2099.94,2062.91,328640,5870037,1158896707
2011-06-29,2094.42,31.51,1.53,2097.87,2098.95,2081.71,256146,5915864,1177629255
2011-06-30,2100.69,6.27,0.3,2103.59,2105.47,2091.09,257291,6428419,1183469296
2011-07-01,2125.74,25.05,1.19,2120.03,2131.67,2116.68,273414,6811813,1197691904
2011-07-04,2145.3,19.56,0.92,2143.24,2153.29,2141.98,290459,6760170,1208899354
2011-07-05,2161.75,16.45,0.77,2149.4,2163.37,2145.87,284885,6460079,1218330865
2011-07-06,2171.19,9.44,0.44,2156.94,2171.19,2155.33,275940,7277886,1223542028
2011-07-07,2180.59,9.4,0.43,2167.18,2184.94,2165.15,355587,8239765,1228757573
2011-07-08,2180.35,-0.24,-0.01,2192.83,2192.83,2173.96,323024,9318017,1228916647
2011-07-11,2157.16,-23.19,-1.06,2167.94,2171.29,2151.84,240691,5615933,1216062170
2011-07-12,2109.73,-47.43,-2.2,2131.07,2136.98,2107.95,286417,6246443,1189654998
2011-07-13,2129.64,19.91,0.94,2117.12,2129.64,2107.63,306087,6569547,1200628389
2011-07-14,2130.07,0.43,0.02,2119.06,2130.08,2105.24,307418,8198559,1201192340
2011-07-15,2145.2,15.13,0.71,2123.57,2145.2,2123,272103,6111820,1209584112
2011-07-18,2130.48,-14.72,-0.69,2149.97,2149.97,2121.73,329001,6095542,1201282997
2011-07-19,2130.21,-0.27,-0.01,2127.13,2140.44,2123.43,303460,6156964,1201201490
2011-07-20,2154.95,24.74,1.16,2158.88,2164.22,2149.25,373914,8387524,1215223405
2011-07-21,2145.04,-9.91,-0.46,2153.94,2155.49,2135.66,362340,7342152,1209551460
2011-07-22,2171.23,26.19,1.22,2162,2171.24,2153.49,412964,7351118,1224620562
2011-07-25,2150.48,-20.75,-0.96,2154,2158.35,2146.99,341969,5931765,1213021926
2011-07-26,2168.7,18.22,0.85,2163.08,2168.7,2148.22,330151,6704314,1223228483
2011-07-27,2174.31,5.61,0.26,2152.66,2174.73,2151.84,297092,6319515,1226284498
2011-07-28,2155.85,-18.46,-0.85,2138.61,2160.44,2138.61,299515,5882751,1215976556
2011-07-29,2133.21,-22.64,-1.05,2159.27,2159.27,2133.21,328774,6020141,1203578277
2011-08-01,2172.31,39.1,1.83,2160.09,2173.28,2158.24,262846,6427039,1225742990
2011-08-02,2121.27,-51.04,-2.35,2152.85,2155.44,2114.75,350312,7695653,1197148101
2011-08-03,2066.26,-55.01,-2.59,2079.19,2080.76,2056.53,434482,8044964,1166087623
2011-08-04,2018.47,-47.79,-2.31,2067.17,2071.03,2015.23,356391,7657734,1139294680
2011-08-05,1943.75,-74.72,-3.7,1937.17,1966.73,1920.67,480968,10397344,1097159530
2011-08-08,1869.45,-74.3,-3.82,1916.57,1939.92,1800,571105,10810135,1055252387
2011-08-09,1801.35,-68.1,-3.64,1807.88,1828.63,1684.68,684991,13504985,1016755822
2011-08-10,1806.24,4.89,0.27,1877.4,1877.4,1802.29,486308,11197248,1019901953
2011-08-11,1817.44,11.2,0.62,1733.92,1832.48,1733.92,438895,8888936,1026226215
2011-08-12,1793.31,-24.13,-1.33,1844.13,1847.12,1788.97,468854,8993165,1012639818
2011-08-16,1879.87,86.56,4.83,1850.53,1879.87,1848.82,423450,7092013,1061488081
2011-08-17,1892.67,12.8,0.68,1868.85,1906.61,1868.6,430980,6368751,1068514035
2011-08-18,1860.58,-32.09,-1.7,1891.82,1894.94,1833.34,503354,8460599,1050327510
2011-08-19,1744.88,-115.7,-6.22,1789.78,1797.18,1744.86,503835,9509813,985507692
2011-08-22,1710.7,-34.18,-1.96,1756.59,1763.64,1704.54,420268,7281790,966478199
2011-08-23,1776.68,65.98,3.86,1735.23,1781.92,1719.97,428457,8096576,1003576643
2011-08-24,1754.78,-21.9,-1.23,1788.39,1799.11,1744.07,412561,7759920,991373084
2011-08-25,1764.58,9.8,0.56,1791.08,1803.77,1762.79,398182,6039178,997486130
2011-08-26,1778.95,14.37,0.81,1754.39,1782.9,1754.39,310994,4950928,1005706804
2011-08-29,1829.5,50.55,2.84,1807.6,1836.66,1787.29,339096,6499782,1033964422
2011-08-30,1843.82,14.32,0.78,1853.77,1863.51,1835.65,493171,6518538,1042182129
2011-08-31,1880.11,36.29,1.97,1846.89,1880.11,1837.82,410350,6548723,1062663271
2011-09-01,1880.7,0.59,0.03,1887.21,1928.4,1877.4,500400,8722077,1063398229
2011-09-02,1867.75,-12.95,-0.69,1872.62,1890.86,1853.7,442558,5529121,1056107322
2011-09-05,1785.83,-81.92,-4.39,1829.3,1829.75,1785.82,414041,5902507,1009866663
2011-09-06,1766.71,-19.12,-1.07,1752.98,1790.47,1744.03,505301,6592715,999276616
2011-09-07,1833.46,66.75,3.78,1811.6,1833.54,1798.79,417889,6157974,1037168513
2011-09-08,1846.64,13.18,0.72,1858.05,1858.05,1826.44,416661,7019834,1044647819
2011-09-09,1812.93,-33.71,-1.83,1817.1,1847.05,1812.9,331919,5523273,1026016145
2011-09-14,1749.16,-63.77,-3.52,1804.09,1807.47,1743.78,339699,5872974,989823119
2011-09-15,1774.08,24.92,1.42,1797.18,1806.63,1742.91,392101,6322419,1004011695
2011-09-16,1840.1,66.02,3.72,1819.45,1844.52,1807.62,430066,7639829,1040674112
2011-09-19,1820.94,-19.16,-1.04,1818.9,1839.82,1813.1,335585,4986032,1029879834
2011-09-20,1837.97,17.03,0.94,1819.84,1840.73,1793.75,321238,5538384,1039651561
2011-09-21,1854.28,16.31,0.89,1842.17,1869.77,1831.95,297584,5971826,1048762888
2011-09-22,1800.55,-53.73,-2.9,1807.24,1819.81,1785.69,295390,5783802,1018418633
2011-09-23,1697.44,-103.11,-5.73,1736.38,1743.49,1697.39,411837,7565051,960324773
2011-09-26,1652.71,-44.73,-2.64,1720.5,1721.03,1644.11,424262,7371959,935382491
2011-09-27,1735.71,83,5.02,1704.25,1735.71,1695.05,339822,6226371,982219222
2011-09-28,1723.09,-12.62,-0.73,1751.04,1762.67,1723.08,344432,6360416,975890589
2011-09-29,1769.29,46.2,2.68,1713.1,1769.75,1706.9,373919,6682576,1001668484
2011-09-30,1769.65,0.36,0.02,1759.52,1774.29,1742.89,354163,6551421,1001920300
2011-10-04,1706.19,-63.46,-3.59,1683.94,1706.45,1658.06,301541,6753150,966819366
2011-10-05,1666.52,-39.67,-2.33,1718.52,1718.52,1659.31,336296,7676993,944762965
2011-10-06,1710.32,43.8,2.63,1714.84,1733.7,1707.77,352625,7868461,969364910
2011-10-07,1759.77,49.45,2.89,1751.55,1765.43,1747.42,334732,7563471,996728120
2011-10-10,1766.44,6.67,0.38,1763.3,1783.37,1761.68,274639,5033066,1000538723
2011-10-11,1795.02,28.58,1.62,1810.36,1811.14,1792.78,399985,7153222,1016518313
2011-10-12,1809.5,14.48,0.81,1789.65,1810.51,1778.97,355347,5831022,1024751945
2011-10-13,1823.1,13.6,0.75,1831.95,1837.49,1823.1,431553,6649712,1032594261
2011-10-14,1835.4,12.3,0.67,1816.19,1839.19,1803.42,349010,5079715,1039982588
2011-10-17,1865.18,29.78,1.62,1855.72,1865.18,1845.43,367735,5922686,1056485746
2011-10-18,1838.9,-26.28,-1.41,1826.44,1845.18,1822.91,323455,6386362,1041799232
2011-10-19,1855.92,17.02,0.93,1851.84,1855.93,1834.38,340011,5768906,1051276589
2011-10-20,1805.09,-50.83,-2.74,1857.46,1870.5,1804.11,349123,6797451,1022960861
2011-10-21,1838.38,33.29,1.84,1831.89,1843.51,1809.42,355182,6463620,1041700141
2011-10-24,1898.32,59.94,3.26,1858.26,1898.32,1858.23,373903,6775213,1075216922
2011-10-25,1888.65,-9.67,-0.51,1900.99,1905.78,1883.68,354772,6098845,1069855936
2011-10-26,1894.31,5.66,0.3,1871.69,1896.02,1864.99,384786,5622895,1072704627
2011-10-27,1922.04,27.73,1.46,1906.16,1923.98,1891.23,418276,8066122,1088058942
2011-10-28,1929.48,7.44,0.39,1961.09,1963.74,1920.81,508760,10124481,1092618579
2011-10-31,1909.03,-20.45,-1.06,1922.31,1941.32,1902.04,393703,6433179,1081785632
2011-11-01,1909.63,0.6,0.03,1891.22,1925.08,1891.22,353626,6285357,1082696792
2011-11-02,1898.01,-11.62,-0.61,1870.51,1899.35,1859.83,389594,6758007,1076004508
2011-11-03,1869.96,-28.05,-1.48,1895.14,1895.14,1863.57,436425,6300666,1060087086
2011-11-04,1928.41,58.45,3.13,1911.56,1929.01,1906.33,466597,7161493,1093102064
2011-11-07,1919.1,-9.31,-0.48,1932.95,1932.95,1915.38,349699,5278008,1087907919
2011-11-08,1903.14,-15.96,-0.83,1927.89,1928.07,1900.09,403211,5230861,1078796430
2011-11-09,1907.53,4.39,0.23,1925.86,1929.65,1897.47,434624,6195596,1081658625
2011-11-10,1813.25,-94.28,-4.94,1860.96,1862.27,1813.25,401930,7902942,1028617421
2011-11-11,1863.45,50.2,2.77,1840.98,1863.46,1823.87,296907,5279685,1057051588
2011-11-14,1902.81,39.36,2.11,1889.33,1907.62,1889.33,327269,5267982,1078853548
2011-11-15,1886.12,-16.69,-0.88,1888.67,1900.58,1878.42,361434,4846933,1069085556
2011-11-16,1856.07,-30.05,-1.59,1898.14,1911.33,1853.13,407755,5676397,1054071562
2011-11-17,1876.67,20.6,1.11,1862.87,1876.88,1835.73,353144,4760666,1065288045
2011-11-18,1839.17,-37.5,-2,1839.63,1850.04,1832.17,337050,4814558,1043648093
2011-11-21,1820.03,-19.14,-1.04,1833.9,1833.9,1811.69,299737,4018004,1032780883
2011-11-22,1826.28,6.25,0.34,1798.41,1830.84,1797.93,271102,3945924,1036523834
2011-11-23,1783.1,-43.18,-2.36,1820.86,1820.86,1780.24,411239,4665456,1011727032
2011-11-24,1795.06,11.96,0.67,1775.82,1800.01,1769.43,280370,4194979,1019300746
2011-11-25,1776.4,-18.66,-1.04,1780.06,1790.81,1766.73,306414,4311348,1008677119
2011-11-28,1815.28,38.88,2.19,1804.8,1816.65,1795.39,277682,4304404,1030593864
2011-11-29,1856.52,41.24,2.27,1828.3,1856.76,1823.93,329522,6336967,1054313765
2011-11-30,1847.51,-9.01,-0.49,1847.17,1858.1,1838.7,334553,6502652,1049141145
2011-12-01,1916.18,68.67,3.72,1911.5,1926.33,1908.33,500455,9338549,1087816203
2011-12-02,1916.04,-0.14,-0.01,1914.41,1920.64,1905.69,389330,5824235,1087837646
2011-12-05,1922.9,6.86,0.36,1928.46,1929.18,1911.61,330236,4166261,1091784693
2011-12-06,1902.82,-20.08,-1.04,1914.49,1920.7,1892.01,383430,4644042,1080409632
2011-12-07,1919.42,16.6,0.87,1914.5,1921.52,1904.52,402804,5806817,1090515430
2011-12-08,1912.39,-7.03,-0.37,1911.07,1925.56,1898.34,426922,6004378,1087887776
2011-12-09,1874.75,-37.64,-1.97,1883.86,1894.59,1872.67,372814,5132355,1066565198
2011-12-12,1899.76,25.01,1.33,1902.75,1903.19,1890.18,409625,5365878,1080713925
2011-12-13,1864.06,-35.7,-1.88,1877.4,1880.4,1863.77,450083,5271931,1060252724
2011-12-14,1857.75,-6.31,-0.34,1852.2,1864.79,1851.89,401927,4410182,1056355325
2011-12-15,1819.11,-38.64,-2.08,1834.82,1840.94,1817.61,409620,5391436,1034636031
2011-12-16,1839.96,20.85,1.15,1827.83,1842.94,1823.68,489950,4377714,1046533511
2011-12-19,1776.93,-63.03,-3.43,1829.49,1829.49,1750.6,684314,6683264,1010870033
2011-12-20,1793.06,16.13,0.91,1791.62,1797.59,1780.1,389772,3992723,1019982859
2011-12-21,1848.41,55.35,3.09,1837.99,1850.67,1831.26,516913,5239156,1051439059
2011-12-22,1847.49,-0.92,-0.05,1841.23,1847.49,1835.91,406415,3136029,1051156173
2011-12-23,1867.22,19.73,1.07,1861.07,1872.31,1859.4,466332,4322574,1064015237
2011-12-26,1856.7,-10.52,-0.56,1873.07,1873.79,1851.99,434745,3038602,1059014215
2011-12-27,1842.02,-14.68,-0.79,1856.78,1864.71,1813.48,529919,4359041,1050888614
2011-12-28,1825.12,-16.9,-0.92,1833.26,1833.26,1817.97,378657,3305494,1041003536
2011-12-29,1825.74,0.62,0.03,1815.63,1835.19,1806.88,344646,3632134,1041999162
2012-01-02,1826.37,0.63,0.03,1831.69,1837.81,1814.55,323359,3304264,1042325073
2012-01-03,1875.41,49.04,2.69,1846.56,1875.41,1846.56,443474,4831854,1070059481
2012-01-04,1866.22,-9.19,-0.49,1883.48,1884.69,1866.22,494500,4714360,1064738870
2012-01-05,1863.74,-2.48,-0.13,1869.42,1875.97,1860.57,533768,4856718,1063280532
2012-01-06,1843.14,-20.6,-1.11,1867.12,1867.12,1824.29,472681,4424491,1051727698
2012-01-09,1826.49,-16.65,-0.9,1832.04,1832.04,1810.48,395512,4237522,1043623188
2012-01-10,1853.22,26.73,1.46,1841.13,1859.55,1840.47,388644,4927969,1058727535
2012-01-11,1845.55,-7.67,-0.41,1857.54,1857.82,1843.12,447956,4862021,1054656344
2012-01-12,1864.57,19.02,1.03,1853.1,1864.57,1837.96,476341,5407363,1065104857
2012-01-13,1875.68,11.11,0.6,1865.72,1881.84,1861.53,475033,5955531,1071501488
2012-01-16,1859.27,-16.41,-0.87,1860.77,1863.32,1843.86,391916,3938145,1062045079
2012-01-17,1892.74,33.47,1.8,1878.16,1892.76,1878.16,431988,6003928,1081010124
2012-01-18,1892.39,-0.35,-0.02,1891.17,1898.7,1884.33,428003,6069244,1081149678
2012-01-19,1914.97,22.58,1.19,1912.43,1914.98,1902.02,374372,6480555,1094332650
2012-01-20,1949.89,34.92,1.82,1922.13,1952.09,1922.13,404777,7359092,1114258768
2012-01-25,1952.23,2.34,0.12,1947.74,1973.35,1945.14,375933,6168946,1115552158
2012-01-26,1957.18,4.95,0.25,1959.19,1962.71,1949.51,408022,5549398,1117841827
2012-01-27,1964.83,7.65,0.39,1960.7,1966.2,1949.46,448919,6147986,1122208777
2012-01-30,1940.55,-24.28,-1.24,1956.63,1961.6,1936.14,411696,6395980,1108364922
2012-01-31,1955.79,15.24,0.79,1943.25,1960.44,1936.68,469194,6707348,1117151542
2012-02-01,1959.24,3.45,0.18,1948.57,1969.8,1947.46,501062,7156315,1119009871
2012-02-02,1984.3,25.06,1.28,1982.23,1993.88,1977.32,641047,8775975,1133236176
2012-02-03,1972.34,-11.96,-0.6,1982.24,1982.62,1961.95,535879,7522074,1126229235
2012-02-06,1973.13,0.79,0.04,1994.21,1996.05,1964.77,523217,7292492,1126834106
2012-02-07,1981.59,8.46,0.43,1976.77,1983.82,1971.33,539408,6581705,1131812830
2012-02-08,2003.73,22.14,1.12,1985.21,2003.73,1982.99,587909,7495414,1144240174
2012-02-09,2014.62,10.89,0.54,1998.2,2014.62,1978.51,557636,7982308,1150304988
2012-02-10,1993.71,-20.91,-1.04,2010.04,2011.52,1986.96,696742,7615142,1138181428
2012-02-13,2005.74,12.03,0.6,2000.66,2010.66,1991.28,452787,5757137,1145155872
2012-02-14,2002.64,-3.1,-0.15,1999.53,2008.65,1995.6,515881,6677664,1143629953
2012-02-15,2025.32,22.68,1.13,2012,2026.75,2009.68,681465,7694193,1156737378
2012-02-16,1997.45,-27.87,-1.38,2005.37,2012.44,1995.99,696686,6857741,1141138846
2012-02-17,2023.47,26.02,1.3,2025.56,2031.4,2019.79,731090,7480494,1156075606
2012-02-20,2024.9,1.43,0.07,2041.51,2047.43,2024.59,733915,6249373,1156912787
2012-02-21,2024.24,-0.66,-0.03,2022.05,2030.46,2007.46,709018,5622725,1156557672
2012-02-22,2028.65,4.41,0.22,2018.07,2028.93,2015.3,883739,6211737,1158991311
2012-02-23,2007.8,-20.85,-1.03,2016.46,2016.46,2001.25,690116,6379231,1150128511
2012-02-24,2019.89,12.09,0.6,2010.6,2019.9,1998.39,717914,5712026,1157117870
2012-02-27,1991.16,-28.73,-1.42,2013.61,2013.69,1987.74,636010,5581133,1140967727
2012-02-28,2003.69,12.53,0.63,1995.93,2006.26,1992.66,607928,6354433,1148095229
2012-02-29,2030.25,26.56,1.33,2015.38,2033.63,2015.38,562640,6814214,1163380790
2012-03-02,2034.63,4.38,0.22,2041.52,2046.82,2033.5,483187,5842717,1165946320
2012-03-05,2016.06,-18.57,-0.91,2028.97,2030.57,2011.5,548009,5127361,1155198110
2012-03-06,2000.36,-15.7,-0.78,2019.28,2023.83,1988.86,554733,5298150,1146426068
2012-03-07,1982.15,-18.21,-0.91,1968.72,1987.97,1966.69,511288,4976381,1136045079
2012-03-08,2000.76,18.61,0.94,1989.3,2004.72,1978.79,456093,6381064,1147029155
2012-03-09,2018.3,17.54,0.88,2017.67,2022.95,2001.67,416398,5404975,1157242883
2012-03-12,2002.5,-15.8,-0.78,2018.73,2019.14,2001.5,375480,4812518,1148208381
2012-03-13,2025.04,22.54,1.13,2012.91,2028.98,2012.91,448922,5657247,1161650378
2012-03-14,2045.08,20.04,0.99,2050.5,2057.28,2045.08,541113,6427318,1173323539
2012-03-15,2043.76,-1.32,-0.06,2044.01,2050.48,2038.6,476105,6006292,1172998457
2012-03-16,2034.44,-9.32,-0.46,2054.63,2054.99,2034.21,464242,5913260,1168105341
2012-03-19,2047,12.56,0.62,2040.07,2050.87,2036.35,555801,4976576,1175510789
2012-03-20,2042.15,-4.85,-0.24,2046.38,2055.34,2035.26,540337,5404193,1172815783
2012-03-21,2027.23,-14.92,-0.73,2031.58,2039.8,2022.97,517067,5174204,1164159170
2012-03-22,2026.12,-1.11,-0.05,2026.75,2031.42,2017.93,541726,5301426,1164051273
2012-03-23,2026.83,0.71,0.04,2015.07,2029.77,2013.72,506770,4829003,1164693249
2012-03-26,2019.19,-7.64,-0.38,2035.17,2041.05,2012.86,436975,4591120,1160220832
2012-03-27,2039.76,20.57,1.02,2042.47,2043.75,2028.39,606413,5147275,1172477800
2012-03-28,2031.74,-8.02,-0.39,2034.35,2038.45,2028.11,533801,5117814,1168088126
2012-03-29,2014.41,-17.33,-0.85,2019.41,2025.23,2004.94,470321,5007462,1157849112
2012-03-30,2014.04,-0.37,-0.02,2011.5,2018.09,2002.61,449871,5332965,1157582327
2012-04-02,2029.29,15.25,0.76,2022.42,2031.79,2015.72,409917,4339315,1166447109
2012-04-03,2049.28,19.99,0.99,2040.81,2051.8,2038.52,593278,6089846,1178138420
2012-04-04,2018.61,-30.67,-1.5,2046.9,2048.11,2015.57,621544,6426545,1160637903
2012-04-05,2028.77,10.16,0.5,2006.27,2030.69,1997.12,549308,5773456,1166855952
2012-04-06,2029.03,0.26,0.01,2026.32,2033.49,2022.81,536307,4563184,1166979558
2012-04-09,1997.08,-31.95,-1.57,2008.03,2009.36,1995.8,466746,4320749,1148860808
2012-04-10,1994.41,-2.67,-0.13,2000.77,2011.27,1990.13,543736,4966683,1147902758
2012-04-12,1986.63,-7.78,-0.39,1985.16,1986.63,1969.09,391511,5013904,1143425422
2012-04-13,2008.91,22.28,1.12,2001.71,2011.37,1996.23,495288,5489206,1156388307
2012-04-16,1992.63,-16.28,-0.81,1985.28,1998.35,1982.93,452523,3936659,1146989840
2012-04-17,1985.3,-7.33,-0.37,1995.33,1999.5,1982.44,445682,3989376,1141883974
2012-04-18,2004.53,19.23,0.97,2014.23,2014.95,2001.59,382938,4644963,1153190210
2012-04-19,1999.86,-4.67,-0.23,2000.4,2008.82,1994.61,412119,4130929,1150475581
2012-04-20,1974.65,-25.21,-1.26,1988.22,1988.22,1970.54,518733,4841201,1135852718
2012-04-23,1972.63,-2.02,-0.1,1971.39,1980.94,1964.12,585160,3579012,1134461838
2012-04-24,1963.42,-9.21,-0.47,1956.75,1972.24,1954.01,630804,5046901,1129400078
2012-04-25,1961.98,-1.44,-0.07,1980.51,1980.51,1961.97,681754,5090881,1129236340
2012-04-26,1964.04,2.06,0.1,1976.82,1979.43,1955.05,607424,5348150,1131131025
2012-04-27,1975.35,11.31,0.58,1972.05,1983.26,1967.84,484705,5349492,1137649563
2012-04-30,1981.99,6.64,0.34,1989.52,1991.12,1975.46,837865,6360434,1141667287
2012-05-02,1999.07,17.08,0.86,1994.17,2001.11,1989.55,653037,6688236,1151291103
2012-05-03,1995.11,-3.96,-0.2,1995.78,1998.9,1990.45,685809,4661425,1148799331
2012-05-04,1989.15,-5.96,-0.3,1987.03,1992.1,1981.58,608821,4948438,1144803204
2012-05-07,1956.44,-32.71,-1.64,1956.06,1960.51,1952.42,533663,4781277,1125871515
2012-05-08,1967.01,10.57,0.54,1967.28,1969.64,1961.44,492688,4225838,1131748885
2012-05-09,1950.29,-16.72,-0.85,1958.31,1962.04,1945.31,468023,4964577,1122527694
2012-05-10,1944.93,-5.36,-0.27,1944.8,1951.51,1937.14,425056,4465626,1119563513
2012-05-11,1917.13,-27.8,-1.43,1939,1939,1915.69,535932,4444515,1103853398
2012-05-14,1913.73,-3.4,-0.18,1917.26,1921.65,1900.43,399003,4080376,1102333436
2012-05-15,1898.96,-14.77,-0.77,1897.74,1904.99,1881.8,524595,5241113,1092989231
2012-05-16,1840.53,-58.43,-3.08,1886.69,1889.29,1840.23,426185,5565576,1059206810
2012-05-17,1845.24,4.71,0.26,1842.83,1856.34,1833.08,444286,5683444,1062131980
2012-05-18,1782.46,-62.78,-3.4,1813.79,1813.79,1779.47,547768,5754319,1026148099
2012-05-21,1799.13,16.67,0.94,1801.48,1804.48,1788.33,414130,4277567,1035910281
2012-05-22,1828.69,29.56,1.64,1825.82,1831.06,1813.53,428371,4943176,1053281065
2012-05-23,1808.62,-20.07,-1.1,1815.33,1815.33,1796.5,447564,4206101,1041766826
2012-05-24,1814.47,5.85,0.32,1807.07,1816.98,1800.74,407901,3601428,1044704233
2012-05-25,1824.17,9.7,0.53,1818.62,1831.78,1815.54,386490,3585646,1050270743
2012-05-29,1849.91,25.74,1.41,1821.63,1851.94,1817.9,327998,3816908,1065015034
2012-05-30,1844.86,-5.05,-0.27,1846.12,1846.6,1828.83,417042,3917782,1062117051
2012-05-31,1843.47,-1.39,-0.08,1819.99,1843.49,1813.01,447946,4660585,1061319739
2012-06-01,1834.51,-8.96,-0.49,1832.08,1842,1821.98,334419,3587178,1056367509
2012-06-04,1783.13,-51.38,-2.8,1782.58,1794.02,1776.85,395064,4941462,1026592897
2012-06-05,1801.85,18.72,1.05,1799.88,1806.11,1791.84,338829,3546020,1036839482
2012-06-07,1847.95,46.1,2.56,1839.49,1853.2,1839.49,403444,4677425,1064083501
2012-06-08,1835.64,-12.31,-0.67,1854,1854.59,1832.83,379829,3465342,1057085865
2012-06-11,1867.04,31.4,1.71,1860.9,1869.33,1859.74,382218,4408894,1075207660
2012-06-12,1854.74,-12.3,-0.66,1840.56,1857.93,1840.1,421369,3632154,1068263520
2012-06-13,1859.32,4.58,0.25,1867.45,1867.45,1849.71,558262,3805454,1070840843
2012-06-14,1871.48,12.16,0.65,1856.57,1871.48,1855.06,426635,4896637,1077791320
2012-06-15,1858.16,-13.32,-0.71,1871.48,1871.48,1847.19,452512,4777991,1070011533
2012-06-18,1891.71,33.55,1.81,1892.91,1901.11,1887.05,376282,4440194,1088974318
2012-06-19,1891.77,0.06,0,1885.56,1895.32,1883.56,380909,3535401,1089324564
2012-06-20,1904.12,12.35,0.65,1908.19,1908.19,1895.27,367742,3705294,1096458950
2012-06-21,1889.15,-14.97,-0.79,1895.51,1900.44,1879.65,390170,3948385,1087804494
2012-06-22,1847.39,-41.76,-2.21,1861.44,1863.57,1843.57,300708,4348371,1063610778
2012-06-25,1825.38,-22.01,-1.19,1842.76,1842.76,1813.41,291235,4152682,1050785208
2012-06-26,1817.81,-7.57,-0.41,1818.51,1826.66,1814.46,313272,3648161,1046665326
2012-06-27,1817.65,-0.16,-0.01,1815.7,1821.47,1795.16,319484,4308729,1046790699
2012-06-28,1819.18,1.53,0.08,1826.37,1827.35,1806.08,309661,3195505,1047795578
2012-06-29,1854.01,34.83,1.91,1808.61,1854.01,1801.63,320634,4391617,1068289006
2012-07-02,1851.65,-2.36,-0.13,1864.73,1865.93,1851.28,273629,3608517,1066660642
2012-07-03,1867.82,16.17,0.87,1858.7,1871.08,1858.44,348202,4876714,1075734342
2012-07-04,1874.45,6.63,0.35,1875.52,1881.68,1871.84,336136,4585140,1079555524
2012-07-05,1875.49,1.04,0.06,1870.53,1878.13,1866.91,324185,3654492,1080125976
2012-07-06,1858.2,-17.29,-0.92,1877.74,1880.36,1850.1,340654,3635830,1070261267
2012-07-09,1836.13,-22.07,-1.19,1840.3,1844.32,1833.11,282037,3317178,1057173473
2012-07-10,1829.45,-6.68,-0.36,1843.77,1845.94,1823.79,368859,3372767,1053408427
2012-07-11,1826.39,-3.06,-0.17,1825.53,1827.6,1813.79,336688,3358554,1051690095
2012-07-12,1785.39,-41,-2.24,1827.82,1830.77,1785.32,320829,4358848,1028668796
2012-07-13,1812.89,27.5,1.54,1790.98,1820.66,1773.67,348543,4718750,1044743880
2012-07-16,1817.79,4.9,0.27,1820.34,1821.84,1807.11,268354,3255305,1047725143
2012-07-17,1821.96,4.17,0.23,1808.63,1835.64,1802.07,412610,4832967,1050199043
2012-07-18,1794.91,-27.05,-1.48,1821.28,1827.95,1790.36,454662,4457597,1034867688
2012-07-19,1822.96,28.05,1.56,1820.84,1830.09,1815.71,488683,4724745,1050949412
2012-07-20,1822.93,-0.03,0,1823.95,1830.26,1818.84,412102,3646406,1050970343
2012-07-23,1789.44,-33.49,-1.84,1799.24,1799.24,1780.01,502128,3651276,1031954036
2012-07-24,1793.93,4.49,0.25,1784.47,1796.02,1781.6,490621,4172879,1034810656
2012-07-25,1769.31,-24.62,-1.37,1760.22,1785.84,1758.99,468022,3842058,1020501865
2012-07-26,1782.47,13.16,0.74,1778.01,1787.2,1766.81,409562,3863428,1028107064
2012-07-27,1829.16,46.69,2.62,1812.98,1829.16,1805.92,397607,4602746,1054977770
2012-07-30,1843.79,14.63,0.8,1847.01,1850.27,1841.4,337204,3875817,1063861034
2012-07-31,1881.99,38.2,2.07,1845.46,1896.83,1842.51,359153,5633706,1086394781
2012-08-01,1879.93,-2.06,-0.11,1870.58,1886.32,1867.28,291295,3816142,1084790566
2012-08-02,1869.4,-10.53,-0.56,1883.68,1885.89,1864.86,270464,3390042,1078498131
2012-08-03,1848.68,-20.72,-1.11,1846.58,1864.13,1843.87,257939,3673628,1066405975
2012-08-06,1885.88,37.2,2.01,1883.62,1894.92,1881.86,245574,4182701,1087882765
2012-08-07,1886.8,0.92,0.05,1883.82,1891.6,1881.66,325270,3525354,1088393623
2012-08-08,1903.23,16.43,0.87,1896.58,1919.61,1896.56,485570,5626297,1097977281
2012-08-09,1940.59,37.36,1.96,1907.13,1947.08,1907.13,495273,6518438,1119109791
2012-08-10,1946.4,5.81,0.3,1937.89,1948.05,1933.93,326530,4049621,1122381481
2012-08-13,1932.44,-13.96,-0.72,1945.33,1946.2,1932.4,352650,3152880,1114255129
2012-08-14,1956.96,24.52,1.27,1942.61,1957.15,1939.45,341113,4089113,1128271457
2012-08-16,1957.91,0.95,0.05,1956.35,1959.92,1947.26,430511,4055062,1128752857
2012-08-17,1946.54,-11.37,-0.58,1964.07,1964.07,1941.79,372454,4697054,1121728936
2012-08-20,1946.31,-0.23,-0.01,1944.67,1949.89,1938.25,357942,3826162,1121324925
2012-08-21,1943.22,-3.09,-0.16,1954.51,1961.07,1942.61,407533,3828106,1120075754
2012-08-22,1935.19,-8.03,-0.41,1939.6,1947.43,1917.48,422802,4094898,1115623946
2012-08-23,1942.54,7.35,0.38,1934.56,1942.97,1924.5,604386,4245147,1119830449
2012-08-24,1919.81,-22.73,-1.17,1921.08,1927.1,1913.75,631348,4419263,1106840712
2012-08-27,1917.87,-1.94,-0.1,1909.02,1925.15,1907.5,572932,6022605,1104541986
2012-08-28,1916.33,-1.54,-0.08,1922.02,1925.7,1910.58,611920,4481779,1103880064
2012-08-29,1928.54,12.21,0.64,1920.49,1931,1914.82,592385,4877706,1111060818
2012-08-30,1906.38,-22.16,-1.15,1922.82,1922.82,1897.07,747759,5013685,1098305125
2012-08-31,1905.12,-1.26,-0.07,1897.16,1912.24,1896.84,659108,4471843,1098073005
2012-09-03,1912.71,7.59,0.4,1909.06,1921.84,1885.03,597138,4250214,1102301322
2012-09-04,1907.13,-5.58,-0.29,1911.47,1916.16,1906.22,881537,4690466,1099297640
2012-09-05,1874.03,-33.1,-1.74,1894.7,1894.7,1874.03,624137,4689669,1080506783
2012-09-06,1881.24,7.21,0.38,1881.54,1888.18,1873.49,752889,4251232,1084687321
2012-09-07,1929.58,48.34,2.57,1918.36,1929.58,1915.56,597675,5882174,1112760759
2012-09-10,1924.7,-4.88,-0.25,1934.63,1937.85,1924.7,620841,4325769,1110189442
2012-09-11,1920,-4.7,-0.24,1920.46,1923.09,1912.47,718729,4342536,1107381958
2012-09-12,1950.03,30.03,1.56,1931.44,1953.03,1927.75,708400,5253227,1124103484
2012-09-13,1950.69,0.66,0.03,1948.27,1955.03,1938.74,983078,6096823,1124489630
2012-09-14,2007.58,56.89,2.92,1994.42,2008.97,1991.13,1023863,9187632,1156966116
2012-09-17,2002.35,-5.23,-0.26,2005.54,2011.5,1997.79,881694,6581190,1153893803
2012-09-18,2004.96,2.61,0.13,1998.3,2005.73,1995.83,855270,5112223,1155105880
2012-09-19,2007.88,2.92,0.15,2000.2,2012.74,1993.91,959923,5811358,1156471187
2012-09-20,1990.33,-17.55,-0.87,1997.65,2004.54,1987.94,618390,5363196,1146250923
2012-09-21,2002.37,12.04,0.6,2000.05,2005.11,1991.56,649195,4964442,1153267051
2012-09-24,2003.44,1.07,0.05,1996.42,2005.45,1977.7,482969,4272566,1154292328
2012-09-25,1991.41,-12.03,-0.6,1994.08,2004.26,1988.88,528994,4596751,1147413338
2012-09-26,1980.44,-10.97,-0.55,1973.11,1986.28,1968.85,1209791,4851962,1141196555
2012-09-27,1988.7,8.26,0.42,1969.65,1991.26,1969.6,693725,4727368,1145989479
2012-09-28,1996.21,7.51,0.38,2000.01,2000.01,1988.41,678168,5087597,1150626143
2012-10-02,1996.03,-0.18,-0.01,1998.52,2003.63,1995.12,496278,3678874,1150652664
2012-10-04,1992.68,-3.35,-0.17,1998.73,1998.99,1983.03,596926,4951129,1148638346
2012-10-05,1995.17,2.49,0.12,2004.62,2007.84,1991.21,681224,4480731,1150075379
2012-10-08,1981.89,-13.28,-0.67,1994.05,1994.05,1979.24,508309,4565278,1142562180
2012-10-09,1979.04,-2.85,-0.14,1982.09,1992.32,1979,516873,3793009,1140839282
2012-10-10,1948.22,-30.82,-1.56,1961.9,1962.72,1948.22,449390,4725647,1123202852
2012-10-11,1933.09,-15.13,-0.78,1934.49,1949.74,1919.82,464109,4678414,1114374056
2012-10-12,1933.26,0.17,0.01,1937.85,1940.32,1927.39,398788,3785419,1114540759
2012-10-15,1925.59,-7.67,-0.4,1927.82,1937.15,1921.32,567911,4591523,1110236893
2012-10-16,1941.54,15.95,0.83,1942.51,1944.22,1931.09,538401,3850082,1119646426
2012-10-17,1955.15,13.61,0.7,1955.78,1965.53,1949.71,499782,4259891,1127621147
2012-10-18,1959.12,3.97,0.2,1960.39,1963.53,1954.1,494960,4290434,1129958653
2012-10-19,1943.84,-15.28,-0.78,1954.33,1958.64,1938.96,383231,4151882,1121129094
2012-10-22,1941.59,-2.25,-0.12,1910.98,1942.64,1910.23,458103,3819124,1120038801
2012-10-23,1926.81,-14.78,-0.76,1943.79,1944.38,1926.81,538989,4208759,1111855283
2012-10-24,1913.96,-12.85,-0.67,1907.16,1922.02,1901.62,564643,5648214,1104237923
2012-10-25,1924.5,10.54,0.55,1906.91,1924.51,1904.95,438066,4873525,1110711563
2012-10-26,1891.43,-33.07,-1.72,1917.64,1921.25,1890.15,437522,4605466,1091761764
2012-10-29,1891.52,0.09,0,1901.83,1905.22,1884.77,371725,4174207,1091751633
2012-10-30,1899.58,8.06,0.43,1894.05,1913.52,1893.75,334133,3451550,1096593774
2012-10-31,1912.06,12.48,0.66,1912.83,1918.4,1909.08,397246,3834393,1103576637
2012-11-01,1898.44,-13.62,-0.71,1903.57,1904.99,1887.56,402382,5289641,1095728662
2012-11-02,1918.72,20.28,1.07,1920.55,1921.98,1915.11,441214,5579978,1107339107
2012-11-05,1908.22,-10.5,-0.55,1905.46,1914.38,1903.32,343426,4609926,1101072181
2012-11-06,1928.17,19.95,1.05,1911.83,1928.17,1908.49,545831,4572507,1112593988
2012-11-07,1937.55,9.38,0.49,1933.79,1937.55,1916.81,556715,4679606,1118043980
2012-11-08,1914.41,-23.14,-1.19,1912.64,1918.69,1905.62,659652,5391310,1104987667
2012-11-09,1904.41,-10,-0.52,1893.09,1907.57,1879.06,636226,4801897,1100225445
2012-11-12,1900.87,-3.54,-0.19,1899.3,1903.81,1892.68,473261,3779624,1098188004
2012-11-13,1889.7,-11.17,-0.59,1904.19,1904.97,1881.85,494880,3925921,1091947201
2012-11-14,1894.04,4.34,0.23,1891.45,1895.48,1880.61,533942,4761323,1094739528
2012-11-15,1870.72,-23.32,-1.23,1870.29,1875.49,1859.79,450853,4184445,1081106218
2012-11-16,1860.83,-9.89,-0.53,1865.81,1872.69,1856.81,465049,4059171,1075506875
2012-11-19,1878.1,17.27,0.93,1869.76,1884.11,1869.23,349357,3257143,1085323855
2012-11-20,1890.18,12.08,0.64,1896.58,1897.56,1886.34,372346,3720393,1092541549
2012-11-21,1884.04,-6.14,-0.32,1895.72,1899.6,1878.25,380800,4006652,1089264066
2012-11-22,1899.5,15.46,0.82,1894.66,1903.27,1893.18,412817,3761087,1098233012
2012-11-23,1911.33,11.83,0.62,1901.73,1911.33,1894.58,329951,3590899,1105199098
2012-11-26,1908.51,-2.82,-0.15,1918.01,1918.11,1905.95,276752,3232184,1103415433
2012-11-27,1925.2,16.69,0.87,1917.14,1930.24,1913.97,588282,4818489,1112984465
2012-11-28,1912.78,-12.42,-0.65,1916.31,1916.76,1906.2,408908,3910524,1105847799
2012-11-29,1934.85,22.07,1.15,1922.86,1935.1,1922.51,388791,4855980,1118739859
2012-11-30,1932.9,-1.95,-0.1,1932.71,1941.84,1927.98,337273,4537196,1117290216
2012-12-03,1940.02,7.12,0.37,1937.28,1944.75,1933.67,314888,3391220,1121725229
2012-12-04,1935.18,-4.84,-0.25,1932.66,1938.28,1928.09,294802,2930092,1119033437
2012-12-05,1947.04,11.86,0.61,1933.45,1949.7,1930.15,492576,4149400,1126088698
2012-12-06,1949.62,2.58,0.13,1948.55,1955.07,1946.03,345317,4687785,1127456895
2012-12-07,1957.45,7.83,0.4,1953.17,1963.06,1952.83,413446,4411713,1131804752
2012-12-10,1957.42,-0.03,0,1965.71,1970.19,1955.39,367566,3692643,1132069724
2012-12-11,1964.62,7.2,0.37,1962.52,1965.68,1956.75,404828,4558816,1136101079
2012-12-12,1975.44,10.82,0.55,1972.33,1975.44,1966.91,459715,4705026,1142000638
2012-12-13,2002.77,27.33,1.38,1976.18,2002.78,1976.18,421460,6047125,1157693818
2012-12-14,1995.04,-7.73,-0.39,1989.42,1999.65,1985.19,350497,4319652,1153466792
2012-12-17,1983.07,-11.97,-0.6,1993.18,1999.38,1981.13,366678,4300934,1145967170
2012-12-18,1993.09,10.02,0.51,1990.72,1993.09,1979.22,454272,4642140,1151887181
2012-12-20,1999.5,6.41,0.32,2002.11,2006.08,1991.81,421934,5537023,1155383532
2012-12-21,1980.42,-19.08,-0.95,2004.61,2004.67,1976.09,553671,5362182,1144544275
2012-12-24,1981.82,1.4,0.07,1984.18,1985.57,1977,348173,3245615,1145532207
2012-12-26,1982.25,0.43,0.02,1992.1,2000.92,1982.25,457994,3618714,1145745523
2012-12-27,1987.35,5.1,0.26,1979.46,1987.91,1971.53,376071,3065826,1148494546
2012-12-28,1997.05,9.7,0.49,1984.84,2002.67,1984.84,302927,3299123,1154294167
2013-01-02,2031.1,34.05,1.71,2013.74,2033.66,2012.3,364080,4458542,1173709279
2013-01-03,2019.41,-11.69,-0.58,2041.24,2042.48,2018.49,491014,6093650,1166944775
2013-01-04,2011.94,-7.47,-0.37,2017.88,2018.63,2001.53,378862,4790453,1162497621
2013-01-07,2011.25,-0.69,-0.03,2012.15,2014,1996.47,536220,4009482,1162757557
2013-01-08,1997.94,-13.31,-0.66,2003.22,2009.99,1997.91,493728,3991999,1155472783
2013-01-09,1991.81,-6.13,-0.31,2001.98,2007.72,1989.48,607581,4026867,1151782175
2013-01-10,2006.8,14.99,0.75,1993.87,2008.47,1988.04,500778,4556501,1161043326
2013-01-11,1996.67,-10.13,-0.5,2017.38,2017.92,1984.16,472563,4428254,1155151736
2013-01-14,2007.04,10.37,0.52,1993.82,2007.04,1989.24,454751,4337575,1160778195
2013-01-15,1983.74,-23.3,-1.16,2006.89,2016.37,1983.74,546220,4426687,1146848277
2013-01-16,1977.45,-6.29,-0.32,1988.44,1996.46,1970.01,457618,4284521,1143419498
2013-01-17,1974.27,-3.18,-0.16,1983.67,1986.34,1964.62,828726,4101672,1141624356
2013-01-18,1987.85,13.58,0.69,1987.65,1988.47,1976.72,583335,3913549,1149473577
2013-01-21,1986.86,-0.99,-0.05,1987.96,1991.98,1972.64,446597,3818733,1149008976
2013-01-22,1996.52,9.66,0.49,1986.58,1999.35,1981.88,553442,4258823,1154805976
2013-01-23,1980.41,-16.11,-0.81,2003.37,2008.06,1980.41,491356,4203441,1145572582
2013-01-24,1964.48,-15.93,-0.8,1970.85,1980.03,1960.75,558392,4556605,1136333926
2013-01-25,1946.69,-17.79,-0.91,1966.4,1966.83,1934.89,401831,5049357,1125963519
2013-01-28,1939.71,-6.98,-0.36,1940.33,1943.49,1930.37,349466,4656238,1121569269
2013-01-29,1955.96,16.25,0.84,1946.11,1958.88,1944.81,465008,4713384,1131071471
2013-01-30,1964.43,8.47,0.43,1961.92,1967.29,1950.67,523258,4363295,1136353143
2013-01-31,1961.94,-2.49,-0.13,1960.78,1965.92,1954.53,399576,4516146,1135191271
2013-02-01,1957.79,-4.15,-0.21,1964.75,1966.54,1942.44,385886,4095798,1132757352
2013-02-04,1953.21,-4.58,-0.23,1968.95,1969.13,1952.83,345361,3592132,1130501073
2013-02-05,1938.18,-15.03,-0.77,1936.92,1944,1928.75,366687,3775456,1122006446
2013-02-06,1936.19,-1.99,-0.1,1943.33,1944.44,1935.44,349221,3677504,1120874224
2013-02-07,1931.77,-4.42,-0.23,1939.42,1946.67,1931.1,412163,3572998,1118160940
2013-02-08,1950.9,19.13,0.99,1930,1955.86,1929.81,291212,3960734,1129687562
2013-02-12,1945.79,-5.11,-0.26,1958.46,1958.65,1943.63,307483,2861517,1126961885
2013-02-13,1976.07,30.28,1.56,1952.86,1976.07,1950.58,331013,3703288,1144284845
2013-02-14,1979.61,3.54,0.18,1977.42,1986.14,1972.8,336033,3426843,1146555705
2013-02-15,1981.18,1.57,0.08,1981.06,1982.76,1976.12,598838,3999456,1147857117
2013-02-18,1981.91,0.73,0.04,1979.42,1985.41,1973.65,420693,2874478,1147919470
2013-02-19,1985.83,3.92,0.2,1981.96,1990.09,1979.85,344264,2815270,1150149017
2013-02-20,2024.64,38.81,1.95,1997.04,2024.64,1995.31,407731,4902333,1172627728
2013-02-21,2015.22,-9.42,-0.47,2014.5,2021.24,2010.91,391186,4021614,1166923925
2013-02-22,2018.89,3.67,0.18,2007.34,2029.44,2006.59,409122,4050817,1169218444
2013-02-25,2009.52,-9.37,-0.46,2022.51,2022.77,2008.78,338229,3171218,1163524091
2013-02-26,2000.01,-9.51,-0.47,1993.12,2005.86,1991.96,433410,3594864,1157937941
2013-02-27,2004.04,4.03,0.2,2008.94,2014.96,1999.65,417074,3529938,1160169475
2013-02-28,2026.49,22.45,1.12,2019.05,2030.85,2016.15,421958,4196153,1173192547
2013-03-04,2013.15,-13.34,-0.66,2028.55,2029.32,2011.09,357436,4381358,1165805726
2013-03-05,2016.61,3.46,0.17,2022.41,2031.65,2016.6,491945,3819824,1167859319
2013-03-06,2020.74,4.13,0.2,2033.17,2033.89,2016.65,395369,4112573,1170295115
2013-03-07,2004.4,-16.34,-0.81,2018.63,2018.63,1998.29,386477,3723377,1160519860
2013-03-08,2006.01,1.61,0.08,2001.97,2007.37,1994.25,312058,3614261,1161386962
2013-03-11,2003.35,-2.66,-0.13,2000.57,2006.3,1982.38,398284,3840014,1160013381
2013-03-12,1993.34,-10.01,-0.5,2006.84,2007.44,1990.17,390222,3353388,1154250683
2013-03-13,1999.73,6.39,0.32,1994.79,1999.73,1988.19,353043,3496866,1158212809
2013-03-14,2002.13,2.4,0.12,2000.07,2002.13,1978.57,330921,4164053,1159494856
2013-03-15,1986.5,-15.63,-0.78,2009.71,2009.71,1985.91,307400,5289392,1150618650
2013-03-18,1968.18,-18.32,-0.92,1974.71,1982.92,1968.18,304266,3962518,1139864464
2013-03-19,1978.56,10.38,0.53,1978.41,1989.46,1973.23,326790,3719502,1146187755
2013-03-20,1959.41,-19.15,-0.97,1969.19,1978.17,1959.4,332896,3827538,1135121324
2013-03-21,1950.82,-8.59,-0.44,1969.3,1973.26,1950.82,262865,3592258,1130245565
2013-03-22,1948.71,-2.11,-0.11,1949.03,1956.33,1946.05,259617,3380255,1129142026
2013-03-25,1977.67,28.96,1.49,1968.85,1981.75,1968.14,276300,3464867,1145937243
2013-03-26,1983.7,6.03,0.3,1976.81,1990.23,1975.6,298849,4009408,1149442317
2013-03-27,1993.44,9.74,0.49,1991.91,1996.56,1973.72,362612,3904751,1154906916
2013-03-28,1993.52,0.08,0,1989.7,1995.31,1985.45,367681,3474997,1154966955
2013-03-29,2004.89,11.37,0.57,2007.12,2013.21,2003.96,341600,3482485,1161664022
2013-04-01,1995.99,-8.9,-0.44,2009.94,2010.15,1994.54,269152,2623899,1156365856
2013-04-02,1986.15,-9.84,-0.49,1996.81,2001.78,1973.27,496115,4489984,1150919004
2013-04-03,1983.22,-2.93,-0.15,1990.71,1992.4,1972.02,396383,4345089,1149188579
2013-04-04,1959.45,-23.77,-1.2,1963.39,1965.19,1938.89,415397,4710366,1135677591
2013-04-05,1927.23,-32.22,-1.64,1948.33,1952.1,1916.77,372650,4924576,1117250181
2013-04-08,1918.69,-8.54,-0.44,1927.04,1933.95,1918.69,313346,3996922,1112641816
2013-04-09,1920.74,2.05,0.11,1918.13,1934.74,1901.96,356633,3887652,1114217952
2013-04-10,1935.58,14.84,0.77,1933.73,1939.19,1923.43,320151,4234863,1122790871
2013-04-11,1949.8,14.22,0.73,1944.53,1949.8,1926.54,386578,4794566,1131170162
2013-04-12,1924.23,-25.57,-1.31,1954.22,1956.21,1919.9,407384,5009019,1116543051
2013-04-15,1920.45,-3.78,-0.2,1916.06,1927.72,1907.35,332949,4295489,1114218879
2013-04-16,1922.21,1.76,0.09,1900.18,1926.65,1896.69,393055,5468460,1115146719
2013-04-17,1923.84,1.63,0.08,1934.61,1934.82,1910.78,415255,5357147,1116209168
2013-04-18,1900.06,-23.78,-1.24,1916.55,1919.53,1900.05,343475,4283588,1102587293
2013-04-19,1906.75,6.69,0.35,1899.35,1910.24,1888.3,331261,4506379,1106458900
2013-04-22,1926.31,19.56,1.03,1903.97,1926.31,1901.98,258760,3708314,1117660686
2013-04-23,1918.63,-7.68,-0.4,1924.43,1924.79,1908.77,260475,3530275,1113588807
2013-04-24,1935.31,16.68,0.87,1931.06,1939.35,1921.03,341103,4432548,1123145299
2013-04-25,1951.6,16.29,0.84,1937.88,1951.66,1935.81,334964,4598111,1132526986
2013-04-26,1944.56,-7.04,-0.36,1949.92,1951.86,1942.37,280159,4068279,1125822987
2013-04-29,1940.7,-3.86,-0.2,1948.87,1948.97,1934.68,266047,3648041,1123442141
2013-04-30,1963.95,23.25,1.2,1947.07,1967.06,1946.99,403076,4974715,1137603875
2013-05-02,1957.21,-6.74,-0.34,1961.67,1966.68,1954.28,349694,4181073,1133905237
2013-05-03,1965.71,8.5,0.43,1967.88,1968.04,1953.4,312534,4226194,1138986144
2013-05-06,1961.48,-4.23,-0.22,1977.44,1983.64,1960.14,294946,3940973,1136983152
2013-05-07,1954.35,-7.13,-0.36,1962.28,1962.87,1951.27,299865,3652250,1132276841
2013-05-08,1956.45,2.1,0.11,1961.73,1964.08,1952.38,337936,4150810,1133671416
2013-05-09,1979.45,23,1.18,1963.61,1982.32,1961.5,332552,5053128,1147349139
2013-05-10,1944.75,-34.7,-1.75,1975.48,1975.48,1944.75,283839,4269864,1127552244
2013-05-13,1948.7,3.95,0.2,1936.86,1948.7,1935.57,251572,3123214,1130139084
2013-05-14,1968.83,20.13,1.03,1954.39,1972.5,1954.13,328476,4142333,1142328051
2013-05-15,1971.26,2.43,0.12,1971.96,1972.44,1963.52,246959,3802990,1143926905
2013-05-16,1986.81,15.55,0.79,1980.03,1991.98,1980.03,322202,4877407,1153610816
2013-05-20,1982.43,-4.38,-0.22,1990.36,1991.27,1982.43,274387,4416784,1152804334
2013-05-21,1981.09,-1.34,-0.07,1994.02,1995.1,1976.17,245783,3788271,1152767119
2013-05-22,1993.83,12.74,0.64,1991.76,1998.7,1987.23,326447,4533886,1159571377
2013-05-23,1969.19,-24.64,-1.24,1985.91,1991.35,1969.19,342936,4646225,1145194694
2013-05-24,1973.45,4.26,0.22,1979.35,1979.93,1961.59,273552,3715204,1147532278
2013-05-27,1979.97,6.52,0.33,1974.59,1984.13,1971.53,256076,2983328,1151412148
2013-05-28,1986.22,6.25,0.32,1983.58,1991.2,1978.89,311410,3904894,1155012831
2013-05-29,2001.2,14.98,0.75,1993.69,2009.43,1992.68,362633,4753537,1163572273
2013-05-30,2000.1,-1.1,-0.05,1999.83,2008.23,1997.84,435687,5113490,1163762659
2013-05-31,2001.05,0.95,0.05,2009.25,2013.29,2000.82,397506,5363927,1164218037
2013-06-03,1989.57,-11.48,-0.57,1993.11,2000.56,1989.51,333504,3677704,1156984540
2013-06-04,1989.51,-0.06,0,1998.38,1999.73,1979.42,334900,3984004,1156404299
2013-06-05,1959.19,-30.32,-1.52,1988.94,1989.29,1959.19,340501,4541747,1139394675
2013-06-07,1923.85,-35.34,-1.8,1953.83,1954.82,1923.84,341120,5503416,1117571379
2013-06-10,1932.7,8.85,0.46,1927.19,1934.92,1923.59,271732,3767751,1122836445
2013-06-11,1920.68,-12.02,-0.62,1933.1,1933.34,1910.05,288160,4438074,1115447452
2013-06-12,1909.91,-10.77,-0.56,1913.6,1921.54,1907.29,253382,3435834,1109673608
2013-06-13,1882.73,-27.18,-1.42,1905.1,1911.04,1881.24,306431,5090299,1094042721
2013-06-14,1889.24,6.51,0.35,1895.77,1896.6,1881.5,279281,3531111,1097671145
2013-06-17,1883.1,-6.14,-0.32,1889.45,1897.7,1878.4,264449,3269889,1094084169
2013-06-18,1900.62,17.52,0.93,1887.72,1900.63,1872.7,278590,3431625,1104303671
2013-06-19,1888.31,-12.31,-0.65,1899.5,1899.5,1883.41,279751,3320371,1097284518
2013-06-20,1850.49,-37.82,-2,1864.37,1873.18,1844.41,355762,4403154,1075097288
2013-06-21,1822.83,-27.66,-1.49,1806.4,1823.99,1806.02,290459,5016380,1059243089
2013-06-24,1799.01,-23.82,-1.31,1821.22,1821.22,1798.98,220937,3170128,1045767756
2013-06-25,1780.63,-18.38,-1.02,1790.33,1807.62,1770.53,332240,4462928,1034842516
2013-06-26,1783.45,2.82,0.16,1799.74,1799.74,1772.49,296936,4291538,1037012895
2013-06-27,1834.7,51.25,2.87,1809.55,1839.52,1809.4,286261,4189195,1067530899
2013-06-28,1863.32,28.62,1.56,1844.6,1864.09,1844.6,251086,4464976,1084216314
2013-07-01,1855.73,-7.59,-0.41,1851.57,1866.63,1850.03,220875,3037859,1079755041
2013-07-02,1855.02,-0.71,-0.04,1861.26,1867.18,1850.29,483157,3895815,1078800375
2013-07-03,1824.66,-30.36,-1.64,1854.29,1860.46,1823.1,405797,3773792,1061220053
2013-07-04,1839.14,14.48,0.79,1830.49,1840.38,1825.62,313016,3157936,1069330149
2013-07-05,1833.31,-5.83,-0.32,1848.97,1857.39,1828.75,285636,3778605,1065611605
2013-07-08,1816.85,-16.46,-0.9,1830.81,1840.57,1809.72,303581,3586498,1055955742
2013-07-09,1830.35,13.5,0.74,1828.63,1831.35,1815.03,257901,3169263,1063799729
2013-07-10,1824.16,-6.19,-0.34,1835.94,1836.91,1818.94,267902,3284077,1060272376
2013-07-11,1877.6,53.44,2.93,1840.34,1877.6,1840.34,331466,3999957,1091690784
2013-07-12,1869.98,-7.62,-0.41,1873.66,1873.66,1863.4,265986,3490852,1087516259
2013-07-15,1875.16,5.18,0.28,1870.26,1877.46,1847.82,330028,3187406,1090687661
2013-07-16,1866.36,-8.8,-0.47,1875.53,1875.68,1860.37,303330,2998516,1085812119
2013-07-17,1887.49,21.13,1.13,1871.29,1894.7,1856.55,382917,4022467,1097943788
2013-07-18,1875.48,-12.01,-0.64,1883.07,1885.01,1870.78,380292,3520563,1092229858
2013-07-19,1871.41,-4.07,-0.22,1880.44,1881.4,1861.43,319620,3633387,1089440290
2013-07-22,1880.35,8.94,0.48,1880.81,1894.41,1873.17,356944,3651968,1094411490
2013-07-23,1904.15,23.8,1.27,1890.55,1904.15,1885.57,352402,4347626,1108262924
2013-07-24,1912.08,7.93,0.42,1904.07,1914.41,1901.15,322150,3546452,1113033436
2013-07-25,1909.61,-2.47,-0.13,1906.57,1913.91,1904.44,311997,3901940,1111781427
2013-07-26,1910.81,1.2,0.06,1912.05,1915.97,1902.47,320158,3865050,1112185944
2013-07-29,1899.89,-10.92,-0.57,1908.66,1912.57,1899.02,337586,4251052,1105825306
2013-07-30,1917.05,17.16,0.9,1901.88,1917.11,1900.54,366881,3597795,1115962494
2013-07-31,1914.03,-3.02,-0.16,1915.47,1920.6,1910.82,384142,4082140,1114570889
2013-08-01,1920.74,6.71,0.35,1916.56,1925.32,1906.74,336061,3637309,1118344706
2013-08-02,1923.38,2.64,0.14,1936.26,1939.28,1920.98,298152,4040964,1120302447
2013-08-05,1916.22,-7.16,-0.37,1920.83,1925.6,1915.69,233985,2761888,1116329229
2013-08-06,1906.62,-9.6,-0.5,1914.06,1914.06,1895.87,294649,3495318,1110767727
2013-08-07,1878.33,-28.29,-1.48,1892.47,1895.5,1878.33,312431,3564849,1094186637
2013-08-08,1883.97,5.64,0.3,1884.58,1896.07,1879.13,338168,3685849,1097598670
2013-08-09,1880.71,-3.26,-0.17,1884.57,1888.79,1876.07,283475,3540885,1095958729
2013-08-12,1884.83,4.12,0.22,1878.5,1894.42,1878.33,297512,3100505,1098124277
2013-08-13,1913.03,28.2,1.5,1893.42,1913.03,1890.78,362604,4108405,1115161524
2013-08-14,1923.91,10.88,0.57,1912.59,1925.1,1908.92,363325,4112711,1122009055
2013-08-16,1920.11,-3.8,-0.2,1903.72,1927.59,1901.7,348502,3772941,1120558042
2013-08-19,1917.64,-2.47,-0.13,1917.32,1918.71,1909.8,302123,3345600,1118784577
2013-08-20,1887.85,-29.79,-1.55,1910.3,1923.42,1885.93,350351,4262101,1101748112
2013-08-21,1867.46,-20.39,-1.08,1891.01,1894.74,1863.6,411236,4311941,1089791973
2013-08-22,1849.12,-18.34,-0.98,1847.94,1858.5,1838.52,425947,4284094,1079283752
2013-08-23,1870.16,21.04,1.14,1861.58,1876.14,1854.67,374963,3901636,1091377242
2013-08-26,1887.86,17.7,0.95,1876.59,1890.38,1876.59,316295,3304216,1101705255
2013-08-27,1885.84,-2.02,-0.11,1883.71,1896.63,1881.44,409263,3771554,1100572387
2013-08-28,1884.52,-1.32,-0.07,1862.51,1885.35,1861.56,378294,3441946,1099618237
2013-08-29,1907.54,23.02,1.22,1892.03,1914.9,1891.59,301696,4794557,1116639956
2013-08-30,1926.36,18.82,0.99,1918.91,1926.37,1910.37,300931,5106302,1128186068
2013-09-02,1924.81,-1.55,-0.08,1925.32,1932.46,1921.01,243989,3476993,1126896999
2013-09-03,1933.74,8.93,0.46,1934.24,1940.99,1928.09,300060,4078554,1131601423
2013-09-04,1933.03,-0.71,-0.04,1929.6,1938.26,1921.93,284191,4100970,1131372891
2013-09-05,1951.65,18.62,0.96,1943.66,1954.21,1937.82,286744,4491993,1142101029
2013-09-06,1955.31,3.66,0.19,1954.11,1962.15,1949.01,324987,4313481,1144367011
2013-09-09,1974.67,19.36,0.99,1964.09,1974.67,1962.62,270737,4513740,1155210813
2013-09-10,1994.06,19.39,0.98,1978.08,1994.06,1974.59,264328,5438042,1166207819
2013-09-11,2003.85,9.79,0.49,1995.96,2003.85,1987.4,299412,4630469,1172067141
2013-09-12,2004.06,0.21,0.01,2004.67,2017.48,1995.16,359256,6694453,1172233803
2013-09-13,1994.32,-9.74,-0.49,1994.95,2004.87,1992.26,253920,4018597,1166419019
2013-09-16,2013.37,19.05,0.96,2011.69,2018.02,2004.45,248501,4123681,1178297790
2013-09-17,2005.58,-7.79,-0.39,2009.31,2009.31,1994.31,264662,4325668,1173129129
2013-09-23,2009.41,3.83,0.19,2000.72,2015.18,1994.77,249540,5091612,1175205663
2013-09-24,2007.1,-2.31,-0.11,2001.51,2011.11,1990.36,309360,4253699,1173541498
2013-09-25,1998.06,-9.04,-0.45,2004.53,2006.88,1988.87,294753,4393043,1168835688
2013-09-26,2007.32,9.26,0.46,1992.1,2007.32,1991.1,255553,3998832,1174108692
2013-09-27,2011.8,4.48,0.22,2012.26,2016.34,2008.25,282342,4167116,1176651142
2013-09-30,1996.96,-14.84,-0.74,2002.02,2005.41,1994.22,292784,4187246,1167983077
2013-10-01,1998.87,1.91,0.1,1997.62,2012.52,1991.22,281273,3901939,1169026733
2013-10-02,1999.47,0.6,0.03,2012.07,2012.82,1999.02,238252,4378234,1170019740
2013-10-04,1996.98,-2.49,-0.12,1999.92,2004.65,1985.63,241066,4325025,1168813449
2013-10-07,1994.42,-2.56,-0.13,1997.17,2002.61,1991.02,249767,3435894,1167479562
2013-10-08,2002.76,8.34,0.42,1987.97,2002.78,1981.21,329570,4244447,1172608965
2013-10-10,2001.4,-1.36,-0.07,2000.91,2010,1997.66,222678,3994657,1172144212
2013-10-11,2024.9,23.5,1.17,2018.01,2028.11,2012.66,254286,4723740,1185550555
2013-10-14,2020.27,-4.63,-0.23,2026.07,2026.79,2019.65,220739,3629371,1182866225
2013-10-15,2040.96,20.69,1.02,2034.69,2045.5,2033.84,233625,4089309,1195360367
2013-10-16,2034.61,-6.35,-0.31,2040.03,2049.5,2033.75,267494,4500343,1191320797
2013-10-17,2040.61,6,0.29,2051.19,2052.44,2035.96,306925,4897614,1195012616
2013-10-18,2052.4,11.79,0.58,2046.56,2052.4,2041.36,257592,4489538,1201648691
2013-10-21,2053.01,0.61,0.03,2054.16,2060.18,2047.83,281928,4150876,1202158775
2013-10-22,2056.12,3.11,0.15,2051.01,2056.12,2045.45,378783,4804581,1204010754
2013-10-23,2035.75,-20.37,-0.99,2062.81,2063.28,2035.75,367991,5363363,1192377257
2013-10-24,2046.69,10.94,0.54,2034.96,2046.69,2027.93,254851,3815456,1198492789
2013-10-25,2034.39,-12.3,-0.6,2047.46,2047.46,2023.82,234838,4032298,1191286127
2013-10-28,2048.14,13.75,0.68,2037.28,2048.14,2030.9,257528,3938574,1199879847
2013-10-29,2051.76,3.62,0.18,2046.67,2053.78,2039.46,307654,3634698,1202192038
2013-10-30,2059.58,7.82,0.38,2055,2059.58,2043.93,263429,4219985,1210746392
2013-10-31,2030.09,-29.49,-1.43,2050.96,2055.59,2030.09,254504,4547712,1193781142
2013-11-01,2039.42,9.33,0.46,2037.25,2041.23,2030.57,294190,3657015,1199505101
2013-11-04,2025.17,-14.25,-0.7,2035.08,2035.84,2022.91,235243,3529048,1191456177
2013-11-05,2013.93,-11.24,-0.56,2027.62,2029.6,2010.2,257824,3560407,1184949401
2013-11-06,2013.67,-0.26,-0.01,2015.32,2023.52,2011.41,273687,3985662,1185252602
2013-11-07,2004.04,-9.63,-0.48,2014.85,2017.55,2000.6,310947,3714066,1179655618
2013-11-08,1984.87,-19.17,-0.96,1987.21,1998.59,1984.86,287309,4559408,1168529970
2013-11-11,1977.3,-7.57,-0.38,1995.86,1995.86,1973.05,286217,3410526,1164304748
2013-11-12,1995.48,18.18,0.92,1983.94,2000.41,1983.89,247355,3247241,1175662116
2013-11-13,1963.56,-31.92,-1.6,1993.16,1993.16,1963.56,251537,3512885,1156389159
2013-11-14,1967.56,4,0.2,1980.2,1981.89,1963.42,323107,3810480,1159172087
2013-11-15,2005.64,38.08,1.94,1980.99,2006.31,1980.99,264691,3714811,1181428720
2013-11-18,2010.81,5.17,0.26,2014.24,2018.17,2009.76,313967,3090012,1185243686
2013-11-19,2031.64,20.83,1.04,2009.95,2033.91,2009.47,402796,4303735,1197407145
2013-11-20,2017.24,-14.4,-0.71,2028.34,2029.61,2010.74,334803,4465360,1188364623
2013-11-21,1993.78,-23.46,-1.16,2013.71,2013.71,1985.65,292666,3323343,1174753347
2013-11-22,2006.23,12.45,0.62,2002.15,2011.2,1992.48,350985,3543776,1181439809
2013-11-25,2015.98,9.75,0.49,2020,2031.11,2015.98,295512,3117501,1187432873
2013-11-26,2022.64,6.66,0.33,2008.19,2022.66,1998.9,275309,3474546,1190624549
2013-11-27,2028.81,6.17,0.31,2016.28,2028.81,2010.84,284075,4006049,1194332357
2013-11-28,2045.77,16.96,0.84,2039.73,2047.66,2037.73,276271,4118739,1204595427
2013-11-29,2044.87,-0.9,-0.04,2044.85,2050.7,2038.46,245371,3429544,1204177351
2013-12-02,2030.78,-14.09,-0.69,2050.45,2052.88,2029.1,229692,3273687,1196240276
2013-12-03,2009.36,-21.42,-1.05,2023.62,2028.07,2008.55,294947,3753760,1184027197
2013-12-04,1986.8,-22.56,-1.12,1998.69,2006.71,1986.8,230327,3645118,1171088722
2013-12-05,1984.77,-2.03,-0.1,1993.73,1994.32,1971.44,217668,3420746,1169904929
2013-12-06,1980.41,-4.36,-0.22,1982.99,1990.55,1980.4,201897,3329453,1166680545
2013-12-09,2000.38,19.97,1.01,2000.52,2003.97,1997.58,230269,3066473,1178210602
2013-12-10,1993.45,-6.93,-0.35,2000.03,2001.33,1989.41,200955,3073437,1174575975
2013-12-11,1977.97,-15.48,-0.78,1987.22,2000.15,1972.87,231374,3519643,1166361600
2013-12-12,1967.93,-10.04,-0.51,1966.44,1970.51,1958.99,255084,4082828,1161407641
2013-12-13,1962.91,-5.02,-0.26,1963.04,1963.81,1947.44,234102,3788319,1158225847
2013-12-16,1961.15,-1.76,-0.09,1960.6,1970.25,1956.63,213506,2987690,1157484195
2013-12-17,1965.74,4.59,0.23,1977.94,1979.62,1962.22,253888,3811258,1160168228
2013-12-18,1974.63,8.89,0.45,1971.85,1982.42,1966.18,258664,3877244,1165258056
2013-12-19,1975.65,1.02,0.05,1996.79,1997.02,1969.95,255817,3869648,1166222898
2013-12-20,1983.35,7.7,0.39,1973.12,1984.44,1972.59,247065,3266872,1171122108
2013-12-23,1996.89,13.54,0.68,1993.45,2000.07,1989,222998,3233607,1178966725
2013-12-24,2001.59,4.7,0.24,2000.24,2007.34,1994.34,214694,3263759,1181164013
2013-12-26,1999.3,-2.29,-0.11,2004.25,2009.96,1997.34,230531,3269851,1179612714
2013-12-27,2002.28,2.98,0.15,1994.05,2004.55,1987.58,207767,2953686,1181350647
2013-12-30,2011.34,9.06,0.45,2004.32,2011.34,1998.61,172231,3261548,1185973724
2014-01-02,1967.19,-44.15,-2.2,2013.11,2013.89,1967.19,207770,4309772,1159892814
2014-01-03,1946.14,-21.05,-1.07,1963.72,1964.63,1936.15,188529,3997968,1147185473
2014-01-06,1953.28,7.14,0.37,1947.62,1961.85,1943.74,193630,3647066,1151821444
2014-01-07,1959.44,6.16,0.32,1947.65,1965.74,1947.08,193027,3686916,1155148368
2014-01-08,1958.96,-0.48,-0.02,1965.5,1966.95,1950.02,217070,4362641,1155336478
2014-01-09,1946.11,-12.85,-0.66,1962.3,1964.59,1946.11,276402,4700223,1147927559
2014-01-10,1938.54,-7.57,-0.39,1949.53,1956.97,1931.16,262993,4501003,1143204026
2014-01-13,1948.92,10.38,0.54,1947.38,1954.07,1942.83,267942,3356428,1148897376
2014-01-14,1946.07,-2.85,-0.15,1942.79,1961.73,1939.31,244063,3521774,1147401414
2014-01-15,1953.28,7.21,0.37,1956.43,1956.84,1945.87,250867,3831057,1150706047
2014-01-16,1957.32,4.04,0.21,1957.91,1965.27,1955.79,379567,3481407,1152865766
2014-01-17,1944.48,-12.84,-0.66,1958.5,1962.64,1943.13,260911,3334538,1145571788
2014-01-20,1953.78,9.3,0.48,1945.99,1955.28,1934.38,279527,2870463,1150713348
2014-01-21,1963.89,10.11,0.52,1955.26,1965.43,1949.56,289327,3344664,1156970056
2014-01-22,1970.42,6.53,0.33,1960.46,1970.42,1959.57,243857,3534708,1160859115
2014-01-23,1947.59,-22.83,-1.16,1968.77,1969.04,1947.01,229385,3510341,1147763645
2014-01-24,1940.56,-7.03,-0.36,1941.55,1947.01,1924.49,279237,4517695,1145070242
2014-01-27,1910.34,-30.22,-1.56,1905.91,1918.68,1899.76,340433,4415731,1126909522
2014-01-28,1916.93,6.59,0.34,1907.18,1919.26,1904.05,270495,4203369,1131142939
2014-01-29,1941.15,24.22,1.26,1925.93,1941.71,1925.52,219931,4474473,1145521359
2014-02-03,1919.96,-21.19,-1.09,1930.09,1931.81,1917.64,229649,3978605,1133350198
2014-02-04,1886.85,-33.11,-1.72,1894.96,1898.08,1885.53,250976,4537324,1113660661
2014-02-05,1891.32,4.47,0.24,1897.95,1901.4,1888.47,244029,3962750,1116573655
2014-02-06,1907.89,16.57,0.88,1897.35,1910.91,1897.35,259441,4100991,1126361443
2014-02-07,1922.5,14.61,0.77,1922.45,1923.25,1910.9,272962,4472645,1134992271
2014-02-10,1923.3,0.8,0.04,1928.13,1928.39,1916.4,207959,3246751,1135246423
2014-02-11,1932.06,8.76,0.46,1924.45,1935.29,1920.55,226381,3421273,1140585899
2014-02-12,1935.84,3.78,0.2,1942.23,1942.23,1933.54,225374,3648993,1143419058
2014-02-13,1926.96,-8.88,-0.46,1936.62,1944.73,1924.39,187857,2968183,1138106027
2014-02-14,1940.28,13.32,0.69,1930.14,1946.81,1930.14,216591,3270026,1147041419
2014-02-17,1946.36,6.08,0.31,1951.74,1955.04,1942.94,215468,3439629,1150542879
2014-02-18,1946.91,0.55,0.03,1946.88,1951.06,1935.6,200447,2773013,1151092003
2014-02-19,1942.93,-3.98,-0.2,1944.7,1944.7,1932.44,213564,3119311,1149193005
2014-02-20,1930.57,-12.36,-0.64,1932.9,1941.13,1927.53,232323,3904855,1141966182
2014-02-21,1957.83,27.26,1.41,1948.03,1957.83,1946.68,216316,3600765,1159141464
2014-02-24,1949.05,-8.78,-0.45,1958.06,1961.41,1943.86,193814,2944617,1153967952
2014-02-25,1964.86,15.81,0.81,1958.3,1964.86,1955.7,226039,3975946,1162958605
2014-02-26,1970.77,5.91,0.3,1963.45,1973.88,1955.92,209148,3986950,1166730716
2014-02-27,1978.43,7.66,0.39,1969.85,1980.37,1965.7,201056,3877560,1171847901
2014-02-28,1979.99,1.56,0.08,1976.48,1981.15,1972.65,252826,4878448,1173450011
2014-03-03,1964.69,-15.3,-0.77,1967.9,1969.16,1955.11,222622,3469132,1164446936
2014-03-04,1954.11,-10.58,-0.54,1954.58,1963.56,1952.61,200370,3113422,1158112097
2014-03-05,1971.24,17.13,0.88,1973.28,1977.3,1970.28,197699,3626531,1168716655
2014-03-06,1975.62,4.38,0.22,1973.67,1975.62,1968.17,193740,3410649,1171515309
2014-03-07,1974.68,-0.94,-0.05,1979.7,1983.53,1968.66,231557,3515860,1171060533
2014-03-10,1954.42,-20.26,-1.03,1967.63,1967.66,1951.96,214944,3440604,1159472446
2014-03-11,1963.87,9.45,0.48,1957.22,1963.87,1951.2,247468,3473789,1164815468
2014-03-12,1932.54,-31.33,-1.6,1957.67,1958.09,1930.48,329924,4312315,1146460580
2014-03-13,1934.38,1.84,0.1,1940.35,1946.28,1931.75,259620,4479877,1147366864
2014-03-14,1919.9,-14.48,-0.75,1916.07,1927.89,1913.64,254026,4059805,1138300480
2014-03-17,1927.53,7.63,0.4,1921.15,1928.43,1919.61,214930,3314520,1142264281
2014-03-18,1940.21,12.68,0.66,1941.12,1946.14,1931.83,274288,3630380,1149414871
2014-03-19,1937.68,-2.53,-0.13,1947.34,1948.15,1935.27,249083,3439445,1147631632
2014-03-20,1919.52,-18.16,-0.94,1934.15,1934.63,1919.37,220601,3338319,1136823563
2014-03-21,1934.94,15.42,0.8,1930.24,1935.18,1927.85,252871,3505573,1149659070
2014-03-24,1945.55,10.61,0.55,1937.06,1950.54,1937.06,228281,3312591,1155825063
2014-03-25,1941.25,-4.3,-0.22,1940.9,1946.09,1936.62,225161,3784243,1152682778
2014-03-26,1964.31,23.06,1.19,1954.6,1965.44,1953.69,248946,4037196,1166858037
2014-03-27,1977.97,13.66,0.7,1963.66,1979.7,1963.1,218061,3995924,1177397398
2014-03-28,1981,3.03,0.15,1972.63,1985.5,1971.25,244600,3446079,1179689111
2014-03-31,1985.61,4.61,0.23,1988.73,1989.8,1973.05,241041,4468746,1182487723
2014-04-01,1991.98,6.37,0.32,1983.78,1991.98,1976.06,214642,3928822,1185785443
2014-04-02,1997.25,5.27,0.26,2000.13,2001.26,1995.08,220913,3990737,1188798733
2014-04-03,1993.7,-3.55,-0.18,1999.42,2007.88,1992.16,225726,4246353,1187580409
2014-04-04,1988.09,-5.61,-0.28,1987.84,1993.96,1985.76,225636,4084987,1184376735
2014-04-07,1989.7,1.61,0.08,1984.29,1992.18,1978.63,186350,3728397,1185203842
2014-04-08,1993.03,3.33,0.17,1977.61,1994.58,1977.61,218149,3764184,1187174800
2014-04-09,1998.95,5.92,0.3,1997.98,2001.15,1992.12,233699,4788022,1190172635
2014-04-10,2008.61,9.66,0.48,2007.71,2008.98,1995.79,232447,4238894,1196039755
2014-04-11,1997.44,-11.17,-0.56,1985.28,1997.44,1985.16,218126,3558322,1189691462
2014-04-14,1997.02,-0.42,-0.02,1993.81,2001,1993.07,205712,2950553,1189276141
2014-04-15,1992.27,-4.75,-0.24,2008.49,2009.04,1990.34,194527,3499220,1186722341
2014-04-16,1992.21,-0.06,0,1994.31,1995.86,1986.25,230741,3310621,1186827071
2014-04-17,1992.05,-0.16,-0.01,2000.47,2001.29,1984.98,200186,2909693,1186479050
2014-04-18,2004.28,12.23,0.61,1998.52,2005.22,1998.26,206507,2819027,1193488635
2014-04-21,1999.22,-5.06,-0.25,2006.21,2006.95,1993.53,205579,2224803,1190468906
2014-04-22,2004.22,5,0.25,2000.94,2004.42,1991.47,212020,3146989,1193370731
2014-04-23,2000.37,-3.85,-0.19,2010.06,2013.09,1999.78,241735,4199638,1191105814
2014-04-24,1998.34,-2.03,-0.1,2006.38,2007.17,1993.18,235075,3606129,1190474482
2014-04-25,1971.66,-26.68,-1.34,1996.61,1996.64,1971.66,208364,3799283,1174879181
2014-04-28,1969.26,-2.4,-0.12,1969.04,1976.56,1969.04,168833,2847285,1173235833
2014-04-29,1964.77,-4.49,-0.23,1974.67,1976.17,1960.36,177609,3042953,1170173959
2014-04-30,1961.79,-2.98,-0.15,1973.56,1974.33,1955.15,227318,3929405,1168022515
2014-05-02,1959.44,-2.35,-0.12,1966.29,1968.5,1956.32,179541,3311796,1166905543
2014-05-07,1939.88,-19.56,-1,1964.19,1964.19,1939.55,193041,3640810,1155215338
2014-05-08,1950.6,10.72,0.55,1945.94,1950.6,1934.72,222431,3990941,1162106102
2014-05-09,1956.55,5.95,0.31,1953.48,1958.34,1949.64,205210,3484374,1165867751
2014-05-12,1964.94,8.39,0.43,1956.26,1966.64,1950.91,201644,3790541,1171779409
2014-05-13,1982.93,17.99,0.92,1973.08,1988.41,1969.6,242163,3754720,1182730515
2014-05-14,2010.83,27.9,1.41,1990.99,2010.85,1990.79,233872,3783903,1199185952
2014-05-15,2010.2,-0.63,-0.03,2007.88,2015.37,2006.38,259392,3463925,1198705189
2014-05-16,2013.44,3.24,0.16,2003.48,2013.44,1997.27,232530,4068564,1200657575
2014-05-19,2015.14,1.7,0.08,2013.79,2015.53,2002.89,265596,4486142,1203926336
2014-05-20,2011.26,-3.88,-0.19,2011.85,2014.46,2004.32,248337,3912590,1201975284
2014-05-21,2008.33,-2.93,-0.15,2003.48,2015.63,2001.74,224091,3402512,1200117082
2014-05-22,2015.59,7.26,0.36,2015.41,2022.59,2011.6,231079,3663770,1205229332
2014-05-23,2017.17,1.58,0.08,2013.09,2017.96,2011.76,241806,3171820,1205425595
2014-05-26,2010.35,-6.82,-0.34,2016.21,2020.96,2008.14,196576,2724855,1200835265
2014-05-27,1997.63,-12.72,-0.63,2014.87,2016.73,1988.44,221792,2756316,1193473387
2014-05-28,2017.06,19.43,0.97,2000.26,2017.06,1997.89,210651,3321719,1204945765
2014-05-29,2012.26,-4.8,-0.24,2020.67,2021.96,2009.23,228539,3689730,1203222657
2014-05-30,1994.96,-17.3,-0.86,2015.37,2019.17,1994.96,247325,5225528,1192616535
2014-06-02,2002,7.04,0.35,1998.81,2006.93,1995.69,265591,3161273,1196965465
2014-06-03,2008.56,6.56,0.33,2006.31,2008.56,1990.72,266745,4885634,1200537779
2014-06-05,1995.48,-13.08,-0.65,2007.2,2007.2,1986.95,222092,5144478,1193090538
2014-06-09,1990.04,-5.44,-0.27,2004.73,2008.86,1986.53,209610,4571158,1188827320
2014-06-10,2011.8,21.76,1.09,2000.89,2011.87,1996.21,234933,3923313,1201875160
2014-06-11,2014.67,2.87,0.14,2009.51,2016.78,2006.73,238049,3885296,1203071979
2014-06-12,2011.65,-3.02,-0.15,2013.6,2015.8,2003.57,251876,4272657,1200875452
2014-06-13,1990.85,-20.8,-1.03,2005.55,2005.55,1984.04,223113,3563016,1187881505
2014-06-16,1993.59,2.74,0.14,1986.86,1995.86,1985.3,233604,4477999,1189532355
2014-06-17,2001.55,7.96,0.4,1994.89,2002.96,1991.53,236597,3624572,1194598365
2014-06-18,1989.49,-12.06,-0.6,2002.26,2002.26,1987.03,216850,3461771,1187513869
2014-06-19,1992.03,2.54,0.13,1994.23,1999.11,1985.89,257886,4106727,1188805113
2014-06-20,1968.07,-23.96,-1.2,1990.71,1990.73,1965.12,232659,4818547,1175231501
2014-06-23,1974.92,6.85,0.35,1975.1,1980.31,1971.61,231738,3413606,1179863856
2014-06-24,1994.35,19.43,0.98,1976.24,1998.31,1976.24,250605,3664549,1191474710
2014-06-25,1981.77,-12.58,-0.63,1992.69,1993.6,1980.78,336654,3377439,1185269808
2014-06-26,1995.05,13.28,0.67,1983,1997.08,1982.48,273508,3888526,1193162601
2014-06-27,1988.51,-6.54,-0.33,1990.9,1997.01,1983.88,218845,3395119,1189211533
2014-06-30,2002.21,13.7,0.69,1996.13,2002.21,1992.65,201128,2989877,1197216680
2014-07-01,1999,-3.21,-0.16,1993.29,1999,1987.89,238871,3004955,1195109536
2014-07-02,2015.28,16.28,0.81,2008,2016.36,2002.4,318423,3854655,1204968688
2014-07-03,2010.97,-4.31,-0.21,2015.99,2015.99,2007.86,259914,3515649,1202025896
2014-07-04,2009.66,-1.31,-0.07,2018.35,2018.35,2005.84,241514,3091701,1201174664
2014-07-07,2005.12,-4.54,-0.23,2007.53,2009.32,1998.03,228339,3060457,1197431476
2014-07-08,2006.66,1.54,0.08,2003.55,2009.22,1997.87,259357,3463333,1198251712
2014-07-09,2000.5,-6.16,-0.31,1997.57,2000.89,1992.42,272746,3767880,1194372170
2014-07-10,2002.84,2.34,0.12,2004.63,2006.5,1999.96,327639,3719177,1196159283
2014-07-11,1988.74,-14.1,-0.7,1988.93,1993.46,1985.53,277018,3625600,1188243362
2014-07-14,1993.88,5.14,0.26,1998.26,2001.11,1993.57,270389,3138080,1191685330
2014-07-15,2012.72,18.84,0.94,2004.93,2015.54,2004.49,361202,4151005,1203933125
2014-07-16,2013.48,0.76,0.04,2015.67,2018.05,2008.99,315167,3996303,1204405022
2014-07-17,2020.9,7.42,0.37,2020.52,2025.41,2018.77,322695,3930847,1209321504
2014-07-18,2019.42,-1.48,-0.07,2007.12,2019.42,2006.01,304521,3675088,1208349636
2014-07-21,2018.5,-0.92,-0.05,2028.02,2030.61,2016.42,274627,3283644,1207696011
2014-07-22,2028.93,10.43,0.52,2021.18,2028.93,2017.76,265888,3216327,1213663849
2014-07-23,2028.32,-0.61,-0.03,2032.73,2035.24,2025,353511,4257989,1213088910
2014-07-24,2026.62,-1.7,-0.08,2032.94,2034.72,2021.22,323591,4637131,1212260708
2014-07-25,2033.85,7.23,0.36,2030.04,2036.2,2027.33,282770,4013166,1216907377
2014-07-28,2048.81,14.96,0.74,2035.96,2053.84,2035.96,349019,4671198,1225549866
2014-07-29,2061.97,13.16,0.64,2054.03,2065.96,2053.41,408767,6010165,1234218218
2014-07-30,2082.61,20.64,1,2064.47,2093.08,2062.88,343286,6554445,1247342842
2014-07-31,2076.12,-6.49,-0.31,2081.75,2090.57,2070.78,383727,6152484,1242416181
2014-08-01,2073.1,-3.02,-0.15,2063.71,2079.81,2062.54,271966,5045081,1239637683
2014-08-04,2080.42,7.32,0.35,2080.77,2083.05,2067.17,253202,3928490,1244311925
2014-08-05,2066.26,-14.16,-0.68,2076.17,2077.73,2058.92,346821,4091101,1235463036
2014-08-06,2060.73,-5.53,-0.27,2062.93,2068.08,2055.68,377267,5166631,1234435500
2014-08-07,2054.51,-6.22,-0.3,2062.24,2063.53,2047.75,292936,3839026,1230673159
2014-08-08,2031.1,-23.41,-1.14,2049.51,2051.06,2026.56,354821,4575174,1216269889
2014-08-11,2039.37,8.27,0.41,2048.18,2048.18,2037.8,285843,3639332,1221590076
2014-08-12,2041.47,2.1,0.1,2048.39,2055.85,2038.14,312800,3787468,1222390791
2014-08-13,2062.36,20.89,1.02,2046.68,2062.36,2043.11,280664,4259535,1235137815
2014-08-14,2063.22,0.86,0.04,2065.69,2073.42,2056.06,270849,3896829,1235480942
2014-08-18,2053.13,-10.09,-0.49,2070.95,2073.05,2053.13,300419,3681608,1229293819
2014-08-19,2071.14,18.01,0.88,2065.19,2074.43,2064.34,327123,4354976,1239831248
2014-08-20,2072.78,1.64,0.08,2080.77,2082.21,2063.61,315355,4570238,1240739513
2014-08-21,2044.21,-28.57,-1.38,2067.63,2068.22,2041.91,307795,4543755,1223731385
2014-08-22,2056.7,12.49,0.61,2048.24,2058.46,2046.54,277858,3518019,1231530548
2014-08-25,2060.89,4.19,0.2,2049.16,2062.23,2044.2,272045,3509580,1232838851
2014-08-26,2068.05,7.16,0.35,2069.07,2072.42,2065.15,288908,3681605,1237096620
2014-08-27,2074.93,6.88,0.33,2075.45,2081.83,2070.77,337612,4377076,1241311661
2014-08-28,2075.76,0.83,0.04,2083.03,2088.86,2072.14,305877,3856656,1242448675
2014-08-29,2068.54,-7.22,-0.35,2070.73,2073.03,2060.14,301374,4170410,1238885906
2014-09-01,2067.86,-0.68,-0.03,2067.8,2072.59,2062.3,272469,3227361,1238177303
2014-09-02,2051.58,-16.28,-0.79,2065.97,2066,2049.15,323115,4036802,1228125552
2014-09-03,2051.2,-0.38,-0.02,2050.09,2054.08,2040.44,337971,4788980,1227489872
2014-09-04,2056.26,5.06,0.25,2059.05,2065.27,2050.79,376388,4565258,1230671342
2014-09-05,2049.41,-6.85,-0.33,2053.18,2059.04,2044.68,343350,4008853,1226434933
2014-09-11,2034.16,-15.25,-0.74,2046.97,2052.16,2034.13,333410,5085207,1218106324
2014-09-12,2041.86,7.7,0.38,2042.51,2048.21,2037.37,362672,3902826,1222399166
2014-09-15,2035.82,-6.04,-0.3,2039.03,2040.08,2028.8,297606,3193377,1218520932
2014-09-16,2042.92,7.1,0.35,2039.92,2045.65,2036.23,365691,3124074,1222848573
2014-09-17,2062.61,19.69,0.96,2052.06,2062.62,2051.11,351669,3547677,1234808846
2014-09-18,2047.74,-14.87,-0.72,2058.21,2063.26,2044.17,394273,5301546,1224740978
2014-09-19,2053.82,6.08,0.3,2057.56,2062.37,2053.66,397737,5082729,1226930256
2014-09-22,2039.27,-14.55,-0.71,2053.3,2053.3,2032.36,323891,3546258,1217580202
2014-09-23,2028.91,-10.36,-0.51,2028.9,2036.25,2025.16,427814,4684342,1211414916
2014-09-24,2035.64,6.73,0.33,2024.75,2036.26,2019.91,332586,4454289,1214686508
2014-09-25,2034.11,-1.53,-0.08,2045.66,2046.26,2030.09,325375,4767145,1213621148
2014-09-26,2031.64,-2.47,-0.12,2019.17,2031.65,2018.7,313524,3923739,1212299060
2014-09-29,2026.6,-5.04,-0.25,2035.93,2036.44,2021.37,339588,4482154,1210002566
2014-09-30,2020.09,-6.51,-0.32,2023.18,2029.17,2007.3,322812,4735620,1205667458
2014-10-01,1991.54,-28.55,-1.41,2013.47,2013.47,1989.84,351581,4441210,1188892215
2014-10-02,1976.16,-15.38,-0.77,1984.43,1985.06,1966.17,322656,4729990,1179088115
2014-10-06,1968.39,-7.77,-0.39,1987.89,1988.39,1968.3,325078,4815761,1174935314
2014-10-07,1972.91,4.52,0.23,1979.83,1982.96,1966.22,328234,3867833,1177791138
2014-10-08,1965.25,-7.66,-0.39,1957.9,1974.27,1957.9,266180,3830164,1172092213
2014-10-10,1940.92,-24.33,-1.24,1953.98,1953.98,1931.88,342823,4426278,1157291259
2014-10-13,1927.21,-13.71,-0.71,1919.48,1932.37,1918.48,308918,4026421,1149472751
2014-10-14,1929.25,2.04,0.11,1933.45,1940.21,1926.87,335506,4173407,1151248477
2014-10-15,1925.91,-3.34,-0.17,1932.11,1938.85,1918.77,310342,4086447,1149637323
2014-10-16,1918.83,-7.08,-0.37,1911.45,1922.94,1904.77,313611,4714662,1144980112
2014-10-17,1900.66,-18.17,-0.95,1923.51,1923.51,1896.54,362078,4649540,1134184890
2014-10-20,1930.06,29.4,1.55,1918.84,1933.12,1917.54,344669,3613517,1152487600
2014-10-21,1915.28,-14.78,-0.77,1923.62,1923.62,1911.03,405921,4370561,1143668374
2014-10-22,1936.97,21.69,1.13,1936.91,1936.99,1924.21,399095,4413393,1156193304
2014-10-23,1931.65,-5.32,-0.27,1932.43,1944.45,1924.14,372833,4410224,1153611569
2014-10-24,1925.69,-5.96,-0.31,1942.46,1942.72,1916.84,419428,5303285,1150626216
2014-10-27,1931.97,6.28,0.33,1933.91,1939.25,1929.26,408840,4067186,1154738007
2014-10-28,1925.68,-6.29,-0.33,1935.46,1936.28,1924.37,414616,3836238,1150732700
2014-10-29,1961.17,35.49,1.84,1938.8,1961.49,1931.59,396615,5453658,1172687222
2014-10-30,1958.93,-2.24,-0.11,1956.92,1959.49,1944.24,311049,5001949,1171918049
2014-10-31,1964.43,5.5,0.28,1963.26,1967.08,1951.07,349405,5484310,1176141815
2014-11-03,1952.97,-11.46,-0.58,1959.66,1961.04,1947.83,344497,4531278,1169555834
2014-11-04,1935.19,-17.78,-0.91,1950.15,1956.73,1928.52,391713,4971537,1158786117
2014-11-05,1931.43,-3.76,-0.19,1938.61,1944.5,1928.99,332277,4070610,1155979437
2014-11-06,1936.48,5.05,0.26,1933.45,1939.32,1923.05,360571,4810115,1159251242
2014-11-07,1939.87,3.39,0.18,1935.75,1943.26,1932.17,255424,3698464,1160795853
2014-11-10,1958.23,18.36,0.95,1952.79,1965.35,1952.79,313262,4569692,1172205579
2014-11-11,1963,4.77,0.24,1957.87,1965.41,1956.23,311396,4487342,1175336193
2014-11-12,1967.27,4.27,0.22,1965.21,1974.69,1961.66,348499,4453554,1177450841
2014-11-13,1960.51,-6.76,-0.34,1970.64,1973.33,1954.88,332595,3955188,1173224354
2014-11-14,1945.14,-15.37,-0.78,1959.64,1959.64,1940.49,314797,5229761,1189568574
2014-11-17,1943.63,-1.51,-0.08,1941.83,1948.33,1935.95,277521,4295322,1188565644
2014-11-18,1967.01,23.38,1.2,1951.93,1967.01,1951.93,251273,4162331,1203501311
2014-11-19,1966.87,-0.14,-0.01,1974.41,1974.41,1959.21,279559,4862234,1204123337
2014-11-20,1958.04,-8.83,-0.45,1960.72,1962.69,1952.44,339217,4897218,1199473654
2014-11-21,1964.84,6.8,0.35,1966.89,1969.43,1959.81,345924,4312378,1203532466
2014-11-24,1978.54,13.7,0.7,1982.48,1985.18,1974.37,325448,5522180,1212361924
2014-11-25,1980.21,1.67,0.08,1981.52,1981.85,1973.8,283188,6179891,1212030108
2014-11-26,1980.84,0.63,0.03,1984.83,1985.43,1972.95,253288,4149141,1213171829
2014-11-27,1982.09,1.25,0.06,1993.65,1994.82,1982.08,295509,5571155,1216647112
2014-11-28,1980.78,-1.31,-0.07,1983.22,1984.73,1975.66,340696,4301527,1216291668
2014-12-01,1965.22,-15.56,-0.79,1971.95,1971.97,1962.15,333977,4702648,1206702110
2014-12-02,1965.83,0.61,0.03,1959.4,1965.83,1954.4,317912,3878547,1206539932
2014-12-03,1969.91,4.08,0.21,1969.57,1973.96,1964.77,271112,3300716,1209520923
2014-12-04,1986.61,16.7,0.85,1976.3,1988.56,1976.1,244390,3548271,1219207715
2014-12-05,1986.62,0.01,0,1986.6,1989.17,1983.36,305548,3434291,1219300665
2014-12-08,1978.95,-7.67,-0.39,1988.8,1990.04,1976.89,295139,3174102,1214710820
2014-12-09,1970.95,-8,-0.4,1977.05,1977.15,1968.85,541162,3920050,1210256689
2014-12-10,1945.56,-25.39,-1.29,1964.04,1966.11,1943.27,367890,3921969,1194648226
2014-12-11,1916.59,-28.97,-1.49,1930.46,1937.23,1916.49,343635,4483230,1176794065
2014-12-12,1921.71,5.12,0.27,1921.61,1926.67,1915,363470,3800864,1179768455
2014-12-15,1920.36,-1.35,-0.07,1903.12,1920.43,1899.61,294421,3750325,1179328568
2014-12-16,1904.13,-16.23,-0.85,1909.01,1919.6,1901.13,369417,4372158,1169418313
2014-12-17,1900.16,-3.97,-0.21,1913.28,1913.28,1900.16,307269,4126755,1166393654
2014-12-18,1897.5,-2.66,-0.14,1917.67,1919.24,1881.73,337298,5321982,1180060070
2014-12-19,1929.98,32.48,1.71,1920.75,1930.08,1914.27,291792,4492734,1200654704
2014-12-22,1943.12,13.14,0.68,1938.16,1944.2,1928.89,324535,4210383,1209233265
2014-12-23,1939.02,-4.1,-0.21,1942.12,1944.75,1936.75,300797,3699646,1206722355
2014-12-24,1946.61,7.59,0.39,1940.76,1947.35,1936.74,283866,3040952,1211672361
2014-12-26,1948.16,1.55,0.08,1947.6,1954.77,1944.22,297006,3406230,1212496532
2014-12-29,1927.86,-20.3,-1.04,1937.27,1941.33,1927.83,265809,3436899,1199530880
2014-12-30,1915.59,-12.27,-0.64,1934.51,1937.55,1910.78,256437,3695016,1192252867
2015-01-02,1926.44,10.85,0.57,1914.24,1929.15,1909.67,258776,3696029,1198010248
2015-01-05,1915.75,-10.69,-0.55,1921.96,1921.96,1903.37,313443,4700136,1191526455
2015-01-06,1882.45,-33.3,-1.74,1895.48,1900.02,1877.38,303688,4755440,1171167157
2015-01-07,1883.83,1.38,0.07,1878.9,1887.6,1876.27,280510,3762677,1171990821
2015-01-08,1904.65,20.82,1.11,1895.85,1907.23,1891.77,262207,4395567,1185170312
2015-01-09,1924.7,20.05,1.05,1919.8,1929.1,1915.85,308781,4406669,1197321954
2015-01-12,1920.95,-3.75,-0.19,1918.18,1924.66,1917.88,311915,3581796,1195196342
2015-01-13,1917.14,-3.81,-0.2,1915.03,1920.77,1910.27,338989,4873084,1193106587
2015-01-14,1913.66,-3.48,-0.18,1919.31,1925.68,1913.51,297517,4526793,1190978917
2015-01-15,1914.14,0.48,0.03,1914.06,1919.69,1908.6,266544,3892782,1191087315
2015-01-16,1888.13,-26.01,-1.36,1907.07,1907.07,1885.62,298733,4008277,1174782572
2015-01-19,1902.62,14.49,0.77,1902.81,1912.42,1900.26,281120,3583091,1183896613
2015-01-20,1918.31,15.69,0.82,1908.62,1918.85,1907.97,280895,3636919,1193690149
2015-01-21,1921.23,2.92,0.15,1917.33,1921.88,1909.86,300843,4401216,1196688635
2015-01-22,1920.82,-0.41,-0.02,1926.01,1932.5,1916.56,343132,4597898,1196156121
2015-01-23,1936.09,15.27,0.79,1945.36,1945.36,1930.65,367702,4644549,1205486406
2015-01-26,1935.68,-0.41,-0.02,1928.26,1936.4,1924.14,330607,3969674,1204518131
2015-01-27,1952.4,16.72,0.86,1941.9,1952.41,1940.72,466962,4619118,1214526540
2015-01-28,1961.58,9.18,0.47,1946.71,1963.53,1943.59,400930,5333257,1220210452
2015-01-29,1951.02,-10.56,-0.54,1950.83,1960.12,1946.2,391034,5334660,1214462590
2015-01-30,1949.26,-1.76,-0.09,1964.13,1964.13,1948.6,441477,5889623,1213492316
2015-02-02,1952.68,3.42,0.18,1947.91,1956.1,1944.58,364831,4375860,1215563731
2015-02-03,1951.96,-0.72,-0.04,1960.11,1960.35,1940.74,369978,4659076,1214680337
2015-02-04,1962.79,10.83,0.55,1963.37,1970.27,1961.57,348032,5028816,1221801023
2015-02-05,1952.84,-9.95,-0.51,1961.15,1962.15,1945.42,395653,4334613,1215349284
2015-02-06,1955.52,2.68,0.14,1955.13,1955.52,1945.82,309818,5949733,1217108796
2015-02-09,1947,-8.52,-0.44,1949.5,1952.86,1944.79,310182,4326855,1212134056
2015-02-10,1935.86,-11.14,-0.57,1949.3,1954.2,1935.86,329203,4136832,1205357397
2015-02-11,1945.7,9.84,0.51,1942.34,1948.89,1937.95,307454,4227731,1210590445
2015-02-12,1941.63,-4.07,-0.21,1947.21,1947.47,1932.75,334825,4319340,1208275844
2015-02-13,1957.5,15.87,0.82,1949.32,1957.5,1946.94,351080,4073754,1218291649
2015-02-16,1958.23,0.73,0.04,1960.03,1963.44,1955.39,350944,3690780,1218670142
2015-02-17,1961.45,3.22,0.16,1955.77,1962.97,1952.33,304531,3510747,1220463775
2015-02-23,1968.39,6.94,0.35,1974.44,1976.96,1966.77,347581,4142518,1224574990
2015-02-24,1976.12,7.73,0.39,1975.65,1980.38,1972.61,309544,4262649,1229471283
2015-02-25,1990.47,14.35,0.73,1988.47,1992.03,1984.53,369498,5017453,1238838904
2015-02-26,1993.08,2.61,0.13,1993.27,1993.43,1983.94,385656,5153504,1240227987
2015-02-27,1985.8,-7.28,-0.37,1992.76,1993.34,1982.5,424548,5675034,1235242829
2015-03-02,1996.81,11.01,0.55,1996.72,1999.13,1988.33,373366,5785660,1242157728
2015-03-03,2001.38,4.57,0.23,2002.5,2003.05,1995.93,444865,5438365,1245663369
2015-03-04,1998.29,-3.09,-0.15,2001.76,2003.85,1996.5,374540,4724947,1244053793
2015-03-05,1998.38,0.09,0,1996.81,2002.48,1993.92,373683,4055523,1243683404
2015-03-06,2012.94,14.56,0.73,2003.97,2013.73,2003.18,393347,4809475,1253062506
2015-03-09,1992.82,-20.12,-1,2004.94,2005.81,1990.87,296747,4048388,1240328478
2015-03-10,1984.77,-8.05,-0.4,2000.66,2003.19,1982.22,433405,4786369,1235314121
2015-03-11,1980.83,-3.94,-0.2,1971.04,1984.6,1969.13,399532,5887014,1233596861
2015-03-12,1970.59,-10.24,-0.52,1979.22,1988.77,1970.59,384041,6400260,1227699040
2015-03-13,1985.79,15.2,0.77,1987.17,1991.87,1982.96,326707,4350273,1237140385
2015-03-16,1987.33,1.54,0.08,1985.59,1991.79,1982.26,319163,4646946,1237802459
2015-03-17,2029.91,42.58,2.14,1998.26,2029.91,1997.27,356554,5386343,1263927338
2015-03-18,2028.45,-1.46,-0.07,2032.19,2036.13,2026.72,362009,5388526,1263191048
2015-03-19,2037.89,9.44,0.47,2047.13,2047.13,2031.07,468284,5799017,1269130014
2015-03-20,2037.24,-0.65,-0.03,2037.13,2040,2027.81,351732,5195223,1268219950
2015-03-23,2036.59,-0.65,-0.03,2043.22,2043.92,2032.35,314897,4686340,1267982784
2015-03-24,2041.37,4.78,0.23,2035.08,2041.77,2028.54,328834,4664616,1270912537
2015-03-25,2042.81,1.44,0.07,2043.16,2046.97,2038.14,423409,5109071,1272663590
2015-03-26,2022.56,-20.25,-0.99,2027.2,2036.7,2019.51,342261,5154957,1260042046
2015-03-27,2019.8,-2.76,-0.14,2026.75,2027.25,2016.88,448964,5110739,1258779522
2015-03-30,2030.04,10.24,0.51,2026.6,2033.27,2018.12,439556,4465390,1264850793
2015-03-31,2041.03,10.99,0.54,2042.31,2046.9,2032.24,555933,5367292,1272317323
2015-04-01,2028.45,-12.58,-0.62,2035.4,2039.04,2024.64,542801,5386245,1265134363
2015-04-02,2029.07,0.62,0.03,2036.9,2040.45,2028.22,655864,6006832,1265451082
2015-04-03,2045.42,16.35,0.81,2035.83,2045.94,2031.27,498636,4527546,1275569668
2015-04-06,2046.43,1.01,0.05,2049.87,2055.45,2043.26,460493,4769018,1276962029
2015-04-07,2047.03,0.6,0.03,2059.05,2059.09,2043.79,436233,4861154,1278076420
2015-04-08,2059.26,12.23,0.6,2048.75,2060.19,2046.09,552684,6518068,1286164640
2015-04-09,2058.87,-0.39,-0.02,2060.3,2064.46,2054.17,529862,6045591,1285499571
2015-04-10,2087.76,28.89,1.4,2066.32,2089.09,2065.39,658383,6414643,1303644135
2015-04-13,2098.92,11.16,0.53,2094.1,2099.97,2088.82,561806,7020313,1310679792
2015-04-14,2111.72,12.8,0.61,2101.76,2111.73,2095.97,648846,8051715,1318448528
2015-04-15,2119.96,8.24,0.39,2114.56,2122.72,2110.25,451397,7378687,1322955333
2015-04-16,2139.9,19.94,0.94,2134.14,2139.9,2125.54,476420,7320104,1335363966
2015-04-17,2143.5,3.6,0.17,2142.72,2144.76,2134.1,464627,6344547,1338322786
2015-04-20,2146.71,3.21,0.15,2126.55,2146.73,2126.55,509037,7095217,1340100490
2015-04-21,2144.79,-1.92,-0.09,2153.42,2153.84,2140.12,561781,6925599,1338614031
2015-04-22,2143.89,-0.9,-0.04,2146.59,2161.23,2125.88,769387,8537488,1338086372
2015-04-23,2173.41,29.52,1.38,2156.94,2174.72,2139.33,521587,8225131,1356487315
2015-04-24,2159.8,-13.61,-0.63,2181.24,2189.54,2154.27,508420,8265327,1346807973
2015-04-27,2157.54,-2.26,-0.1,2169.14,2169.14,2152.09,392339,6196420,1345398327
2015-04-28,2147.67,-9.87,-0.46,2162.5,2164.52,2144.85,415055,6144217,1339024328
2015-04-29,2142.63,-5.04,-0.23,2155.01,2156.24,2126.36,458065,6700508,1336120381
2015-04-30,2127.17,-15.46,-0.72,2134.94,2136.9,2121.29,509130,6171207,1327284545
2015-05-04,2132.23,5.06,0.24,2134.51,2139.3,2128.72,355620,4729117,1330971660
2015-05-06,2104.58,-27.65,-1.3,2122.03,2123.22,2095.6,428092,5673933,1313221989
2015-05-07,2091,-13.58,-0.65,2098.48,2099.44,2067.99,423246,5464314,1304188947
2015-05-08,2085.52,-5.48,-0.26,2090.19,2094.06,2082.72,309505,4760652,1300179698
2015-05-11,2097.38,11.86,0.57,2106.12,2110.79,2097.38,329704,5040356,1307246124
2015-05-12,2096.77,-0.61,-0.03,2100.63,2101.72,2088.64,391924,5016009,1305255568
2015-05-13,2114.16,17.39,0.83,2100.1,2115.36,2100.08,377032,5001954,1315899887
2015-05-14,2120.33,6.17,0.29,2115.59,2121.68,2111.72,430833,5117208,1320368108
2015-05-15,2106.5,-13.83,-0.65,2132.53,2134.36,2104.77,491706,6152414,1311860888
2015-05-18,2113.72,7.22,0.34,2108.15,2113.72,2099.48,445155,5853343,1316383346
2015-05-19,2120.85,7.13,0.34,2114.29,2126.89,2107.62,418480,5758117,1320658615
2015-05-20,2139.54,18.69,0.88,2128.01,2140.24,2125.49,452114,6080979,1332753718
2015-05-21,2122.81,-16.73,-0.78,2139.68,2140.6,2121.49,398146,5683597,1322590771
2015-05-22,2146.1,23.29,1.1,2131.11,2146.1,2126.88,444585,6084899,1336758600
2015-05-26,2143.5,-2.6,-0.12,2146.47,2148.7,2130.3,381383,6664711,1335922314
2015-05-27,2107.5,-36,-1.68,2133.49,2134.95,2103.64,439029,8038776,1313307991
2015-05-28,2110.89,3.39,0.16,2117.77,2123.52,2110.89,416116,6847486,1315524158
2015-05-29,2114.8,3.91,0.19,2109.38,2123.39,2106.7,456143,7898248,1318606947
2015-06-01,2102.37,-12.43,-0.59,2110.12,2110.88,2086,426928,5897428,1310109641
2015-06-02,2078.64,-23.73,-1.13,2102.62,2107.17,2076.16,520056,7029220,1294288904
2015-06-03,2063.16,-15.48,-0.74,2078.51,2087.95,2059.34,541167,6612354,1285026881
2015-06-04,2072.86,9.7,0.47,2070.49,2082.6,2062.75,400364,7425342,1291801430
2015-06-05,2068.1,-4.76,-0.23,2062.22,2075.02,2060.91,394291,6196819,1288676222
2015-06-08,2065.19,-2.91,-0.14,2068.51,2068.51,2056.5,393564,5600602,1285935551
2015-06-09,2064.03,-1.16,-0.06,2063.4,2073.75,2057.21,421881,5606086,1284380957
2015-06-10,2051.32,-12.71,-0.62,2079.13,2080.03,2049.13,427361,6260203,1276549989
2015-06-11,2056.61,5.29,0.26,2065.07,2065.07,2051.1,457020,7628903,1279618526
2015-06-12,2052.17,-4.44,-0.22,2068.45,2074.78,2044.87,388258,6152211,1277287528
2015-06-15,2042.32,-9.85,-0.48,2041.07,2049.68,2033.72,313946,4968902,1271122016
2015-06-16,2028.72,-13.6,-0.67,2045.01,2045.77,2008.46,381408,6360420,1262980145
2015-06-17,2034.86,6.14,0.3,2035.48,2037.12,2021.5,354723,5112642,1267459896
2015-06-18,2041.88,7.02,0.34,2046.19,2052,2036.78,390973,5324239,1271691513
2015-06-19,2046.96,5.08,0.25,2056.54,2057.71,2044.71,400329,5649939,1274578489
2015-06-22,2055.16,8.2,0.4,2059.6,2068.07,2050.3,266962,4320381,1279769868
2015-06-23,2081.2,26.04,1.27,2071.3,2086.09,2066.21,329799,5293354,1296185989
2015-06-24,2085.53,4.33,0.21,2086.69,2087.68,2076.78,400754,5340099,1299458967
2015-06-25,2085.06,-0.47,-0.02,2077.84,2088.16,2073.95,575912,5935775,1298501594
2015-06-26,2090.26,5.2,0.25,2083.4,2097.01,2080.79,492774,6345469,1301822077
2015-06-29,2060.49,-29.77,-1.42,2056.44,2068.85,2054.33,503807,6207218,1284489136
2015-06-30,2074.2,13.71,0.67,2054.83,2075.02,2049.44,392413,5653578,1293129967
2015-07-01,2097.89,23.69,1.14,2077.27,2100.34,2072.54,471566,5887524,1307385643
2015-07-02,2107.33,9.44,0.45,2107.11,2110.81,2098.76,565339,7123090,1313180646
2015-07-03,2104.41,-2.92,-0.14,2107.51,2109.68,2094.02,419549,5993989,1310771039
2015-07-06,2053.93,-50.48,-2.4,2076.06,2089.86,2052.23,474043,6359280,1279274183
2015-07-07,2040.29,-13.64,-0.66,2067.04,2067.93,2028.98,502809,8282446,1270619129
2015-07-08,2016.21,-24.08,-1.18,2045.88,2046.33,2010.83,453118,7561890,1256567111
2015-07-09,2027.81,11.6,0.58,2000.19,2027.81,1983.78,408458,7076332,1263596381
2015-07-10,2031.17,3.36,0.17,2036.89,2037.84,2024.76,381307,6694045,1266003543
2015-07-13,2061.52,30.35,1.49,2033.25,2063.28,2030.21,426287,6234782,1284730942
2015-07-14,2059.23,-2.29,-0.11,2070.44,2070.44,2052.21,503078,6807343,1282991294
2015-07-15,2072.91,13.68,0.66,2068.38,2079.9,2060.66,619129,7571106,1291539233
2015-07-16,2087.89,14.98,0.72,2073.29,2088.33,2071.02,697930,7511197,1300883330
2015-07-17,2076.79,-11.1,-0.53,2101.22,2101.22,2068.36,819227,8471374,1295334485
2015-07-20,2073.31,-3.48,-0.17,2077.09,2081.43,2068.19,870680,6032627,1293193523
2015-07-21,2083.62,10.31,0.5,2082.18,2088.24,2069.21,727407,6566887,1299896412
2015-07-22,2064.73,-18.89,-0.91,2071.06,2075.94,2059.45,1160824,6842552,1288606919
2015-07-23,2065.07,0.34,0.02,2068.93,2069.2,2053.52,739793,6236606,1289026392
2015-07-24,2045.96,-19.11,-0.93,2060.66,2060.66,2040.3,611869,6152505,1277379658
2015-07-27,2038.81,-7.15,-0.35,2034.82,2048.15,2032.44,543243,6377311,1273665527
2015-07-28,2039.1,0.29,0.01,2026.33,2045.55,2015.91,498527,6616942,1273289346
2015-07-29,2037.62,-1.48,-0.07,2053.62,2055.95,2037.62,520573,6702194,1272961246
2015-07-30,2019.03,-18.59,-0.91,2040.24,2044.93,2019.03,509318,6809942,1262118199
2015-07-31,2030.16,11.13,0.55,2026.98,2030.16,2004.7,448192,6285953,1268862612
2015-08-03,2008.49,-21.67,-1.07,2026.25,2026.25,2005.21,358746,5118528,1255710752
2015-08-04,2027.99,19.5,0.97,2007.75,2027.99,2007.66,388790,5020051,1267664208
2015-08-05,2029.76,1.77,0.09,2027.22,2035.25,2022.98,319212,5064871,1268581539
2015-08-06,2013.29,-16.47,-0.81,2037.26,2038.41,2011.6,340507,5884337,1257563011
2015-08-07,2010.23,-3.06,-0.15,2009.39,2012.9,2001.13,334578,4744990,1256006486
2015-08-10,2003.17,-7.06,-0.35,2008.44,2008.55,1993.96,308327,4491921,1252313277
2015-08-11,1986.65,-16.52,-0.82,2020.15,2021.81,1986.46,366408,5080635,1242034736
2015-08-12,1975.47,-11.18,-0.56,1980.04,1989.1,1948.91,524252,6860222,1235286893
2015-08-13,1983.46,7.99,0.4,1975.47,1990.7,1966.02,376591,5178551,1239674654
2015-08-17,1968.52,-14.94,-0.75,1991.05,1991.05,1968.44,561574,4622504,1228555722
2015-08-18,1956.26,-12.26,-0.62,1977.61,1979.33,1954.35,472766,5607258,1221559996
2015-08-19,1939.38,-16.88,-0.86,1954.56,1959.51,1915.91,506786,7253388,1211657714
2015-08-20,1914.55,-24.83,-1.28,1929.43,1933.79,1912.55,397527,5157649,1196321599
2015-08-21,1876.07,-38.48,-2.01,1862.79,1886.49,1856.91,512314,6834430,1172659638
2015-08-24,1829.81,-46.26,-2.47,1860.03,1872.86,1800.75,415178,6235256,1143177407
2015-08-25,1846.63,16.82,0.92,1840.94,1864.3,1806.79,451587,6679761,1153956825
2015-08-26,1894.09,47.46,2.57,1843.7,1895.45,1835.58,453387,6849271,1182380356
2015-08-27,1908,13.91,0.73,1912.42,1920.39,1898.98,482661,6719363,1191319289
2015-08-28,1937.67,29.67,1.56,1932.39,1938.61,1927.39,446751,6519469,1209654494
2015-08-31,1941.49,3.82,0.2,1934.12,1941.49,1925.52,350943,6024472,1212680898
2015-09-01,1914.23,-27.26,-1.4,1934.44,1939.67,1914.22,324479,4831116,1196137315
2015-09-02,1915.22,0.99,0.05,1886.14,1920.62,1883.5,342022,5014264,1196968638
2015-09-03,1915.53,0.31,0.02,1929.78,1931.19,1911.17,297283,4624097,1198605654
2015-09-04,1886.04,-29.49,-1.54,1921.81,1923.06,1879.94,361090,4688499,1180704916
2015-09-07,1883.22,-2.82,-0.15,1883.36,1895.99,1870.59,288157,3785322,1179516488
2015-09-08,1878.68,-4.54,-0.24,1889.14,1894.56,1868.48,391891,4759166,1176912600
2015-09-09,1934.2,55.52,2.96,1903.28,1934.2,1902.93,516171,5303536,1210916528
2015-09-10,1962.11,27.91,1.44,1918.42,1962.11,1915.44,460345,5498232,1227341573
2015-09-11,1941.37,-20.74,-1.06,1942.88,1951.26,1939.73,503010,4679790,1215172342
2015-09-14,1931.46,-9.91,-0.51,1947.65,1948.02,1921.45,362915,4136992,1209580982
2015-09-15,1937.56,6.1,0.32,1930.44,1938.9,1927.62,390824,4067673,1214290196
2015-09-16,1975.45,37.89,1.96,1949.49,1978.68,1949.15,584758,5959319,1238163363
2015-09-17,1976.49,1.04,0.05,1989.07,1989.07,1972.93,510173,5676960,1238718462
2015-09-18,1995.95,19.46,0.98,1978.39,1996.47,1964.12,523798,6807801,1250560937
2015-09-21,1964.68,-31.27,-1.57,1973.24,1980.8,1960.11,376423,3858232,1230985524
2015-09-22,1982.06,17.38,0.88,1973.54,1983.99,1966.05,696372,4534815,1242197297
2015-09-23,1944.64,-37.42,-1.89,1960.33,1968.16,1944.51,856989,5433916,1218891581
2015-09-24,1947.1,2.46,0.13,1956.94,1958.73,1944.31,921265,5080728,1220294717
2015-09-25,1942.85,-4.25,-0.22,1948.3,1951.94,1932.49,796574,4311737,1217368815
2015-09-30,1962.81,19.96,1.03,1915.46,1962.84,1915.04,546992,5655560,1230579424
2015-10-01,1979.32,16.51,0.84,1963.55,1986.01,1958.63,678978,5229856,1240669928
2015-10-02,1969.68,-9.64,-0.49,1979.41,1985.57,1969.68,1030977,5277113,1236240729
2015-10-05,1978.25,8.57,0.44,1981.6,1994.65,1975.55,545634,4651118,1241237367
2015-10-06,1990.65,12.4,0.63,1996.29,1998.02,1985.17,661636,5633450,1249178502
2015-10-07,2005.84,15.19,0.76,1995.87,2006.24,1994.55,761720,6195453,1259986163
2015-10-08,2019.53,13.69,0.68,2016.36,2020.19,1998.66,700993,6259808,1268109506
2015-10-12,2021.63,2.1,0.1,2022.33,2030.92,2015.43,635085,6219312,1269227363
2015-10-13,2019.05,-2.58,-0.13,2021.2,2024.5,2010.16,604996,5193985,1267759092
2015-10-14,2009.55,-9.5,-0.47,2014.47,2016.14,2002.63,644803,5031597,1262498317
2015-10-15,2033.27,23.72,1.18,2008.29,2035.8,2007.46,498901,4655278,1277356778
2015-10-16,2030.26,-3.01,-0.15,2037.98,2038.06,2025.19,550798,5350548,1275140481
2015-10-19,2030.27,0.01,0,2032.36,2036.3,2022.25,726843,4283441,1275173624
2015-10-20,2039.36,9.09,0.45,2031.5,2040.24,2026.67,958060,4787760,1280746439
2015-10-21,2042.98,3.62,0.18,2039.25,2053.95,2035.59,668945,5438631,1287677503
2015-10-22,2023,-19.98,-0.98,2040.43,2042.57,2019.53,695814,5951986,1275462393
2015-10-23,2040.4,17.4,0.86,2043.67,2054.82,2036.92,648999,5384801,1286286064
2015-10-26,2048.08,7.68,0.38,2049.41,2049.6,2039.97,459950,4343328,1291107718
2015-10-27,2044.65,-3.43,-0.17,2043.52,2045.81,2036.22,449155,4095909,1288864110
2015-10-28,2042.51,-2.14,-0.1,2045.67,2045.67,2032.39,402201,5094460,1288005914
2015-10-29,2034.16,-8.35,-0.41,2050.97,2064.72,2032.56,481349,6261445,1284194609
2015-10-30,2029.47,-4.69,-0.23,2034.78,2038.56,2027.8,380671,6187956,1284928132
2015-11-02,2035.24,5.77,0.28,2033.15,2036.05,2028.2,366382,4771553,1288909458
2015-11-03,2048.4,13.16,0.65,2042.6,2053.24,2040.75,591737,5797182,1296486161
2015-11-04,2052.77,4.37,0.21,2053.51,2056.12,2042.38,545086,4953164,1299093722
2015-11-05,2049.41,-3.36,-0.16,2049.3,2050.44,2039.93,349079,4024588,1296940923
2015-11-06,2041.07,-8.34,-0.41,2048.17,2055.14,2038.46,465030,4590162,1293197659
2015-11-09,2025.7,-15.37,-0.75,2038.59,2038.59,2022.52,435389,6058318,1283538895
2015-11-10,1996.59,-29.11,-1.44,2015.45,2015.45,1988.54,417458,5734870,1265046203
2015-11-11,1997.27,0.68,0.03,1993.81,2001.73,1983.14,286567,3874412,1266240860
2015-11-12,1993.36,-3.91,-0.2,1997.32,1998.66,1991.28,389445,3492604,1263875640
2015-11-13,1973.29,-20.07,-1.01,1975.97,1981.27,1969.71,342313,4261918,1251364867
2015-11-16,1943.02,-30.27,-1.53,1945.68,1956.09,1942.85,433427,5358919,1232730118
2015-11-17,1963.58,20.56,1.06,1967.36,1974.08,1959.22,417559,4510066,1245962998
2015-11-18,1962.88,-0.7,-0.04,1967.25,1973.16,1961.43,541860,4611918,1245925943
2015-11-19,1988.91,26.03,1.33,1976.94,1988.92,1972.85,422517,5130497,1263302131
2015-11-20,1989.86,0.95,0.05,1988.96,1993.97,1985.93,413656,4032701,1263182530
2015-11-23,2003.7,13.84,0.7,1995.92,2008.34,1992.86,383231,4481649,1271487516
2015-11-24,2016.29,12.59,0.63,2004.29,2019.95,2003.06,417005,4362321,1279475820
2015-11-25,2009.42,-6.87,-0.34,2018.24,2018.93,2007.91,391647,4256142,1274840957
2015-11-26,2030.68,21.26,1.06,2014.88,2033.18,2014.88,454457,4428687,1288215418
2015-11-27,2028.99,-1.69,-0.08,2038.71,2038.72,2026.4,481951,4005776,1286995052
2015-11-30,1991.97,-37.02,-1.82,2022.38,2022.38,1987.12,452866,6538490,1263656186
2015-12-01,2023.93,31.96,1.6,2001.51,2026.33,2001.51,573342,4902802,1284539542
2015-12-02,2009.29,-14.64,-0.72,2026.08,2026.19,2009.29,631315,4415990,1275060982
2015-12-03,1994.07,-15.22,-0.76,2000.2,2000.2,1981.59,365870,3515393,1265264412
2015-12-04,1974.4,-19.67,-0.99,1972.16,1983.02,1970.48,379466,3297515,1253193062
2015-12-07,1963.67,-10.73,-0.54,1987.62,1988.04,1963.66,382133,3396773,1245865766
2015-12-08,1949.04,-14.63,-0.75,1964.22,1971.07,1948.43,406176,3632715,1234740686
2015-12-09,1948.24,-0.8,-0.04,1951.39,1956.7,1944.78,378095,3690506,1234234604
2015-12-10,1952.07,3.83,0.2,1947.21,1956.84,1940.4,377849,4699413,1236360404
2015-12-11,1948.62,-3.45,-0.18,1952.82,1961,1943.67,380713,4126570,1234143722
2015-12-14,1927.82,-20.8,-1.07,1926.36,1930.4,1919.22,439741,4272255,1221052368
2015-12-15,1932.97,5.15,0.27,1935.82,1938.04,1925.75,434738,3643732,1224352614
2015-12-16,1969.4,36.43,1.88,1950.15,1975.63,1950.05,475098,4306031,1247470364
2015-12-17,1977.96,8.56,0.43,1984.06,1987.83,1967.64,379574,3923864,1253042882
2015-12-18,1975.32,-2.64,-0.13,1960.32,1981.42,1958.12,677729,4218016,1251129346
2015-12-21,1981.19,5.87,0.3,1974.26,1986.66,1968.14,539596,3594695,1254807195
2015-12-22,1992.56,11.37,0.57,1984.37,1992.72,1971.32,577236,4181140,1261894716
2015-12-23,1999.22,6.66,0.33,1994.2,2007.42,1989.3,502367,4345763,1266100583
2015-12-24,1990.65,-8.57,-0.43,2009.34,2009.99,1990.65,504620,3617395,1260855414
2015-12-28,1964.06,-26.59,-1.34,1990.59,1991.19,1964.06,396643,3840600,1245487966
2015-12-29,1966.31,2.25,0.11,1956.49,1968.57,1946.21,401428,3798204,1245674313
2015-12-30,1961.31,-5,-0.25,1973.03,1974.67,1958.78,304463,3706627,1242832089
2016-01-04,1918.76,-42.55,-2.17,1954.47,1954.52,1918.76,359018,3966274,1215384387
2016-01-05,1930.53,11.77,0.61,1911.93,1937.57,1911.93,446549,4197594,1222621740
2016-01-06,1925.43,-5.1,-0.26,1934.25,1934.25,1911.61,594613,6274717,1219296930
2016-01-07,1904.33,-21.1,-1.1,1915.71,1926.41,1901.24,393042,5003025,1205546062
2016-01-08,1917.62,13.29,0.7,1889.42,1918.25,1883.82,430204,5205454,1213738733
2016-01-11,1894.84,-22.78,-1.19,1897.18,1907.43,1892.69,328768,4509490,1199940483
2016-01-12,1890.86,-3.98,-0.21,1907.61,1910.59,1888.94,295136,3917469,1196604297
2016-01-13,1916.28,25.42,1.34,1904.33,1921,1902.49,265221,3943112,1212573969
2016-01-14,1900.01,-16.27,-0.85,1893.18,1900.48,1882.02,310979,4387096,1202051363
2016-01-15,1878.87,-21.14,-1.11,1915.83,1918.3,1873.35,312360,4578794,1188669435
2016-01-18,1878.45,-0.42,-0.02,1856.03,1882.21,1854.55,276937,4119704,1188342443
2016-01-19,1889.64,11.19,0.6,1879.8,1889.9,1866.76,335321,4536459,1196846006
2016-01-20,1845.45,-44.19,-2.34,1885.36,1885.36,1830.06,407299,5339553,1168847406
2016-01-21,1840.53,-4.92,-0.27,1848.1,1860.02,1838.04,433742,4792984,1165653994
2016-01-22,1879.43,38.9,2.11,1860.3,1879.43,1859.54,408460,4399146,1190177921
2016-01-25,1893.43,14,0.74,1890.15,1901.22,1882.74,315304,4049948,1199185333
2016-01-26,1871.69,-21.74,-1.15,1881.87,1884.13,1862.98,298825,4470666,1185447563
2016-01-27,1897.87,26.18,1.4,1888.07,1902.03,1883.39,348905,5065421,1202100437
2016-01-28,1906.94,9.07,0.48,1885.38,1907.56,1877.78,354306,6242581,1207459165
2016-01-29,1912.06,5.12,0.27,1905.01,1912.07,1888.48,386555,6483654,1207457690
2016-02-01,1924.82,12.76,0.67,1919.62,1926.11,1912.85,440317,5160758,1215560971
2016-02-02,1906.6,-18.22,-0.95,1914.96,1920.02,1906.06,412273,4639399,1203571836
2016-02-03,1890.67,-15.93,-0.84,1893.83,1894.72,1882.75,408595,4815439,1193846682
2016-02-04,1916.26,25.59,1.35,1900.48,1917.09,1897.18,365805,5253766,1210371424
2016-02-05,1917.79,1.53,0.08,1914.55,1921.76,1910.31,305767,4791924,1212176289
2016-02-11,1861.54,-56.25,-2.93,1872.68,1877.77,1858.9,386428,4770142,1176622962
2016-02-12,1835.28,-26.26,-1.41,1850.67,1857.12,1817.97,470500,6338971,1160328510
2016-02-15,1862.2,26.92,1.47,1857.33,1864.62,1847.6,284595,4500530,1177463738
2016-02-16,1888.3,26.1,1.4,1870.1,1892.15,1868.11,388318,4267908,1193523037
2016-02-17,1883.94,-4.36,-0.23,1889.41,1897.37,1881.03,344629,5188346,1191552737
2016-02-18,1908.84,24.9,1.32,1909.4,1910.12,1898.49,332576,4785965,1206990296
2016-02-19,1916.24,7.4,0.39,1904.5,1916.24,1902.24,312198,3880810,1211528782
2016-02-22,1916.36,0.12,0.01,1911.56,1921.14,1905.85,267859,3486295,1211715539
2016-02-23,1914.22,-2.14,-0.11,1928.85,1929.53,1909.79,326811,3982344,1210413880
2016-02-24,1912.53,-1.69,-0.09,1908.71,1918.63,1906.19,281601,3556542,1209058668
2016-02-25,1918.57,6.04,0.32,1919.08,1928.49,1906.99,305790,4179857,1213111446
2016-02-26,1920.16,1.59,0.08,1927.1,1927.8,1917.07,280217,4644806,1215116614
2016-02-29,1916.66,-3.5,-0.18,1921.76,1927.05,1916.66,275052,4615417,1213244564
2016-03-02,1947.42,30.76,1.6,1944.27,1949.94,1942.24,323352,5178067,1232705587
2016-03-03,1958.17,10.75,0.55,1957.83,1958.17,1946.57,420984,4981597,1240008234
2016-03-04,1955.63,-2.54,-0.13,1956.01,1958.46,1949.47,316418,4605781,1238204596
2016-03-07,1957.87,2.24,0.11,1961.26,1963.43,1955.97,344613,4687644,1239615544
2016-03-08,1946.12,-11.75,-0.6,1958.94,1958.94,1935.55,358685,4893203,1232017083
2016-03-09,1952.95,6.83,0.35,1940.55,1952.95,1938.32,355392,4280889,1235545056
2016-03-10,1969.33,16.38,0.84,1958.87,1976.19,1955.67,352325,5162483,1246487835
2016-03-11,1971.41,2.08,0.11,1968.3,1975.87,1966.65,303419,4207111,1248055842
2016-03-14,1972.27,0.86,0.04,1985.74,1985.9,1970.56,357078,4218503,1248793363
2016-03-15,1969.97,-2.3,-0.12,1975.61,1979.46,1966.44,264583,3813225,1247136108
2016-03-16,1974.9,4.93,0.25,1971.58,1982.08,1969.66,294461,4124127,1250641744
2016-03-17,1987.99,13.09,0.66,1984.69,2000.3,1984.33,291578,5094461,1258766313
2016-03-18,1992.12,4.13,0.21,1996.31,1996.31,1986.04,385848,4776064,1261477235
2016-03-21,1989.76,-2.36,-0.12,1999.25,2003.12,1982.7,323260,4043690,1260543529
2016-03-22,1996.81,7.05,0.35,1993.37,1997.76,1986.87,383752,4492776,1265131035
2016-03-23,1995.12,-1.69,-0.08,1996.47,2001.67,1989.84,367551,4019678,1264002062
2016-03-24,1985.97,-9.15,-0.46,1988.46,1992.76,1981.17,341173,3822814,1258472322
2016-03-25,1983.81,-2.16,-0.11,1991.06,1991.06,1981.53,463422,3806596,1256783617
2016-03-28,1982.54,-1.27,-0.06,1984.93,1992.46,1981.37,410468,3406777,1256238512
2016-03-29,1994.91,12.37,0.62,1986.93,1997.33,1984.07,385454,4044430,1264203668
2016-03-30,2002.14,7.23,0.36,2005.24,2009.1,1998.51,368305,4619554,1269244086
2016-03-31,1995.85,-6.29,-0.31,2005.72,2007.43,1986.74,335074,5203139,1265001896
2016-04-01,1973.57,-22.28,-1.12,1994.77,1994.77,1970.17,392258,5156265,1250637258
2016-04-04,1978.97,5.4,0.27,1974.73,1979.03,1969.35,363317,4262833,1254254153
2016-04-05,1962.74,-16.23,-0.82,1972.38,1973.17,1959.26,368165,4026410,1243245434
2016-04-06,1971.32,8.58,0.44,1963.17,1975.09,1961.51,358032,4569307,1248789221
2016-04-07,1973.89,2.57,0.13,1978.75,1980.43,1964.99,434062,4631482,1249999633
2016-04-08,1972.05,-1.84,-0.09,1961.29,1972.12,1954.11,400616,4388854,1249066943
2016-04-11,1970.37,-1.68,-0.09,1972.25,1973.9,1963.21,379537,3863261,1248256434
2016-04-12,1981.32,10.95,0.56,1970.5,1981.73,1968.5,387319,3944190,1255329129
2016-04-14,2015.93,34.61,1.75,2004.15,2016.03,2000.83,473520,6406408,1276575530
2016-04-15,2014.71,-1.22,-0.06,2013.38,2016.95,2008.68,317710,4523020,1276212676
2016-04-18,2009.1,-5.61,-0.28,2001.35,2009.55,1998.49,339248,4304947,1273435355
2016-04-19,2011.36,2.26,0.11,2015.1,2020.29,2007.68,401236,4465586,1274155091
2016-04-20,2005.83,-5.53,-0.27,2017.05,2023.77,2005.82,423964,4653339,1270781210
2016-04-21,2022.1,16.27,0.81,2014.6,2022.1,2009.45,392096,4783030,1280902761
2016-04-22,2015.49,-6.61,-0.33,2014.93,2017.9,2010.94,480471,4215697,1276836008
2016-04-25,2014.55,-0.94,-0.05,2016.05,2016.65,2007.18,397675,4423940,1276352744
2016-04-26,2019.63,5.08,0.25,2013.26,2021.59,2011.85,509282,5281101,1278883150
2016-04-27,2015.4,-4.23,-0.21,2019.31,2019.86,2012.75,412803,5398189,1276057089
2016-04-28,2000.93,-14.47,-0.72,2020.83,2022.99,1998.6,341143,5460707,1266323307
2016-04-29,1994.15,-6.78,-0.34,1998.68,1999.34,1983.3,401063,5334758,1261953136
2016-05-02,1978.15,-16,-0.8,1991.84,1991.84,1977.03,328195,3879204,1248655660
2016-05-03,1986.41,8.26,0.42,1988.34,1989.41,1979.66,310492,3813503,1253911676
2016-05-04,1976.71,-9.7,-0.49,1978.24,1982.38,1969.22,352696,5056070,1248353738
2016-05-09,1967.81,-8.9,-0.45,1974.52,1976.14,1962.92,342189,5303038,1243495067
2016-05-10,1982.5,14.69,0.75,1965.86,1982.5,1964.9,369085,4857463,1252479087
2016-05-11,1980.1,-2.4,-0.12,1989.17,1989.17,1970.48,398532,4451795,1251635369
2016-05-12,1977.49,-2.61,-0.13,1973.28,1981.49,1970.54,462882,4144196,1249546729
2016-05-13,1966.99,-10.5,-0.53,1979.97,1980.45,1962.77,509123,4545160,1242517730
2016-05-16,1967.91,0.92,0.05,1961.91,1970.53,1961.32,526718,4872478,1242835129
2016-05-17,1968.06,0.15,0.01,1973.86,1975.1,1962.57,597583,5521944,1243839736
2016-05-18,1956.73,-11.33,-0.58,1962.78,1964.34,1945.56,696273,6697755,1236578880
2016-05-19,1946.78,-9.95,-0.51,1953.91,1954.29,1942.48,505920,5307636,1230162314
2016-05-20,1947.67,0.89,0.05,1943.84,1951.5,1940.36,388052,4455609,1230691700
2016-05-23,1955.25,7.58,0.39,1954.26,1956.77,1940.44,399514,4062459,1235645260
2016-05-24,1937.68,-17.57,-0.9,1951.18,1951.39,1937.67,517076,5005499,1224978780
2016-05-25,1960.51,22.83,1.18,1953.63,1964.91,1951.17,656874,5456224,1240305865
2016-05-26,1957.06,-3.45,-0.18,1965.81,1967.45,1955.97,558264,5103803,1238082336
2016-05-27,1969.17,12.11,0.62,1962.33,1971.27,1959.75,523531,4911232,1246219400
2016-05-30,1967.13,-2.04,-0.1,1969.72,1970.54,1955.49,550503,4664445,1244653363
2016-05-31,1983.4,16.27,0.83,1962.47,1984.18,1958.16,657045,8612421,1255356335
2016-06-01,1982.72,-0.68,-0.03,1976.87,1986.76,1975.82,502290,5383975,1255999302
2016-06-02,1985.11,2.39,0.12,1983.86,1988,1978.82,474228,5400505,1257911512
2016-06-03,1985.84,0.73,0.04,1991.58,1991.58,1979.66,540859,5497341,1258220250
2016-06-07,2011.63,25.79,1.3,1993.08,2011.67,1992.77,481348,5541395,1274446268
2016-06-08,2027.08,15.45,0.77,2013.72,2027.09,2008.59,497935,5845815,1283948013
2016-06-09,2024.17,-2.91,-0.14,2028.02,2035.27,2012.14,599681,7955011,1282125842
2016-06-10,2017.63,-6.54,-0.32,2022.77,2022.77,2014.15,404303,4777125,1278075774
2016-06-13,1979.06,-38.57,-1.91,2001.03,2001.79,1976.69,443002,4679938,1253317434
2016-06-14,1972.03,-7.03,-0.36,1976.8,1982.32,1965.34,439937,5009885,1249481895
2016-06-15,1968.83,-3.2,-0.16,1972,1975.87,1960.97,376769,4694854,1247663848
2016-06-16,1951.99,-16.84,-0.86,1971.53,1974.01,1944.8,438794,4452386,1237245630
2016-06-17,1953.4,1.41,0.07,1966.23,1970.54,1949.6,485269,4488888,1238327356
2016-06-20,1981.12,27.72,1.42,1974.43,1984.07,1969.56,391345,4045044,1255559309
2016-06-21,1982.7,1.58,0.08,1977.8,1983.87,1971.99,557437,4514571,1256919869
2016-06-22,1992.58,9.88,0.5,1981.78,1994.76,1979.37,407435,4136232,1263208700
2016-06-23,1986.71,-5.87,-0.29,1989.42,1990.71,1980.14,455390,4220798,1259087310
2016-06-24,1925.24,-61.47,-3.09,2001.55,2001.55,1892.75,750546,8724510,1221280862
2016-06-27,1926.85,1.61,0.08,1901.85,1926.87,1900.83,394266,5175626,1222271046
2016-06-28,1936.22,9.37,0.49,1907.71,1937.99,1907.49,373459,4452632,1227810137
2016-06-29,1956.36,20.14,1.04,1946.31,1966.21,1941.9,451186,4865380,1240335079
2016-06-30,1970.35,13.99,0.72,1971.54,1972.81,1959.28,349863,5326567,1250198142
2016-07-01,1987.32,16.97,0.86,1977.36,1993.98,1975.89,448128,4325444,1261236964
2016-07-04,1995.3,7.98,0.4,1989.44,1997.37,1985.11,468611,4150963,1266629651
2016-07-05,1989.85,-5.45,-0.27,1995.69,1996.77,1985.94,405487,3951492,1263270454
2016-07-06,1953.12,-36.73,-1.85,1980.11,1982.8,1944.33,457439,4764744,1239376225
2016-07-07,1974.08,20.96,1.07,1963.3,1976.49,1959.83,378755,3936372,1252748245
2016-07-08,1963.1,-10.98,-0.56,1972.28,1979.75,1956.91,356527,4315295,1245831577
2016-07-11,1988.54,25.44,1.3,1979.36,1990.95,1977.81,337764,4384854,1262792040
2016-07-12,1991.23,2.69,0.14,1991.13,1998.03,1986.45,432650,4485333,1263991200
2016-07-13,2005.55,14.32,0.72,2007.65,2013.6,1995.84,357643,4743548,1273883223
2016-07-14,2008.77,3.22,0.16,2004.12,2009.67,1997.94,340227,4318864,1276284573
2016-07-15,2017.26,8.49,0.42,2015.37,2022.34,2011.1,477808,4640272,1285347839
2016-07-18,2021.11,3.85,0.19,2018.22,2022.11,2012.3,380092,3569171,1287818135
2016-07-19,2016.89,-4.22,-0.21,2022.8,2023.22,2010.27,380798,3766201,1285044648
2016-07-20,2015.46,-1.43,-0.07,2013.4,2015.47,2003.87,316336,3541334,1284410624
2016-07-21,2012.22,-3.24,-0.16,2019.36,2020.55,2007.59,391049,3921400,1282299382
2016-07-22,2010.34,-1.88,-0.09,2005.37,2014.44,2002.66,320954,3866948,1280788529
2016-07-25,2012.32,1.98,0.1,2014.74,2020.69,2006.63,350231,4053087,1281905616
2016-07-26,2027.34,15.02,0.75,2009.4,2027.34,2008.25,338607,4072566,1291738101
2016-07-27,2025.05,-2.29,-0.11,2027.07,2030.69,2021.15,411661,4493918,1289921314
2016-07-28,2021.1,-3.95,-0.2,2029.07,2029.38,2014.36,350881,4343065,1287721677
2016-07-29,2016.19,-4.91,-0.24,2023.24,2028.99,2016.19,366385,5028662,1283158114
2016-08-01,2029.61,13.42,0.67,2024.71,2031.58,2024.57,369588,4822082,1291814814
2016-08-02,2019.03,-10.58,-0.52,2023.55,2026.1,2017.59,409940,4314086,1284954079
2016-08-03,1994.79,-24.24,-1.2,2008.68,2008.68,1993,485853,4387077,1269643958
2016-08-04,2000.03,5.24,0.26,2006.08,2006.48,1994.73,326514,3648388,1273523592
2016-08-05,2017.94,17.91,0.9,2006.23,2018.16,2004.37,289293,4168008,1285888530
2016-08-08,2031.12,13.18,0.65,2025.55,2031.14,2018.81,270485,4169817,1293946098
2016-08-09,2043.78,12.66,0.62,2033.52,2046.03,2032.18,436717,4172628,1301778454
2016-08-10,2044.64,0.86,0.04,2043.03,2049.36,2039.86,331092,4638220,1302129885
2016-08-11,2048.8,4.16,0.2,2042.64,2048.8,2035.25,346082,4490356,1304638117
2016-08-12,2050.47,1.67,0.08,2053.82,2060.84,2046.15,376489,4667632,1305975257
2016-08-16,2047.76,-2.71,-0.13,2056,2063.09,2047.73,374873,4503851,1304494576
2016-08-17,2043.75,-4.01,-0.2,2045.37,2048.29,2032.53,391715,4406925,1301963105
2016-08-18,2055.47,11.72,0.57,2048.15,2056.09,2041.9,353081,4764864,1310197227
2016-08-19,2056.24,0.77,0.04,2057.9,2059.3,2049.52,392319,5005350,1311350305
2016-08-22,2042.16,-14.08,-0.68,2054.37,2054.71,2040.51,343503,4101258,1302637823
2016-08-23,2049.93,7.77,0.38,2044.27,2051.43,2041.86,360414,4470553,1307730331
2016-08-24,2043.76,-6.17,-0.3,2050.82,2052.74,2039.53,285183,4144213,1303342577
2016-08-25,2042.92,-0.84,-0.04,2041.58,2046,2035.01,277432,4198774,1302439448
2016-08-26,2037.5,-5.42,-0.27,2036.74,2039.91,2027.68,288185,4011867,1298673905
2016-08-29,2032.35,-5.15,-0.25,2028.64,2034.63,2024.93,316969,3843486,1295847423
2016-08-30,2039.74,7.39,0.36,2038.6,2049.99,2036.76,378564,3817975,1300619797
2016-08-31,2034.65,-5.09,-0.25,2038.58,2041.17,2027.24,400953,5485909,1296942351
2016-09-01,2032.72,-1.93,-0.09,2022.96,2032.72,2016.47,300506,4373706,1294938068
2016-09-02,2038.31,5.59,0.28,2033.92,2039.18,2030.17,342631,3937152,1298805435
2016-09-05,2060.08,21.77,1.07,2049.19,2061,2047.49,572967,4127936,1312321591
2016-09-06,2066.53,6.45,0.31,2058.21,2067.77,2057.26,462550,4096682,1317208172
2016-09-07,2061.88,-4.65,-0.23,2068.81,2073.89,2061.88,687157,5053397,1313591171
2016-09-08,2063.73,1.85,0.09,2064.96,2070.66,2053.2,656653,5643675,1315372676
2016-09-09,2037.87,-25.86,-1.25,2048.94,2049.3,2029.46,392683,4373806,1298073357
2016-09-12,1991.48,-46.39,-2.28,2003.67,2011.04,1991.47,422882,4815792,1267336204
2016-09-13,1999.36,7.88,0.4,2011.93,2013.03,1997.58,437425,5146693,1273899302
2016-09-19,2015.78,16.42,0.82,1997.43,2019.45,1997.1,434438,4961595,1284707657
2016-09-20,2025.71,9.93,0.49,2014.5,2026.56,2010.25,362345,4186377,1291619685
2016-09-21,2035.99,10.28,0.51,2022.81,2035.99,2021.78,525097,4132887,1298121409
2016-09-22,2049.7,13.71,0.67,2050.31,2060.26,2048.8,447589,4259943,1307437444
2016-09-23,2054.07,4.37,0.21,2053.22,2057.35,2048.96,494113,4536563,1308797963
2016-09-26,2047.11,-6.96,-0.34,2052.76,2060.71,2042.7,359616,3691390,1304055998
2016-09-27,2062.82,15.71,0.77,2037.32,2064.89,2031.13,664041,4712693,1313691311
2016-09-28,2053.06,-9.76,-0.47,2062.57,2062.98,2051.68,546450,4045607,1307468513
2016-09-29,2068.72,15.66,0.76,2063.74,2072.09,2063.74,416169,4543939,1318000053
2016-09-30,2043.63,-25.09,-1.21,2054.25,2056.33,2042.77,326387,5739238,1301803837
2016-10-04,2054.86,11.23,0.55,2056.94,2059.25,2050.46,318854,5019206,1309647620
2016-10-05,2053,-1.86,-0.09,2043.37,2056.01,2036.87,292345,4329764,1308641459
2016-10-06,2065.3,12.3,0.6,2069.3,2070.43,2055.83,337709,5358435,1317306738
2016-10-07,2053.8,-11.5,-0.56,2065.95,2067.49,2051.6,422447,5403373,1309944963
2016-10-10,2056.82,3.02,0.15,2047.19,2058.73,2039.99,314896,4666619,1309006187
2016-10-11,2031.93,-24.89,-1.21,2053.29,2060.78,2030.51,343216,5340941,1291827780
2016-10-12,2033.73,1.8,0.09,2022.97,2037.02,2022.39,297373,4832127,1293160804
2016-10-13,2015.44,-18.29,-0.9,2033.99,2035.93,2014.89,440256,4507630,1281839997
2016-10-14,2022.66,7.22,0.36,2021.66,2028.76,2021.11,458904,4189366,1286279151
2016-10-17,2027.61,4.95,0.24,2028.93,2033.56,2011.81,333402,3750746,1289531338
2016-10-18,2040.43,12.82,0.63,2027.81,2040.72,2026.47,305931,3906404,1297652128
2016-10-19,2040.94,0.51,0.02,2036.18,2050.51,2035.9,321941,4097667,1298795666
2016-10-20,2040.6,-0.34,-0.02,2044.12,2048.25,2036.54,276001,3954964,1299023980
2016-10-21,2033,-7.6,-0.37,2039.4,2040.4,2029.79,260355,3489846,1294145303
2016-10-24,2047.74,14.74,0.73,2037.19,2047.74,2036.77,252041,3588033,1303635039
2016-10-25,2037.17,-10.57,-0.52,2042.29,2042.65,2031.25,299102,4966045,1296930773
2016-10-26,2013.89,-23.28,-1.14,2030.37,2030.37,2002.29,392402,4750669,1282232415
2016-10-27,2024.12,10.23,0.51,2018.24,2026.33,2015.66,298691,4901199,1288971635
2016-10-28,2019.42,-4.7,-0.23,2021.97,2026.85,2015.72,270531,4245554,1286551479
2016-10-31,2008.19,-11.23,-0.56,2011.29,2016.01,2005.95,400665,4365769,1279754773
2016-11-01,2007.39,-0.8,-0.04,2003.41,2010.51,1990.45,321775,4462622,1278978193
2016-11-02,1978.94,-28.45,-1.42,1995.41,1997.46,1976.34,333530,4404094,1260996821
2016-11-03,1983.8,4.86,0.25,1974.93,1988.82,1973.58,272728,3780779,1263454855
2016-11-04,1982.02,-1.78,-0.09,1983.87,1985.29,1976.57,227776,3112409,1262607502
2016-11-07,1997.58,15.56,0.79,1997.58,2001.74,1992.14,210334,3131548,1272373470
2016-11-08,2003.38,5.8,0.29,2009.56,2010.17,1994.33,239579,3238824,1276013950
2016-11-09,1958.38,-45,-2.25,2008.08,2015.23,1931.07,709043,7431310,1247481566
2016-11-10,2002.6,44.22,2.26,1989.85,2002.6,1983.26,433885,7012811,1284724724
2016-11-11,1984.43,-18.17,-0.91,1988.87,1994.05,1982.15,386856,6718928,1272531403
2016-11-14,1974.4,-10.03,-0.51,1982.93,1988.65,1974.27,352117,5099798,1265674765
2016-11-15,1967.53,-6.87,-0.35,1977.33,1978.94,1967.21,375663,5095586,1261206252
2016-11-16,1979.65,12.12,0.62,1980.82,1985.67,1976.63,306500,4655274,1269224972
2016-11-17,1980.55,0.9,0.05,1976.21,1983.87,1968.8,272172,3539362,1270111146
2016-11-18,1974.58,-5.97,-0.3,1983.07,1983.26,1968.13,306957,4742247,1269989910
2016-11-21,1966.05,-8.53,-0.43,1971.03,1976.23,1962.42,223513,3501443,1264620460
2016-11-22,1983.47,17.42,0.89,1976.07,1986.82,1974.05,231368,3941980,1276043793
2016-11-23,1987.95,4.48,0.23,1987.64,1996.65,1981.22,308200,4690250,1277393597
2016-11-24,1971.26,-16.69,-0.84,1985.11,1988.96,1968.5,235444,3547734,1267210569
2016-11-25,1974.46,3.2,0.16,1972.6,1978.45,1969.09,201938,2914479,1268948460
2016-11-28,1978.13,3.67,0.19,1976.58,1983.43,1966.78,213579,3085102,1273002694
2016-11-29,1978.39,0.26,0.01,1977.1,1982.53,1972.31,214566,4413544,1272851862
2016-11-30,1983.48,5.09,0.26,1980.38,1988.44,1977.09,233086,5558990,1277304961
2016-12-01,1983.75,0.27,0.01,1987.48,1989.08,1979.67,217876,4061247,1277144302
2016-12-02,1970.61,-13.14,-0.66,1980.14,1981.64,1966.42,243181,3727863,1269074669
2016-12-05,1963.36,-7.25,-0.37,1965.71,1971.24,1960.65,237190,3071610,1264882579
2016-12-06,1989.86,26.5,1.35,1976.51,1993.47,1976.51,214649,3794721,1282306755
2016-12-07,1991.89,2.03,0.1,1995.69,1997.62,1987.26,204410,3659556,1283622932
2016-12-08,2031.07,39.18,1.97,2008.31,2031.07,2007.57,239429,4956346,1307883233
2016-12-09,2024.69,-6.38,-0.31,2024.52,2026.83,2019.79,225657,3813856,1304217187
2016-12-12,2027.24,2.55,0.13,2031.95,2031.95,2020.97,289804,3691817,1305031707
2016-12-13,2035.98,8.74,0.43,2026.39,2035.99,2023.61,383364,4220712,1310751171
2016-12-14,2036.87,0.89,0.04,2043.07,2044.42,2031.18,384033,3392828,1313641230
2016-12-15,2036.65,-0.22,-0.01,2022.14,2040.62,2021.76,300190,3290969,1313287751
2016-12-16,2042.24,5.59,0.27,2037.35,2043.6,2033.23,289708,3944177,1317717852
2016-12-19,2038.39,-3.85,-0.19,2039.4,2046.03,2037.04,249870,2976699,1315584420
2016-12-20,2041.94,3.55,0.17,2044.87,2047.38,2040.81,314221,3174669,1317982199
2016-12-21,2037.96,-3.98,-0.19,2049.47,2053.46,2037.96,284570,3384380,1315475440
2016-12-22,2035.73,-2.23,-0.11,2041.61,2042.9,2033.99,275096,3256421,1313850178
2016-12-23,2035.9,0.17,0.01,2036.17,2037.71,2031.54,310882,3200601,1313648968
2016-12-26,2037.75,1.85,0.09,2038.33,2039.76,2034.8,366636,3036259,1315023861
2016-12-27,2042.17,4.42,0.22,2040.74,2044.43,2037.12,384033,3095682,1318586364
2016-12-28,2024.49,-17.68,-0.87,2021.86,2029.69,2020.86,356590,3051026,1306848288
2016-12-29,2026.46,1.97,0.1,2020.42,2026.57,2016.25,264522,3009199,1308440374
2017-01-02,2026.16,-0.3,-0.01,2022.23,2031.79,2015.68,229875,2616791,1308042051
2017-01-03,2043.97,17.81,0.88,2034.31,2044.07,2028.47,268127,3725113,1319218839
2017-01-04,2045.64,1.67,0.08,2046.29,2046.29,2040.61,371488,4098880,1320293636
2017-01-05,2041.95,-3.69,-0.18,2045.52,2046.5,2039.49,541344,4479782,1317577589
2017-01-06,2049.12,7.17,0.35,2048.11,2051.84,2045.66,455351,3511655,1322374578
2017-01-09,2048.78,-0.34,-0.02,2053.18,2053.18,2046.47,398291,3878373,1322945087
2017-01-10,2045.12,-3.66,-0.18,2043.3,2046.78,2039.5,512663,3869790,1320784087
2017-01-11,2075.17,30.05,1.47,2048.08,2079.7,2047.56,335532,4534399,1340531933
2017-01-12,2087.14,11.97,0.58,2077.69,2087.14,2073.89,555842,4727251,1347878921
2017-01-13,2076.79,-10.35,-0.5,2077.12,2080.94,2073.44,518284,4727083,1340353348
2017-01-16,2064.17,-12.62,-0.61,2077.03,2080.05,2058.93,683932,4769155,1331939879
2017-01-17,2071.87,7.7,0.37,2067.52,2078.8,2065.53,601435,4215229,1336913330
2017-01-18,2070.54,-1.33,-0.06,2073.77,2075.23,2058.35,530133,4054751,1338084297
2017-01-19,2072.79,2.25,0.11,2085.61,2091.02,2065.03,415669,4136854,1339900119
2017-01-20,2065.61,-7.18,-0.35,2065.54,2072.32,2064,392647,4082436,1335497553
2017-01-23,2065.99,0.38,0.02,2067.62,2073.8,2058.91,444863,3774413,1336676441
2017-01-24,2065.76,-0.23,-0.01,2070.22,2072.66,2058.59,312411,3789740,1336601476
2017-01-25,2066.94,1.18,0.06,2075.33,2077.72,2062.96,310239,4220571,1338421915
2017-01-26,2083.59,16.65,0.81,2074.77,2088.6,2068.5,257922,4425645,1349672535
2017-01-31,2067.57,-16.02,-0.77,2077.66,2079.97,2067.57,288275,4596318,1338409357
2017-02-01,2080.48,12.91,0.62,2075.31,2082.7,2073.97,452528,4532425,1346350614
2017-02-02,2071.01,-9.47,-0.46,2080.23,2092.45,2067.76,825477,5707494,1340777645
2017-02-03,2073.16,2.15,0.1,2075.9,2079.85,2064.05,392584,4913325,1341966582
2017-02-06,2077.66,4.5,0.22,2085.73,2088.37,2073.03,315315,3900502,1345054595
2017-02-07,2075.21,-2.45,-0.12,2077.8,2079.23,2071.05,271809,4170985,1343105536
2017-02-08,2065.08,-10.13,-0.49,2072.58,2072.58,2052.29,266722,4467660,1336445528
2017-02-09,2065.88,0.8,0.04,2067.15,2072.69,2062.12,236009,4269100,1337008144
2017-02-10,2075.08,9.2,0.45,2075.8,2080.74,2072.23,314676,4885929,1342535858
2017-02-13,2078.65,3.57,0.17,2074.94,2078.66,2070.36,289685,3988195,1344539475
2017-02-14,2074.57,-4.08,-0.2,2079.3,2081.59,2068.16,332366,4462092,1341796937
2017-02-15,2083.86,9.29,0.45,2073.6,2087.69,2069.89,338045,4735314,1347225063
2017-02-16,2081.84,-2.02,-0.1,2088.09,2092.59,2078.35,330467,4331135,1346223990
2017-02-17,2080.58,-1.26,-0.06,2072.57,2081.18,2072.57,301517,4782724,1345089249
2017-02-20,2084.39,3.81,0.18,2084.16,2085.59,2077.13,297203,3320494,1348154670
2017-02-21,2102.93,18.54,0.89,2085.97,2108.48,2085,292539,3976165,1359938502
2017-02-22,2106.61,3.68,0.17,2106.42,2108.98,2101.56,312219,4246790,1362373770
2017-02-23,2107.63,1.02,0.05,2106.15,2108.99,2103.11,430851,4592956,1362846570
2017-02-24,2094.12,-13.51,-0.64,2106.43,2107.83,2090.05,385395,5176798,1353364623
2017-02-27,2085.52,-8.6,-0.41,2095.47,2097.24,2084.08,343702,4170047,1347849638
2017-02-28,2091.64,6.12,0.29,2087.26,2094.41,2084.36,399822,5051497,1351894956
2017-03-02,2102.65,11.01,0.53,2105.19,2112.58,2096.31,434713,6172420,1360136704
2017-03-03,2078.75,-23.9,-1.14,2090.92,2091.59,2072.09,425936,5129278,1344318883
2017-03-06,2081.36,2.61,0.13,2073.2,2083.8,2067.68,431445,4655902,1346355445
2017-03-07,2094.05,12.69,0.61,2080.77,2096.79,2079.16,277830,3962687,1354747806
2017-03-08,2095.41,1.36,0.06,2092.27,2101.56,2088.19,381442,4517061,1355519188
2017-03-09,2091.06,-4.35,-0.21,2098.29,2100.08,2090.73,408229,5110475,1352384164
2017-03-10,2097.35,6.29,0.3,2088.67,2102.05,2082.31,500861,5570688,1356493259
2017-03-13,2117.59,20.24,0.97,2102.37,2122.88,2100.91,382129,4657807,1369779491
2017-03-14,2133.78,16.19,0.76,2127.12,2135.5,2124.42,365075,5287892,1380724236
2017-03-15,2133,-0.78,-0.04,2128.42,2135.38,2127.26,374700,4974871,1380664798
2017-03-16,2150.08,17.08,0.8,2154.98,2156.85,2143.01,402424,5163958,1391689013
2017-03-17,2164.58,14.5,0.67,2150.47,2164.59,2148.86,302788,4979595,1401543225
2017-03-20,2157.01,-7.57,-0.35,2160.32,2160.57,2151.51,264947,4117273,1396118874
2017-03-21,2178.38,21.37,0.99,2162.95,2181.99,2160.25,303941,5620095,1410500369
2017-03-22,2168.3,-10.08,-0.46,2159.97,2170,2158.96,394426,5586038,1404264981
2017-03-23,2172.72,4.42,0.2,2174.09,2182.42,2170.56,358608,5152409,1406409944
2017-03-24,2168.95,-3.77,-0.17,2171.36,2179.34,2163.34,358673,5127078,1403733238
2017-03-27,2155.66,-13.29,-0.61,2161.17,2165.25,2153.14,395863,5291302,1395348806
2017-03-28,2163.31,7.65,0.35,2166.58,2169.14,2157.71,393970,5076568,1401036286
2017-03-29,2166.98,3.67,0.17,2172.31,2172.31,2162.04,626793,5356116,1403913277
2017-03-30,2164.64,-2.34,-0.11,2170.18,2174.16,2159.16,643564,4574158,1403835585
2017-03-31,2160.23,-4.41,-0.2,2166.62,2166.93,2159.8,441640,4479971,1400961585
2017-04-03,2167.51,7.28,0.34,2166.04,2171.33,2161.26,398514,4066025,1405883015
2017-04-04,2161.1,-6.41,-0.3,2165.23,2166.94,2156.89,522093,4619289,1402046554
2017-04-05,2160.85,-0.25,-0.01,2161.9,2164.85,2146.98,571691,4910758,1402168630
2017-04-06,2152.75,-8.1,-0.37,2152.64,2153.83,2143.3,510164,4204111,1396629200
2017-04-07,2151.73,-1.02,-0.05,2154.87,2155.7,2142.51,408457,4143351,1395556937
2017-04-10,2133.32,-18.41,-0.86,2148.83,2148.83,2128.35,512917,4050059,1384038381
2017-04-11,2123.85,-9.47,-0.44,2129.23,2136.55,2117.82,489309,4209404,1378255108
2017-04-12,2128.91,5.06,0.24,2128.17,2129.82,2122.94,427358,3970631,1381534908
2017-04-13,2148.61,19.7,0.93,2130.64,2148.61,2125.87,357583,4396072,1394108754
2017-04-14,2134.88,-13.73,-0.64,2138.28,2141.61,2127.8,383688,3408417,1385279447
2017-04-17,2145.76,10.88,0.51,2140.87,2150.7,2138.7,259304,3750130,1392064303
2017-04-18,2148.46,2.7,0.13,2155.36,2155.36,2139.31,291399,3971075,1393614544
2017-04-19,2138.4,-10.06,-0.47,2144.98,2148.03,2133.82,344221,4892976,1386926683
2017-04-20,2149.15,10.75,0.5,2138.19,2150.43,2134.05,268316,5132502,1393644196
2017-04-21,2165.04,15.89,0.74,2161.24,2169.46,2156.64,281540,4837703,1401852010
2017-04-24,2173.74,8.7,0.4,2175.5,2177.89,2166.83,374714,4402841,1407333069
2017-04-25,2196.85,23.11,1.06,2175.7,2196.85,2174.11,275897,5106632,1422832247
2017-04-26,2207.84,10.99,0.5,2202.37,2210.61,2200.73,397526,5509195,1430107693
2017-04-27,2209.46,1.62,0.07,2201.72,2211.59,2199.76,386107,6551274,1432679121
2017-04-28,2205.44,-4.02,-0.18,2214.36,2217.04,2202.2,268642,5842676,1430873638
2017-05-02,2219.67,14.23,0.65,2213.61,2229.74,2212.87,295140,4826500,1441151796
2017-05-04,2241.24,21.57,0.97,2224.91,2241.24,2224.91,261919,4790759,1454577899
2017-05-08,2292.76,51.52,2.3,2245.61,2292.76,2244.23,281761,6795938,1487320271
2017-05-10,2270.12,-22.64,-0.99,2294.1,2323.22,2264.31,422888,9383779,1476220933
2017-05-11,2296.37,26.25,1.16,2278.47,2297.67,2271.66,463460,7895479,1495130967
2017-05-12,2286.02,-10.35,-0.45,2296.06,2296.51,2283.38,335338,6493662,1503064885
2017-05-15,2290.65,4.63,0.2,2288.23,2297.31,2280.6,251594,4648512,1506318520
2017-05-16,2295.33,4.68,0.2,2306.73,2309,2283.84,368138,6542753,1509851051
2017-05-17,2293.08,-2.25,-0.1,2291.56,2295.87,2283.01,394821,5709042,1508979342
2017-05-18,2286.82,-6.26,-0.27,2271.27,2288.85,2267.08,378315,5914401,1504833396
2017-05-19,2288.48,1.66,0.07,2286.78,2293.82,2282.13,421134,5928742,1505298600
2017-05-22,2304.03,15.55,0.68,2300.68,2305.21,2292.95,340061,5827433,1515797523
2017-05-23,2311.74,7.71,0.33,2308.69,2326.57,2303.15,341085,5626904,1497923583
2017-05-24,2317.34,5.6,0.24,2319.37,2322.54,2312.93,409560,5671779,1501367989
2017-05-25,2342.93,25.59,1.1,2325.49,2343.72,2321.26,369280,6263938,1516672032
2017-05-26,2355.3,12.37,0.53,2344.39,2364.8,2341.61,312875,6152425,1524825782
2017-05-29,2352.97,-2.33,-0.1,2362.59,2371.67,2344.25,316178,5628671,1523018713
2017-05-30,2343.68,-9.29,-0.39,2356.54,2358.69,2332.16,508844,5623193,1516704036
2017-05-31,2347.38,3.7,0.16,2339.25,2355.23,2338.25,555939,8244272,1519224319
2017-06-01,2344.61,-2.77,-0.12,2348.31,2351.31,2335.63,336691,5389574,1517531128
2017-06-02,2371.72,27.11,1.16,2353.77,2372.65,2353.45,399499,6157842,1535433298
2017-06-05,2368.62,-3.1,-0.13,2376.66,2376.83,2363.61,326412,5196274,1533778730
2017-06-07,2360.14,-8.48,-0.36,2364.96,2369.43,2356.71,376208,6272490,1528313192
2017-06-08,2363.57,3.43,0.15,2361.64,2365.52,2347.62,417080,8406803,1530882224
2017-06-09,2381.69,18.12,0.77,2371.22,2385.15,2367.81,520558,7227366,1542997368
2017-06-12,2357.87,-23.82,-1,2370.69,2374.7,2353.35,327234,5782164,1527605656
2017-06-13,2374.7,16.83,0.71,2358.92,2375.81,2358.92,322082,5665179,1538262978
2017-06-14,2372.64,-2.06,-0.09,2384.54,2387.29,2366.92,392998,6795165,1537387890
2017-06-15,2361.65,-10.99,-0.46,2373.36,2378.04,2350.37,334886,5882836,1530333177
2017-06-16,2361.83,0.18,0.01,2364.2,2365.37,2355.29,329179,5965450,1530672371
2017-06-19,2370.9,9.07,0.38,2364.02,2377.2,2356.84,290945,5421942,1536693704
2017-06-20,2369.23,-1.67,-0.07,2382.54,2382.54,2365.45,360734,7143556,1536241745
2017-06-21,2357.53,-11.7,-0.49,2358.23,2359.97,2346.19,360345,6466060,1528474847
2017-06-22,2370.37,12.84,0.54,2364.22,2370.39,2354.1,299232,6829007,1536651532
2017-06-23,2378.6,8.23,0.35,2371.54,2380.94,2369.17,256259,5863390,1541919022
2017-06-26,2388.66,10.06,0.42,2381.09,2390.7,2377.88,325674,5213754,1548384049
2017-06-27,2391.95,3.29,0.14,2386.76,2397.14,2383.47,358034,6473502,1550600184
2017-06-28,2382.56,-9.39,-0.39,2382.91,2390.89,2380.75,361177,6018053,1543678169
2017-06-29,2395.66,13.1,0.55,2396.81,2402.8,2393.57,445132,5519871,1552287490
2017-06-30,2391.79,-3.87,-0.16,2382.15,2391.81,2381.4,343530,5100038,1549261008
2017-07-03,2394.48,2.69,0.11,2397.66,2399.9,2384.55,310992,4782703,1551236137
2017-07-04,2380.52,-13.96,-0.58,2395.24,2398.02,2376.41,411776,4899735,1541800096
2017-07-05,2388.35,7.83,0.33,2377.01,2390.29,2375.63,333721,4786070,1546865701
2017-07-06,2387.81,-0.54,-0.02,2390.31,2392.5,2380.82,301473,4804356,1546895514
2017-07-07,2379.87,-7.94,-0.33,2376.29,2385.02,2372.83,314370,5489141,1540538453
2017-07-10,2382.1,2.23,0.09,2386.3,2389.87,2378.04,296262,4924609,1549196906
2017-07-11,2396,13.9,0.58,2386.42,2396.46,2382.69,284462,4942134,1558253116
2017-07-12,2391.77,-4.23,-0.18,2395.41,2399.28,2390.45,268926,5352347,1555980342
2017-07-13,2409.49,17.72,0.74,2405.76,2422.26,2402.92,289261,6169865,1568027438
2017-07-14,2414.63,5.14,0.21,2418.27,2421.48,2411.34,258766,5288841,1571230354
2017-07-17,2425.1,10.47,0.43,2427.76,2430.34,2419.91,254205,4928676,1578499325
2017-07-18,2426.04,0.94,0.04,2425.07,2426.16,2419.17,260662,4801381,1578631568
2017-07-19,2429.94,3.9,0.16,2430.09,2430.09,2419.64,270965,5100349,1581150486
2017-07-20,2441.84,11.9,0.49,2436.06,2443.69,2427.95,251917,5452699,1589860931
2017-07-21,2450.06,8.22,0.34,2438.78,2451.59,2437.84,250132,5207298,1592877224
2017-07-24,2451.53,1.47,0.06,2451.41,2451.53,2443.65,233408,4637011,1593346329
2017-07-25,2439.9,-11.63,-0.47,2450.76,2453.17,2437.14,275200,5406743,1585492893
2017-07-26,2434.51,-5.39,-0.22,2446.82,2446.96,2429.62,336109,6474045,1581850204
2017-07-27,2443.24,8.73,0.36,2443.28,2448.24,2435.49,426498,5397119,1587487990
2017-07-28,2400.99,-42.25,-1.73,2433.46,2434.38,2399.06,318652,7019672,1559499858
2017-07-31,2402.71,1.72,0.07,2392.02,2403.9,2388.39,277570,5646475,1560654852
2017-08-01,2422.96,20.25,0.84,2397.12,2432.62,2394.27,264036,5605202,1573327445
2017-08-02,2427.63,4.67,0.19,2431.94,2434.47,2424.18,261570,5346439,1574478572
2017-08-03,2386.85,-40.78,-1.68,2423.21,2423.55,2374.11,303575,6500832,1547313042
2017-08-04,2395.45,8.6,0.36,2389.74,2400.33,2383.45,273566,5084022,1552978143
2017-08-07,2398.75,3.3,0.14,2402.57,2412.13,2395.74,244124,4428447,1555176613
2017-08-08,2394.73,-4.02,-0.17,2404.68,2410.22,2383.94,252854,4623604,1553061230
2017-08-09,2368.39,-26.34,-1.1,2379.7,2387.53,2366.33,234073,4693572,1535593315
2017-08-10,2359.47,-8.92,-0.38,2360.95,2371.5,2339.06,283873,6293549,1529764543
2017-08-11,2319.71,-39.76,-1.69,2323.06,2335.12,2310.2,318581,6322990,1503626801
2017-08-14,2334.22,14.51,0.63,2336.02,2341.78,2327.8,214025,4657451,1515575561
2017-08-16,2348.26,14.04,0.6,2355.74,2358.46,2343.72,270521,6169012,1525670168
2017-08-17,2361.67,13.41,0.57,2351.61,2364.5,2346.74,255766,4696031,1534652870
2017-08-18,2358.37,-3.3,-0.14,2340.19,2362.43,2340.19,201479,4395554,1532778210
2017-08-21,2355,-3.37,-0.14,2363.38,2363.38,2351.96,207225,3860617,1530386008
2017-08-22,2365.33,10.33,0.44,2360.29,2369.02,2359.97,251864,4036931,1536995836
2017-08-23,2366.4,1.07,0.05,2376.53,2379.59,2360.71,228616,4072478,1538226997
2017-08-24,2375.84,9.44,0.4,2370.12,2382.72,2368.29,295531,4743851,1543913764
2017-08-25,2378.51,2.67,0.11,2381.47,2384.59,2372.67,341961,4664555,1544754034
2017-08-28,2370.3,-8.21,-0.35,2376.38,2383.46,2366.23,226869,4035801,1538875605
2017-08-29,2364.74,-5.56,-0.23,2356.2,2364.74,2332.85,223090,4427622,1535858093
2017-08-30,2372.29,7.55,0.32,2368.13,2372.29,2363.43,305637,4652673,1540964342
2017-08-31,2363.19,-9.1,-0.38,2373.96,2377.02,2355.29,265050,5351568,1535629495
2017-09-01,2357.69,-5.5,-0.23,2367.45,2370.25,2351.37,280060,4811929,1532592218
2017-09-04,2329.65,-28.04,-1.19,2316.89,2344.82,2316.89,248495,4422729,1514396696
2017-09-05,2326.62,-3.03,-0.13,2340.62,2340.62,2319.94,320428,4951325,1512278525
2017-09-06,2319.82,-6.8,-0.29,2324.84,2325.56,2314.31,252682,5336840,1508357064
2017-09-07,2346.19,26.37,1.14,2328.94,2349.79,2328.92,277036,4697149,1525680811
2017-09-08,2343.72,-2.47,-0.11,2350.19,2351.73,2340.63,214593,4588620,1524638755
2017-09-11,2359.08,15.36,0.66,2354.86,2369.72,2354.35,243613,4928978,1535384685
2017-09-12,2365.47,6.39,0.27,2372.02,2372.45,2359.12,333574,5000743,1539474472
2017-09-13,2360.18,-5.29,-0.22,2370.54,2373.61,2360.17,318872,6032999,1536059857
2017-09-14,2377.66,17.48,0.74,2365.54,2377.66,2358.43,314263,6750768,1546781590
2017-09-15,2386.07,8.41,0.35,2368.44,2386.07,2365.37,298739,6430145,1552342857
2017-09-18,2418.21,32.14,1.35,2390.58,2418.24,2389.65,273478,5218020,1573692545
2017-09-19,2416.05,-2.16,-0.09,2419.3,2422.05,2411.68,254586,5357248,1572876462
2017-09-20,2412.2,-3.85,-0.16,2420.82,2429.12,2405.78,303286,5630704,1570621056
2017-09-21,2406.5,-5.7,-0.24,2412.01,2415.13,2401.89,335339,5730119,1567070760
2017-09-22,2388.71,-17.79,-0.74,2404.35,2409.3,2381.81,333617,6124476,1555336612
2017-09-25,2380.4,-8.31,-0.35,2388.77,2392.44,2374.69,339346,4855653,1550628202
2017-09-26,2374.32,-6.08,-0.26,2371.62,2381.31,2365.34,319125,5853154,1545785411
2017-09-27,2372.57,-1.75,-0.07,2376.89,2377.18,2368.92,202619,4598483,1544304910
2017-09-28,2373.14,0.57,0.02,2374.1,2379.54,2365.67,194772,4712786,1544474429
2017-09-29,2394.47,21.33,0.9,2378.66,2394.47,2378.66,184191,4667350,1558243982
2017-10-10,2433.81,39.34,1.64,2425.63,2443.2,2421.1,221745,7507848,1583765606
2017-10-11,2458.16,24.35,1,2442.49,2458.16,2439.81,201771,6086394,1600875567
2017-10-12,2474.76,16.6,0.68,2461.7,2474.76,2459.48,256211,6281852,1610914160
2017-10-13,2473.62,-1.14,-0.05,2473.65,2479.73,2468.14,234801,6823930,1610209162
2017-10-16,2480.05,6.43,0.26,2483.17,2487.71,2470.24,224415,6175084,1613827897
2017-10-17,2484.37,4.32,0.17,2484.96,2487.88,2478.76,199049,5322692,1616936986
2017-10-18,2482.91,-1.46,-0.06,2481.53,2490.58,2475.67,244245,5826518,1616101959
2017-10-19,2473.06,-9.85,-0.4,2485.72,2490.94,2468.67,236625,6891246,1608466684
2017-10-20,2489.54,16.48,0.67,2477.3,2489.54,2476.88,313211,5648569,1619603667
2017-10-23,2490.05,0.51,0.02,2497.65,2500.33,2485.48,274201,4759872,1620087219
2017-10-24,2490.49,0.44,0.02,2489.31,2497.35,2487.17,232007,4624483,1620755283
2017-10-25,2492.5,2.01,0.08,2495.87,2497.41,2481.48,599435,5088791,1621564444
2017-10-26,2480.63,-11.87,-0.48,2489.6,2495.99,2480.63,646883,7143283,1613241151
2017-10-27,2496.63,16,0.64,2485.44,2499.15,2479.67,511226,6342962,1624402401
2017-10-30,2501.93,5.3,0.21,2513.87,2513.87,2497.42,342006,7020595,1626538442
2017-10-31,2523.43,21.5,0.86,2500.21,2528.32,2498.05,313788,7694499,1642285252
2017-11-01,2556.47,33.04,1.31,2535.97,2556.47,2535.83,361796,7567835,1664901461
2017-11-02,2546.36,-10.11,-0.4,2560.34,2561.63,2542.02,527728,6255077,1658388201
2017-11-03,2557.97,11.61,0.46,2558.37,2558.37,2539.72,292767,5515019,1663024032
2017-11-06,2549.41,-8.56,-0.33,2557.29,2559.9,2529.94,221187,5433362,1657218530
2017-11-07,2545.44,-3.97,-0.16,2548.3,2554.13,2540.67,253922,5665742,1654339823
2017-11-08,2552.4,6.96,0.27,2534.48,2558.74,2533.73,277039,5716550,1658856803
2017-11-09,2550.57,-1.83,-0.07,2559.93,2559.93,2536.54,293540,6931784,1657645911
2017-11-10,2542.95,-7.62,-0.3,2541.18,2547.61,2534.6,291525,5517622,1652577270
2017-11-13,2530.35,-12.6,-0.5,2548.27,2552.28,2527.2,266531,6175704,1644648379
2017-11-14,2526.64,-3.71,-0.15,2532.55,2532.95,2520.99,287772,5999102,1640671062
2017-11-15,2518.25,-8.39,-0.33,2525.6,2526.61,2511.76,398215,7283457,1634963776
2017-11-16,2534.79,16.54,0.66,2522.42,2538.28,2514.51,302931,5633182,1645491389
2017-11-17,2533.99,-0.8,-0.03,2546.05,2559.1,2533.99,362192,6649669,1644529849
2017-11-20,2527.67,-6.32,-0.25,2536.8,2542.62,2523.52,404260,5868466,1640426169
2017-11-21,2530.7,3.03,0.12,2533.85,2539.88,2525.96,484887,7019797,1642523340
2017-11-22,2540.51,9.81,0.39,2546.61,2553.22,2535.19,485671,7600112,1649978496
2017-11-23,2537.15,-3.36,-0.13,2542.34,2544.58,2532.45,391292,5174189,1647721422
2017-11-24,2544.33,7.18,0.28,2539.79,2544.33,2533.98,297938,4477301,1652408594
2017-11-27,2507.81,-36.52,-1.44,2544.74,2546.71,2506.69,284887,6257121,1627300681
2017-11-28,2514.19,6.38,0.25,2512.52,2521.06,2500.93,348243,6518926,1631775248
2017-11-29,2512.9,-1.29,-0.05,2517.26,2524.41,2508.66,301209,5277563,1630844154
2017-11-30,2476.37,-36.53,-1.45,2502.22,2506.32,2474.28,339022,9397572,1607169301
2017-12-01,2475.41,-0.96,-0.04,2488.92,2488.92,2472.75,288568,5740174,1606563651
2017-12-04,2501.67,26.26,1.06,2486.72,2501.67,2476.29,323847,6056436,1622966082
2017-12-05,2510.12,8.45,0.34,2490.73,2513.68,2487.15,395430,5926806,1627839540
2017-12-06,2474.37,-35.75,-1.42,2510.19,2510.47,2474.29,507624,6651308,1605164242
2017-12-07,2461.98,-12.39,-0.5,2479.55,2480.85,2452.4,404854,6307570,1598885756
2017-12-08,2464,2.02,0.08,2470.09,2473.17,2459.02,406382,5484859,1602767069
2017-12-11,2471.49,7.49,0.3,2467.81,2471.99,2457.98,240138,4613094,1607943365
2017-12-12,2461,-10.49,-0.42,2471.23,2471.43,2455.39,281191,5292539,1601445482
2017-12-13,2480.55,19.55,0.79,2462.42,2481.92,2457.7,254953,5121323,1613324381
2017-12-14,2469.48,-11.07,-0.45,2486.57,2514.61,2469.48,317787,8276523,1606804196
2017-12-15,2482.07,12.59,0.51,2488.39,2495.08,2475.99,340759,6047302,1614080829
2017-12-18,2481.88,-0.19,-0.01,2488.83,2488.83,2477.29,324358,4477139,1614248576
2017-12-19,2478.53,-3.35,-0.13,2487.83,2498.67,2470.49,308391,5239923,1612412731
2017-12-20,2472.37,-6.16,-0.25,2473.82,2484.5,2470.62,236176,4748794,1607733542
2017-12-21,2429.83,-42.54,-1.72,2471.34,2471.73,2429.83,247330,5351502,1579690639
2017-12-22,2440.54,10.71,0.44,2437.59,2444.57,2426.94,230413,4801820,1587459773
2017-12-26,2427.34,-13.2,-0.54,2447.67,2457.19,2427.34,224641,5641603,1578386110
2017-12-27,2436.67,9.33,0.38,2420.86,2436.68,2411.48,194850,4845394,1584816761
2017-12-28,2467.49,30.82,1.26,2439.31,2467.51,2437.26,220336,4274352,1605820912
2018-01-02,2479.65,12.16,0.49,2474.86,2481.02,2465.94,262205,4786387,1613508197
2018-01-03,2486.35,6.7,0.27,2484.63,2493.4,2481.91,331095,6019622,1617634318
2018-01-04,2466.46,-19.89,-0.8,2502.5,2502.5,2466.45,333836,6896287,1604916140
2018-01-05,2497.52,31.06,1.26,2476.85,2497.52,2475.51,308770,6317518,1624970533
2018-01-08,2513.28,15.76,0.63,2510.7,2515.37,2494.18,311429,6404886,1634777681
2018-01-09,2510.23,-3.05,-0.12,2510.73,2524.73,2498.41,374323,7345519,1632067011
2018-01-10,2499.75,-10.48,-0.42,2516.33,2516.82,2493.98,444022,8577963,1624057752
2018-01-11,2487.91,-11.84,-0.47,2496.86,2502.52,2483.82,444340,7789311,1616665408
2018-01-12,2496.42,8.51,0.34,2499.87,2500.87,2482.15,438776,8772175,1621717049
2018-01-15,2503.73,7.31,0.29,2510.97,2513.3,2496.18,404551,6118635,1626574288
2018-01-16,2521.74,18.01,0.72,2504.16,2524.55,2498.55,341607,6913693,1639188170
2018-01-17,2515.43,-6.31,-0.25,2517.19,2521.97,2506.49,336713,6325747,1634771859
2018-01-18,2515.81,0.38,0.02,2527.67,2532.08,2512.69,333112,6447656,1635724489
2018-01-19,2520.26,4.45,0.18,2519.67,2524.33,2513.09,351845,6263001,1637786603
2018-01-22,2502.11,-18.15,-0.72,2516.9,2517.12,2488.44,342994,6385331,1626287541
2018-01-23,2536.6,34.49,1.38,2510.35,2536.6,2507.96,370008,6838404,1648667380
2018-01-24,2538,1.4,0.06,2533.86,2547.22,2531.31,371087,6764738,1649315305
2018-01-25,2562.23,24.23,0.95,2536.96,2564.43,2536.73,514605,7867501,1665284071
2018-01-26,2574.76,12.53,0.49,2560.69,2574.76,2553.53,400649,7673559,1673359184
2018-01-29,2598.19,23.43,0.91,2588.87,2607.1,2587.55,437475,7908139,1688814426
2018-01-30,2567.74,-30.45,-1.17,2590.41,2599.17,2567.07,397039,7877966,1668674846
2018-01-31,2566.46,-1.28,-0.05,2557.37,2597.14,2553.01,403051,10842647,1668579804
2018-02-01,2568.54,2.08,0.08,2578.91,2583.74,2564.59,595147,8053099,1670143715
2018-02-02,2525.39,-43.15,-1.68,2565.99,2565.99,2519.6,481818,8260733,1641386346
2018-02-05,2491.75,-33.64,-1.33,2487.34,2503.99,2476.24,442350,8096051,1620158999
2018-02-06,2453.31,-38.44,-1.54,2437.02,2460.28,2409.38,582837,9566551,1595275242
2018-02-07,2396.56,-56.75,-2.31,2483.72,2484.18,2396.56,460075,8369362,1558072991
2018-02-08,2407.62,11.06,0.46,2400.17,2423.88,2393.46,362416,7275110,1563754336
2018-02-09,2363.77,-43.85,-1.82,2346.73,2372.9,2346.73,489112,8524086,1567308139
2018-02-12,2385.38,21.61,0.91,2380.49,2397.9,2367.31,352288,6631084,1581810884
2018-02-13,2395.19,9.81,0.41,2402.89,2421.8,2388.54,423416,7333093,1589989718
2018-02-14,2421.83,26.64,1.11,2412.47,2426.63,2408.02,305739,5970263,1607999333
2018-02-19,2442.82,20.99,0.87,2452.52,2455.12,2428.15,322137,5843437,1621617424
2018-02-20,2415.12,-27.7,-1.13,2433.35,2438.48,2411.23,421486,5146649,1603559124
2018-02-21,2429.65,14.53,0.6,2417.73,2432.45,2404.02,432275,6074261,1612751528
2018-02-22,2414.28,-15.37,-0.63,2417.18,2422.62,2405.23,349493,4982024,1602148941
2018-02-23,2451.52,37.24,1.54,2427.13,2451.52,2427.13,300578,5387096,1626053757
2018-02-26,2457.65,6.13,0.25,2465.35,2466.08,2447.86,321260,5606027,1630210236
2018-02-27,2456.14,-1.51,-0.06,2474.08,2480.79,2456.14,271232,5674164,1629406360
2018-02-28,2427.36,-28.78,-1.17,2447.11,2460.12,2426.21,367557,7168378,1611555217
2018-03-02,2402.16,-25.2,-1.04,2406.57,2410.34,2387.25,320397,6077888,1593948106
2018-03-05,2375.06,-27.1,-1.13,2405.92,2407.98,2374.8,312254,5785013,1575913633
2018-03-06,2411.41,36.35,1.53,2400.67,2413.01,2392.87,400111,6598571,1600329703
2018-03-07,2401.82,-9.59,-0.4,2413.39,2429.43,2395.24,412972,8956679,1594937954
2018-03-08,2433.08,31.26,1.3,2420.67,2433.08,2407.59,394849,9053040,1614933614
2018-03-09,2459.45,26.37,1.08,2443.43,2476.43,2436.03,437265,8573691,1633438701
2018-03-12,2484.12,24.67,1,2485.64,2489.46,2474.91,391304,6570618,1649789283
2018-03-13,2494.49,10.37,0.42,2483.05,2494.49,2478.76,350203,7828709,1657712133
2018-03-14,2486.08,-8.41,-0.34,2477.43,2486.98,2474.77,360866,6379750,1652629050
2018-03-15,2492.38,6.3,0.25,2486,2496.51,2471.04,344010,6065884,1656176341
2018-03-16,2493.97,1.59,0.06,2495.11,2497.8,2476.88,377766,6566429,1656858023
2018-03-19,2475.03,-18.94,-0.76,2491.99,2493.56,2470.91,477219,5994569,1644237393
2018-03-20,2485.52,10.49,0.42,2456.8,2485.52,2456.8,291496,5384114,1650420084
2018-03-21,2484.97,-0.55,-0.02,2488.22,2492.88,2483.78,399074,5925542,1650337890
2018-03-22,2496.02,11.05,0.44,2494.84,2508.71,2485.34,482138,7178799,1658523132
2018-03-23,2416.76,-79.26,-3.18,2446.73,2450.4,2412.62,457953,7931474,1606035961
2018-03-26,2437.08,20.32,0.84,2414.68,2437.08,2399.44,306904,5928635,1620507612
2018-03-27,2452.06,14.98,0.61,2455,2456.55,2444.92,332129,6305554,1631743152
2018-03-28,2419.29,-32.77,-1.34,2425.94,2430.77,2409.47,501307,7761054,1610067602
2018-03-29,2436.37,17.08,0.71,2421.7,2439.47,2413.71,333359,7256777,1621052950
2018-03-30,2445.85,9.48,0.39,2454.1,2458.24,2445.72,395329,6434445,1627646951
2018-04-02,2444.16,-1.69,-0.07,2454.72,2467.52,2440.89,390319,6841688,1626392940
2018-04-03,2442.43,-1.73,-0.07,2422.26,2442.43,2416.44,497141,7950088,1625310856
2018-04-04,2408.06,-34.37,-1.41,2447.97,2447.97,2405.91,551704,8092054,1602618532
2018-04-05,2437.52,29.46,1.22,2426.92,2446.78,2420.92,591043,7566952,1622983873
2018-04-06,2429.58,-7.94,-0.33,2420.88,2433.97,2417.24,454309,7301081,1617425107
2018-04-09,2444.08,14.5,0.6,2424.15,2446.28,2424.15,334425,6607392,1626997763
2018-04-10,2450.74,6.66,0.27,2439.94,2454.36,2419.55,356390,7520110,1631061462
2018-04-11,2444.22,-6.52,-0.27,2456.53,2458.99,2441.2,355188,7468123,1626689363
2018-04-12,2442.71,-1.51,-0.06,2450.95,2454.95,2441.58,441569,8152885,1626103067
2018-04-13,2455.07,12.36,0.51,2449.42,2457.85,2442.35,395886,6923900,1636609096
2018-04-16,2457.49,2.42,0.1,2466.04,2466.16,2449.97,347174,6220737,1638625626
2018-04-17,2453.77,-3.72,-0.15,2459.39,2465.63,2449.08,394701,6360648,1636624621
2018-04-18,2479.98,26.21,1.07,2467.55,2486.73,2467.55,647286,8204323,1655299464
2018-04-19,2486.1,6.12,0.25,2483.26,2490.57,2476.51,727031,10118366,1660195914
2018-04-20,2476.33,-9.77,-0.39,2478.59,2485.15,2472.37,531719,7841558,1653175539
2018-04-23,2474.11,-2.22,-0.09,2473.7,2478.57,2466.57,701423,9372648,1651720966
2018-04-24,2464.14,-9.97,-0.4,2478.47,2479.32,2454.44,524280,8300866,1644743511
2018-04-25,2448.81,-15.33,-0.62,2444.19,2453.54,2436.51,466096,7527931,1634741766
2018-04-26,2475.64,26.83,1.1,2460.62,2484.09,2456.2,520917,7921705,1653073967
2018-04-27,2492.4,16.76,0.68,2497.75,2508.13,2484.19,464958,8299223,1664373651
2018-04-30,2515.38,22.98,0.92,2502.29,2515.38,2500.22,746292,9460289,1680104341
2018-05-02,2505.61,-9.77,-0.39,2515.75,2516.57,2501.71,807589,11712287,1673457322
2018-05-03,2487.25,-18.36,-0.73,2506.94,2507.91,2487.25,614102,7866074,1661556510
2018-05-04,2461.38,-25.87,-1.04,2486.47,2487.77,2461.38,612024,10816535,1645196661
2018-05-08,2449.81,-11.57,-0.47,2468.45,2479.75,2444.08,714734,9630703,1638340178
2018-05-09,2443.98,-5.83,-0.24,2450.71,2451.86,2428.79,593366,9069419,1633304236
2018-05-10,2464.16,20.18,0.83,2458.67,2464.72,2448.01,490005,8870446,1646413173
2018-05-11,2477.71,13.55,0.55,2469.3,2483.85,2468.41,599901,7588729,1655512771
2018-05-14,2476.11,-1.6,-0.06,2482.97,2486.17,2471.91,650708,9563127,1654107231
2018-05-15,2458.54,-17.57,-0.71,2476.87,2480.22,2456.2,712620,9446302,1641597149
2018-05-16,2459.82,1.28,0.05,2446.64,2465.55,2444.67,691813,9817111,1642766226
2018-05-17,2448.45,-11.37,-0.46,2468.72,2472.82,2448.43,596772,8190532,1634548231
2018-05-18,2460.65,12.2,0.5,2459.73,2461.95,2452.34,431377,6463039,1643541494
2018-05-21,2465.57,4.92,0.2,2464.07,2472.3,2447.69,588088,6298421,1646798799
2018-05-23,2471.91,6.34,0.26,2462.98,2476.86,2460.07,752676,9262009,1651604786
2018-05-24,2466.01,-5.9,-0.24,2477.48,2481.31,2457.84,638126,6766220,1647251127
2018-05-25,2460.8,-5.21,-0.21,2452.8,2466.57,2444.77,653592,9078584,1645067822
2018-05-28,2478.96,18.16,0.74,2465,2482.4,2463.14,708362,9841222,1656584844
2018-05-29,2457.25,-21.71,-0.88,2476.7,2479.68,2457.18,571837,8532894,1641963442
2018-05-30,2409.03,-48.22,-1.96,2446.81,2449.88,2399.58,575922,8999466,1609052659
2018-05-31,2423.01,13.98,0.58,2428.83,2430.15,2415.5,816930,13252142,1619387832
2018-06-01,2438.96,15.95,0.66,2419.63,2445.31,2418.11,603023,8767489,1630337823
2018-06-04,2447.76,8.8,0.36,2444.62,2452.67,2441.25,438929,7770705,1636442670
2018-06-05,2453.76,6,0.25,2450.39,2455.78,2432.81,501364,7344811,1640471133
2018-06-07,2470.58,16.82,0.69,2468.26,2478.67,2466.01,474147,8060721,1650987317
2018-06-08,2451.58,-19,-0.77,2467.88,2468.27,2449.11,530160,7672722,1638226631
2018-06-11,2470.15,18.57,0.76,2454.25,2470.99,2448,427947,7025547,1649425579
2018-06-12,2468.83,-1.32,-0.05,2474.78,2479.56,2462.84,613166,9615204,1648939548
2018-06-14,2423.48,-45.35,-1.84,2450.86,2451.95,2422.37,533448,9754344,1619121450
2018-06-15,2404.04,-19.44,-0.8,2432.18,2433.51,2403.97,502362,9089895,1605379381
2018-06-18,2376.24,-27.8,-1.16,2404.68,2405.56,2365.31,564819,8593501,1586801749
2018-06-19,2340.11,-36.13,-1.52,2373.12,2379.49,2336.54,606305,7994621,1562923311
2018-06-20,2363.91,23.8,1.02,2350.24,2374.52,2345.22,456004,6986902,1578520494
2018-06-21,2337.83,-26.08,-1.1,2364.16,2370.58,2337.83,438264,6784647,1561394173
2018-06-22,2357.22,19.39,0.83,2323.08,2357.4,2320.76,537264,6604291,1574319861
2018-06-25,2357.88,0.66,0.03,2351.89,2361.39,2337.22,415080,5683867,1574954888
2018-06-26,2350.92,-6.96,-0.3,2334.75,2358.01,2326.61,470915,6536279,1570771913
2018-06-27,2342.03,-8.89,-0.38,2349.38,2358.71,2342.02,526625,7007326,1565467895
2018-06-28,2314.24,-27.79,-1.19,2327.37,2335.35,2310.8,414371,5775390,1546538948
2018-06-29,2326.13,11.89,0.51,2325.68,2329.58,2296.39,396663,6309714,1554717340
2018-07-02,2271.54,-54.59,-2.35,2322.23,2327.59,2271.53,393266,5990018,1518812068
2018-07-03,2272.76,1.22,0.05,2285.88,2287.39,2252.36,366028,6002086,1519169825
2018-07-04,2265.46,-7.3,-0.32,2270.95,2280.81,2261.34,315103,4880995,1514392988
2018-07-05,2257.55,-7.91,-0.35,2264.74,2274.74,2243.9,346884,5166569,1509639742
2018-07-06,2272.87,15.32,0.68,2261.44,2283.75,2247.35,344433,6358358,1519066700
2018-07-09,2285.8,12.93,0.57,2276.92,2294.61,2267.25,352639,5796356,1527555840
2018-07-10,2294.16,8.36,0.37,2299.09,2305.84,2292.13,339919,5038809,1533821001
2018-07-11,2280.62,-13.54,-0.59,2277.22,2287.08,2262.77,422989,5700945,1524675252
2018-07-12,2285.06,4.44,0.19,2285.93,2298.56,2277.73,364408,6157667,1527075840
2018-07-13,2310.9,25.84,1.13,2293.07,2313.8,2293.07,291563,6500718,1543892668
2018-07-16,2301.99,-8.91,-0.39,2312.26,2317.84,2299.79,297122,4968950,1538124414
2018-07-17,2297.92,-4.07,-0.18,2302.95,2306.07,2290.24,379034,4897899,1535441962
2018-07-18,2290.11,-7.81,-0.34,2313.78,2319.39,2287.1,402772,5032249,1531112600
2018-07-19,2282.29,-7.82,-0.34,2298.91,2300.18,2278.94,464516,5431162,1526048347
2018-07-20,2289.19,6.9,0.3,2281.36,2293.34,2269.55,353236,4910685,1531651201
2018-07-23,2269.31,-19.88,-0.87,2289.61,2289.61,2264.42,334291,5549482,1517777198
2018-07-24,2280.2,10.89,0.48,2273.15,2284.43,2263.13,436133,5831914,1525094802
2018-07-25,2273.03,-7.17,-0.31,2284.38,2292.61,2269.67,309320,6142620,1520152854
2018-07-26,2289.06,16.03,0.71,2284.51,2297.16,2276.54,303334,6357106,1530914784
2018-07-27,2294.99,5.93,0.26,2292.33,2295.27,2284.44,262144,5091587,1535382663
2018-07-30,2293.51,-1.48,-0.06,2290.18,2296.91,2283.29,206498,4552318,1534963942
2018-07-31,2295.26,1.75,0.08,2292.23,2296.6,2286.02,223927,4878429,1536034531
2018-08-01,2307.07,11.81,0.51,2301.17,2312.65,2301.13,219035,4832859,1544459955
2018-08-02,2270.2,-36.87,-1.6,2304.14,2306.72,2265.46,352057,5042803,1519901926
2018-08-03,2287.68,17.48,0.77,2278.33,2288.93,2272.94,270494,4312568,1531545566
2018-08-06,2286.5,-1.18,-0.05,2288.51,2300.38,2283.26,244549,4607351,1529611887
2018-08-07,2300.16,13.66,0.6,2290.85,2301.27,2279.55,230340,4748559,1538743025
2018-08-08,2301.45,1.29,0.06,2305.73,2308.6,2298.41,299691,5518134,1540110624
2018-08-09,2303.71,2.26,0.1,2303.04,2303.71,2291.91,244883,5985859,1541180723
2018-08-10,2282.79,-20.92,-0.91,2295.21,2295.62,2277.89,286161,6186206,1526683423
2018-08-13,2248.45,-34.34,-1.5,2266.43,2271.82,2238.55,335381,5950056,1503939154
2018-08-14,2258.91,10.46,0.47,2249.86,2262.52,2247.37,255216,4872039,1510814983
2018-08-16,2240.8,-18.11,-0.8,2233.05,2244.08,2218.09,312519,6021649,1497924104
2018-08-17,2247.05,6.25,0.28,2244.61,2250.92,2240.14,238378,4645284,1502273894
2018-08-20,2247.88,0.83,0.04,2257.35,2264.42,2245.06,271600,4418977,1502923724
2018-08-21,2270.06,22.18,0.99,2248.04,2272.86,2244.59,294337,5182954,1518199753
2018-08-22,2273.33,3.27,0.14,2273.68,2280.31,2268.91,269271,5425019,1521284194
2018-08-23,2282.6,9.27,0.41,2282.57,2282.88,2268.06,338386,5238290,1527487741
2018-08-24,2293.21,10.61,0.46,2276.16,2295.22,2271.35,347292,5136918,1534269102
2018-08-27,2299.3,6.09,0.27,2297.32,2302.87,2289.41,307045,5766323,1538348010
2018-08-28,2303.12,3.82,0.17,2312.14,2314.6,2299.45,276889,5503107,1540990368
2018-08-29,2309.03,5.91,0.26,2304.66,2309.88,2300.21,268215,4807773,1545071113
2018-08-30,2307.35,-1.68,-0.07,2313.11,2320.85,2305.46,286926,5252383,1544327570
2018-08-31,2322.88,15.53,0.67,2298.13,2322.88,2295.72,255909,5525835,1554873151
2018-09-03,2307.03,-15.85,-0.68,2317.93,2318.72,2302.17,230513,4096555,1543779721
2018-09-04,2315.72,8.69,0.38,2308.96,2317.74,2302.17,277014,4551221,1549614964
2018-09-05,2291.77,-23.95,-1.03,2310.9,2315.43,2288.01,358187,5390489,1533312914
2018-09-06,2287.61,-4.16,-0.18,2288.8,2298.47,2284.5,387511,5679574,1529906807
2018-09-07,2281.58,-6.03,-0.26,2278.08,2286.82,2264.9,357561,6263721,1525066818
2018-09-10,2288.66,7.08,0.31,2277.35,2289.38,2276.6,312613,5599499,1529962355
2018-09-11,2283.2,-5.46,-0.24,2286.91,2295.76,2275.13,368211,6188337,1525866108
2018-09-12,2282.92,-0.28,-0.01,2286.28,2289.66,2271,336830,6445490,1525237665
2018-09-13,2286.23,3.31,0.14,2285.28,2291.51,2281.63,301309,6598921,1526997038
2018-09-14,2318.25,32.02,1.4,2304.7,2318.65,2304.15,292236,5839238,1549484911
2018-09-17,2303.01,-15.24,-0.66,2314.55,2314.55,2295.26,343167,5079754,1538974310
2018-09-18,2308.98,5.97,0.26,2287.73,2310.97,2287.42,309235,5794170,1544113849
2018-09-19,2308.46,-0.52,-0.02,2319.22,2319.22,2301.79,350949,6382677,1544270949
2018-09-20,2323.45,14.99,0.65,2314.41,2334.04,2311.56,289086,6468799,1554805559
2018-09-21,2339.17,15.72,0.68,2332.04,2339.17,2325.12,321704,8286570,1565411084
2018-09-27,2355.43,16.26,0.7,2331.7,2355.43,2331.7,279230,7299706,1576072563
2018-09-28,2343.07,-12.36,-0.52,2356.13,2356.62,2337.47,317870,7215237,1567600410
2018-10-01,2338.88,-4.19,-0.18,2349.64,2352.11,2333.32,278310,5541730,1565088147
2018-10-02,2309.57,-29.31,-1.25,2338.28,2341.55,2308.9,287868,6394764,1545687250
2018-10-04,2274.49,-35.08,-1.52,2311.06,2311.06,2270.22,309502,7606335,1522077632
2018-10-05,2267.52,-6.97,-0.31,2269.94,2278.12,2250.99,282139,6398399,1516687626
2018-10-08,2253.83,-13.69,-0.6,2258.73,2273.71,2253.83,214644,4478792,1507728175
2018-10-10,2228.61,-25.22,-1.12,2256.03,2257.52,2222.95,365684,8836408,1491298711
2018-10-11,2129.67,-98.94,-4.44,2176.16,2186.69,2129.67,411919,8335699,1425862544
2018-10-12,2161.85,32.18,1.51,2131.66,2173.01,2129.13,292574,6085084,1447954874
2018-10-15,2145.12,-16.73,-0.77,2155.34,2159.23,2141.28,259176,4708940,1436393187
2018-10-16,2145.12,0,0,2156,2161.76,2140.19,222512,3936708,1436739590
2018-10-17,2167.51,22.39,1.04,2169.44,2182.77,2159.37,275160,5284969,1451605026
2018-10-18,2148.31,-19.2,-0.89,2158.8,2168.01,2146.61,321763,4229127,1438938481
2018-10-19,2156.26,7.95,0.37,2130.06,2158.78,2117.62,351771,4875051,1444034123
2018-10-22,2161.71,5.45,0.25,2143.08,2163.21,2136.92,308740,3910411,1447338908
2018-10-23,2106.1,-55.61,-2.57,2147.3,2148.8,2094.69,373468,6995702,1410671810
2018-10-24,2097.58,-8.52,-0.4,2119.19,2121.36,2092.1,399734,6490107,1404498959
2018-10-25,2063.3,-34.28,-1.63,2046.67,2066.06,2033.81,376015,7607756,1381218885
2018-10-26,2027.15,-36.15,-1.75,2066.57,2066.57,2008.86,449198,6688109,1357749078
2018-10-29,1996.05,-31.1,-1.53,2026.68,2045.76,1993.77,427305,6359734,1337548193
2018-10-30,2014.69,18.64,0.93,1985.95,2028.84,1985.95,441585,7022060,1350728242
2018-10-31,2029.69,15,0.74,2022.84,2030.5,2006.63,373028,6347336,1361478010
2018-11-01,2024.46,-5.23,-0.26,2035.11,2054.22,2023.43,343814,5965853,1357721489
2018-11-02,2096,71.54,3.53,2046.61,2096.63,2044.94,371979,6798069,1405334524
2018-11-05,2076.92,-19.08,-0.91,2079.81,2080.49,2052.67,361302,4917286,1392607296
2018-11-06,2089.62,12.7,0.61,2085.81,2092.61,2068.59,315816,5143563,1400793160
2018-11-07,2078.69,-10.93,-0.52,2090.32,2107.63,2072.48,485225,6452004,1394112654
2018-11-08,2092.63,13.94,0.67,2109.97,2120.88,2092.36,328035,5987515,1403264489
2018-11-09,2086.09,-6.54,-0.31,2093.89,2101.92,2082.47,298072,5260640,1399495753
2018-11-12,2080.44,-5.65,-0.27,2065.92,2087.24,2065.52,295529,5542962,1396015015
2018-11-13,2071.23,-9.21,-0.44,2047.62,2072.03,2032.05,383421,5865351,1389821571
2018-11-14,2068.05,-3.18,-0.15,2071.41,2075.12,2060.86,339046,5561969,1387531773
2018-11-15,2088.06,20.01,0.97,2061.47,2088.61,2058.73,351043,4828620,1400644704
2018-11-16,2092.4,4.34,0.21,2097.94,2103.11,2086.54,301605,4837652,1403214070
2018-11-19,2100.56,8.16,0.39,2096.13,2111.39,2089.37,273198,4703757,1407580891
2018-11-20,2082.58,-17.98,-0.86,2074.67,2089.54,2074.67,281685,5043725,1394320913
2018-11-21,2076.55,-6.03,-0.29,2057.07,2077.49,2049.76,267904,5151649,1389907927
2018-11-22,2069.95,-6.6,-0.32,2079.01,2081.75,2066.2,242499,4152746,1385804544
2018-11-23,2057.48,-12.47,-0.6,2073.26,2075.91,2047.96,227202,3774227,1377477157
2018-11-26,2083.02,25.54,1.24,2060.17,2083.96,2060.17,237711,4482314,1394139024
2018-11-27,2099.42,16.4,0.79,2091.75,2102.29,2079.49,239211,4554649,1405263074
2018-11-28,2108.22,8.8,0.42,2104.13,2108.65,2094.32,300076,4793983,1410935094
2018-11-29,2114.1,5.88,0.28,2133.95,2136.74,2108.9,307230,5304159,1414953064
2018-11-30,2096.86,-17.24,-0.82,2116.83,2122.33,2093.83,427355,7316751,1403482458
2018-12-03,2131.93,35.07,1.67,2127.78,2136.64,2113.6,436588,5571246,1427528843
2018-12-04,2114.35,-17.58,-0.82,2125.67,2128.94,2105.45,507518,5539553,1414637237
2018-12-05,2101.31,-13.04,-0.62,2086.57,2107.69,2086.57,492716,4802793,1405505402
2018-12-06,2068.69,-32.62,-1.55,2094.62,2094.62,2064,537410,5606457,1383505179
2018-12-07,2075.76,7.07,0.34,2081.68,2086.84,2065.62,371591,4318800,1389034610
2018-12-10,2053.79,-21.97,-1.06,2048.45,2061.78,2043.21,344164,4697529,1373936929
2018-12-11,2052.97,-0.82,-0.04,2058.16,2060.94,2047.17,273933,5020322,1373342570
2018-12-12,2082.57,29.6,1.44,2062.77,2084.77,2061.13,457127,5613049,1371559154
2018-12-13,2095.55,12.98,0.62,2087.43,2104.43,2084.37,379819,7941966,1379759768
2018-12-14,2069.38,-26.17,-1.25,2095.64,2095.64,2061.4,448238,5784242,1362231208
2018-12-17,2071.09,1.71,0.08,2071.21,2075.93,2065.51,444522,4764477,1363331838
2018-12-18,2062.11,-8.98,-0.43,2057.39,2074.31,2054.26,429530,5241610,1358110563
2018-12-19,2078.84,16.73,0.81,2068.95,2080.65,2063.01,418797,5124895,1368928571
2018-12-20,2060.12,-18.72,-0.9,2063.7,2071.08,2047.52,421065,5483090,1356169266
2018-12-21,2061.49,1.37,0.07,2052.7,2061.51,2049.76,311389,5492538,1357352795
2018-12-24,2055.01,-6.48,-0.31,2050.38,2059.94,2046.18,285275,3843849,1352900456
2018-12-26,2028.01,-27,-1.31,2028.81,2037.83,2014.28,321499,5424078,1336757289
2018-12-27,2028.44,0.43,0.02,2032.09,2035.57,2021.39,398021,5351004,1335555862
2018-12-28,2041.04,12.6,0.62,2036.7,2046.97,2035.41,352678,4120696,1343971858
2019-01-02,2010,-31.04,-1.52,2050.55,2053.45,2004.27,326368,4295872,1323645397
2019-01-03,1993.7,-16.3,-0.81,2011.81,2014.72,1991.65,427976,5358519,1312758913
2019-01-04,2010.25,16.55,0.83,1992.4,2011.56,1984.53,408991,5490148,1323719373
2019-01-07,2037.1,26.85,1.34,2034.24,2048.06,2030.9,440191,5301385,1342381871
2019-01-08,2025.27,-11.83,-0.58,2038.68,2042.7,2023.59,397831,4826642,1333996221
2019-01-09,2064.71,39.44,1.95,2034.19,2068.23,2034.19,386248,5532689,1360852002
2019-01-10,2063.28,-1.43,-0.07,2065.73,2072.81,2057.16,382877,5434257,1359857820
2019-01-11,2075.57,12.29,0.6,2070.36,2076.99,2063.99,380061,4592461,1368311381
2019-01-14,2064.52,-11.05,-0.53,2070.49,2073.94,2059.46,432891,4941021,1360565231
2019-01-15,2097.18,32.66,1.58,2069.14,2098.01,2067.58,439489,5236964,1382450778
2019-01-16,2106.1,8.92,0.43,2098.65,2106.35,2091.92,500078,5352467,1388695520
2019-01-17,2107.06,0.96,0.05,2110.14,2117.43,2101.7,475885,5857767,1389975887
2019-01-18,2124.28,17.22,0.82,2116.43,2124.5,2113.44,456738,5356125,1401233933
2019-01-21,2124.61,0.33,0.02,2133.87,2134.17,2114.45,398035,5320635,1401780024
2019-01-22,2117.77,-6.84,-0.32,2126.03,2129.37,2108.91,419441,4897406,1397318462
2019-01-23,2127.78,10.01,0.47,2108.72,2131.05,2106.74,408600,5170562,1403936954
2019-01-24,2145.03,17.25,0.81,2127.88,2145.08,2125.48,413652,6035836,1415738358
2019-01-25,2177.73,32.7,1.52,2147.92,2178.01,2146.64,410002,7065652,1437842917
2019-01-28,2177.3,-0.43,-0.02,2184.41,2188.15,2169.17,371619,6060559,1437491623
2019-01-29,2183.36,6.06,0.28,2172.83,2183.36,2162.53,552587,6504583,1441345149
2019-01-30,2206.2,22.84,1.05,2183.49,2206.2,2177.88,480390,6875693,1456059990
2019-01-31,2204.85,-1.35,-0.06,2222.88,2222.88,2201.22,545248,7762307,1455505296
2019-02-01,2203.46,-1.39,-0.06,2211.93,2218.78,2201.41,479379,6874000,1454699811
2019-02-07,2203.42,-0.04,0,2215.77,2215.79,2196.77,427843,6339361,1454323219
2019-02-08,2177.05,-26.37,-1.2,2192.01,2192.48,2171.96,391029,5728530,1436388009
2019-02-11,2180.73,3.68,0.17,2180.54,2181.58,2167.36,406060,5327610,1438816002
2019-02-12,2190.47,9.74,0.45,2182.71,2195.05,2178.59,429940,5929463,1446167643
2019-02-13,2201.48,11.01,0.5,2200,2203.71,2194.75,421990,5585495,1453501271
2019-02-14,2225.85,24.37,1.11,2195.92,2225.85,2186.09,573362,6426023,1469357631
2019-02-15,2196.09,-29.76,-1.34,2210.94,2210.94,2187.71,400592,5097631,1449296807
2019-02-18,2210.89,14.8,0.67,2207.36,2217.32,2203,314371,4668187,1458936951
2019-02-19,2205.63,-5.26,-0.24,2208.96,2213.87,2193.34,389094,4534559,1455230607
2019-02-20,2229.76,24.13,1.09,2216.74,2234.68,2213.83,374342,5948417,1471936800
2019-02-21,2228.66,-1.1,-0.05,2224.26,2234.31,2213.19,382511,5480910,1471404503
2019-02-22,2230.5,1.84,0.08,2222.32,2230.5,2217.08,409311,4645184,1472581253
2019-02-25,2232.56,2.06,0.09,2241.13,2241.76,2224.64,339234,4689861,1473911027
2019-02-26,2226.6,-5.96,-0.27,2230.37,2235.7,2221.76,331962,5024238,1469933630
2019-02-27,2234.79,8.19,0.37,2234.46,2237.77,2228.16,301513,4914613,1475176574
2019-02-28,2195.44,-39.35,-1.76,2231.58,2233.93,2195.44,510022,8307296,1448767024
2019-03-04,2190.66,-4.78,-0.22,2210.97,2216.02,2188.56,373166,6405237,1445642000
2019-03-05,2179.23,-11.43,-0.52,2183.35,2185.74,2171.33,313146,4980941,1437785626
2019-03-06,2175.6,-3.63,-0.17,2177.11,2179.01,2168.46,328943,4828088,1435423977
2019-03-07,2165.79,-9.81,-0.45,2173.19,2181.19,2155.19,292578,4858919,1429496102
2019-03-08,2137.44,-28.35,-1.31,2152.8,2159.67,2137.44,313315,4497331,1410568350
2019-03-11,2138.1,0.66,0.03,2140.29,2145.31,2125.54,272103,4077476,1410561695
2019-03-12,2157.18,19.08,0.89,2154.61,2161.69,2150.96,355283,4222805,1424679601
2019-03-13,2148.41,-8.77,-0.41,2152.66,2154.11,2134.16,285601,4088451,1419083070
2019-03-14,2155.68,7.27,0.34,2154.35,2158.34,2142.31,341010,5882524,1423787458
2019-03-15,2176.11,20.43,0.95,2152.96,2181.77,2152.59,387136,6821324,1437037921
2019-03-18,2179.49,3.38,0.16,2179.69,2183.9,2172.34,257951,4093226,1439426928
2019-03-19,2177.62,-1.87,-0.09,2183.03,2183.76,2171.05,319703,3867859,1438506503
2019-03-20,2177.1,-0.52,-0.02,2171.41,2177.19,2152.21,317607,4175741,1438253703
2019-03-21,2184.88,7.78,0.36,2183.11,2200.32,2173.7,342747,6229925,1445055041
2019-03-22,2186.95,2.07,0.09,2192.72,2195.42,2178.77,333618,6881723,1446842700
2019-03-25,2144.86,-42.09,-1.92,2158.8,2159.25,2143.7,307071,4136472,1418438627
2019-03-26,2148.8,3.94,0.18,2152.98,2153.9,2143.63,301254,4248900,1421123429
2019-03-27,2145.62,-3.18,-0.15,2147.19,2152.91,2132.42,363169,4490156,1419130932
2019-03-28,2128.1,-17.52,-0.82,2131.25,2136.4,2120.93,288036,4403906,1409454256
2019-03-29,2140.67,12.57,0.59,2138.45,2143.3,2124.07,364619,5248941,1417246091
2019-04-01,2168.28,27.61,1.29,2153.31,2171.49,2153.31,263313,4365111,1435481137
2019-04-02,2177.18,8.9,0.41,2177.2,2181.37,2171.84,257453,4247457,1441635795
2019-04-03,2203.27,26.09,1.2,2176.81,2203.29,2172.83,358645,5466969,1458945251
2019-04-04,2206.53,3.26,0.15,2201.04,2216.15,2198.66,431013,4857554,1461266734
2019-04-05,2209.61,3.08,0.14,2206.36,2214.82,2205.26,517153,4215787,1463238721
2019-04-08,2210.6,0.99,0.04,2217.66,2217.87,2202.49,347910,4660047,1464185952
2019-04-09,2213.56,2.96,0.13,2212.32,2221.62,2203.54,414809,4904130,1466472415
2019-04-10,2224.39,10.83,0.49,2206.2,2225.02,2203.82,399695,5135094,1473098587
2019-04-11,2224.44,0.05,0,2227.69,2230.41,2217.18,402016,6022087,1473103446
2019-04-12,2233.45,9.01,0.41,2221.1,2233.45,2212.88,449634,6098418,1479300935
2019-04-15,2242.88,9.43,0.42,2242.31,2251.22,2240.29,404160,6668129,1485758717
2019-04-16,2248.63,5.75,0.26,2241.06,2249.89,2235.72,569056,7083491,1489660939
2019-04-17,2245.89,-2.74,-0.12,2249.05,2252.05,2242.01,452475,5586184,1488430885
2019-04-18,2213.77,-32.12,-1.43,2248.8,2250.11,2210.43,573343,6501104,1467185238
2019-04-19,2216.15,2.38,0.11,2223.42,2225.37,2215.58,525264,4965672,1468420930
2019-04-22,2216.65,0.5,0.02,2218.5,2227.94,2207.25,493984,4639971,1468803477
2019-04-23,2220.51,3.86,0.17,2217.61,2223.92,2212.14,481178,4922938,1471093768
2019-04-24,2201.03,-19.48,-0.88,2229.75,2229.75,2190.29,575100,6342430,1459265699
2019-04-25,2190.5,-10.53,-0.48,2195.47,2200.89,2187.44,441137,5610697,1452279955
2019-04-26,2179.31,-11.19,-0.51,2178.13,2186.52,2168.15,570172,5346146,1445304534
2019-04-29,2216.43,37.12,1.7,2183.41,2216.43,2181.82,380823,4985906,1469579229
2019-04-30,2203.59,-12.84,-0.58,2213.43,2215.77,2186.33,381414,5697107,1461526970
2019-05-02,2212.75,9.16,0.42,2192.94,2217.03,2191.3,369059,5026634,1467462907
2019-05-03,2196.32,-16.43,-0.74,2209.44,2211.36,2192.36,617878,5297907,1456663139
2019-05-07,2176.99,-19.33,-0.88,2172.39,2179.51,2160.44,484097,5467057,1443681621
2019-05-08,2168.01,-8.98,-0.41,2151.34,2179.34,2151.34,456334,5170591,1437428069
2019-05-09,2102.01,-66,-3.04,2159.79,2164.98,2102.01,743507,8236438,1393596819
2019-05-10,2108.04,6.03,0.29,2118.42,2124.92,2090.39,714766,6407849,1397898972
2019-05-13,2079.01,-29.03,-1.38,2091.8,2101.09,2077.72,505751,4601111,1378695079
2019-05-14,2081.84,2.83,0.14,2060.24,2093.41,2056.74,696195,5865912,1379906843
2019-05-15,2092.78,10.94,0.53,2081.92,2100.01,2076.46,577795,5052873,1386708606
2019-05-16,2067.69,-25.09,-1.2,2094.88,2095.58,2062.44,745164,6042440,1369732050
2019-05-17,2055.8,-11.89,-0.58,2081.57,2082.83,2053.79,537380,5378895,1361632447
2019-05-20,2055.71,-0.09,0,2066.53,2077.1,2051.69,640195,4889671,1361781952
2019-05-21,2061.25,5.54,0.27,2056.95,2076.47,2053.69,526859,5272369,1366112085
2019-05-22,2064.86,3.61,0.18,2068.65,2070.8,2048.01,509974,4637965,1368593282
2019-05-23,2059.59,-5.27,-0.26,2063.25,2065.86,2046.82,509269,4819255,1365939860
2019-05-24,2045.31,-14.28,-0.69,2047.3,2057.38,2035.98,480648,4581386,1356099663
2019-05-27,2044.21,-1.1,-0.05,2044.25,2055.13,2035.87,351616,3506627,1355615535
2019-05-28,2048.83,4.62,0.23,2044.77,2058.42,2038.52,494479,8080273,1358437864
2019-05-29,2023.32,-25.51,-1.25,2046.71,2046.71,2016.25,380894,4686652,1345376066
2019-05-30,2038.8,15.48,0.77,2024.33,2040.66,2023.91,461850,4978843,1356387792
2019-05-31,2041.74,2.94,0.14,2029.03,2048.9,2022.97,439182,5039081,1358693516
2019-06-03,2067.85,26.11,1.28,2031.03,2070.58,2029.17,387146,4640457,1376865465
2019-06-04,2066.97,-0.88,-0.04,2066.78,2072.19,2060.98,435992,4841761,1376101515
2019-06-05,2069.11,2.14,0.1,2084.16,2086.49,2065.71,380157,4506228,1377885042
2019-06-07,2072.33,3.22,0.16,2070.78,2081.16,2057.97,368392,4347351,1380064127
2019-06-10,2099.49,27.16,1.31,2087.37,2099.65,2075.51,457641,4214044,1398084996
2019-06-11,2111.81,12.32,0.59,2096.09,2114.57,2094.6,550740,4276695,1406104186
2019-06-12,2108.75,-3.06,-0.14,2111.66,2118.89,2104.41,693508,4661010,1404084076
2019-06-13,2103.15,-5.6,-0.27,2104.46,2108.01,2081.92,553393,5998223,1400059108
2019-06-14,2095.41,-7.74,-0.37,2096.32,2103.02,2087.47,473370,4716416,1395025949
2019-06-17,2090.73,-4.68,-0.22,2091.71,2103.59,2087.25,561550,4255706,1391569061
2019-06-18,2098.71,7.98,0.38,2089.31,2103.02,2089.31,600964,4579592,1397358727
2019-06-19,2124.78,26.07,1.24,2119.54,2126.74,2117.64,862980,4984534,1414680218
2019-06-20,2131.29,6.51,0.31,2121.78,2131.77,2120.42,1007159,3994784,1419450953
2019-06-21,2125.62,-5.67,-0.27,2132.38,2132.68,2120.15,692028,5226303,1415602955
2019-06-24,2126.33,0.71,0.03,2130.32,2134.48,2123.88,669640,4054921,1416221253
2019-06-25,2121.64,-4.69,-0.22,2125.74,2136.24,2115.11,642999,4249732,1413099198
2019-06-26,2121.85,0.21,0.01,2120.2,2128.25,2115.72,736852,4455865,1413592489
2019-06-27,2134.32,12.47,0.59,2120.73,2141.27,2118.22,644900,5122462,1421656475
2019-06-28,2130.62,-3.7,-0.17,2135.06,2139.24,2123.97,537275,4282405,1419520754
2019-07-01,2129.74,-0.88,-0.04,2147.24,2147.24,2126.87,412291,4730193,1419133354
2019-07-02,2122.02,-7.72,-0.36,2122.07,2130.86,2112.52,460830,4107542,1413906577
2019-07-03,2096.02,-26,-1.23,2120.75,2127.71,2093.32,522709,4615984,1396737259
2019-07-04,2108.73,12.71,0.61,2102.36,2108.8,2088.97,446933,4542738,1405237689
2019-07-05,2110.59,1.86,0.09,2111,2115.43,2096.23,459391,4025814,1405984668
2019-07-08,2064.17,-46.42,-2.2,2091.91,2092.54,2063.78,515950,4349730,1375390948
2019-07-09,2052.03,-12.14,-0.59,2070.35,2075.3,2052.03,440122,4439841,1367889452
2019-07-10,2058.78,6.75,0.33,2061.55,2068.2,2056.48,355678,3938557,1372819300
2019-07-11,2080.58,21.8,1.06,2070.59,2088.24,2070.21,376675,5057466,1387530388
2019-07-12,2086.66,6.08,0.29,2083.53,2090.43,2077.35,403935,3775269,1391297124
2019-07-15,2082.48,-4.18,-0.2,2083.39,2088.34,2073.1,463520,3740180,1388670529
2019-07-16,2091.87,9.39,0.45,2084.46,2096.67,2078.74,682803,5284193,1394462439
2019-07-17,2072.92,-18.95,-0.91,2079.91,2080.01,2063.49,761626,4643512,1381856024
2019-07-18,2066.55,-6.37,-0.31,2068.66,2073.2,2061.33,446644,3939884,1377591720
2019-07-19,2094.36,27.81,1.35,2080.21,2096.73,2076.51,394904,4198432,1396345455
2019-07-22,2093.34,-1.02,-0.05,2090.35,2099.34,2087.51,332630,3206207,1395686188
2019-07-23,2101.45,8.11,0.39,2095.76,2106.39,2095.38,648124,4601030,1401179456
2019-07-24,2082.3,-19.15,-0.91,2097.16,2105.68,2080.66,851393,4233306,1387937020
2019-07-25,2074.48,-7.82,-0.38,2085.67,2088.81,2061.08,598634,5207430,1383500621
2019-07-26,2066.26,-8.22,-0.4,2063.35,2068.16,2054.64,589074,5138752,1378062581
2019-07-29,2029.48,-36.78,-1.78,2059.13,2063.13,2025.01,608671,4681216,1353730489
2019-07-30,2038.68,9.2,0.45,2035.32,2044.59,2032.61,547030,3877489,1359687443
2019-07-31,2024.55,-14.13,-0.69,2036.46,2041.16,2010.95,589386,5532913,1349751512
2019-08-01,2017.34,-7.21,-0.36,2015.09,2032.23,2009.33,461743,4443150,1344605608
2019-08-02,1998.13,-19.21,-0.95,1995.31,2005.31,1987.12,438538,5338221,1331726021
2019-08-05,1946.98,-51.15,-2.56,1985.93,1987.64,1945.39,639604,6599771,1298224309
2019-08-06,1917.5,-29.48,-1.51,1900.36,1948.53,1891.81,739588,7179083,1278708146
2019-08-07,1909.71,-7.79,-0.41,1925.33,1929.29,1901.61,760777,5373398,1273695154
2019-08-08,1920.61,10.9,0.57,1926.28,1937.95,1915.81,777166,6769546,1280853902
2019-08-09,1937.75,17.14,0.89,1940.06,1946.94,1936.14,654344,5051265,1292314442
2019-08-12,1942.29,4.54,0.23,1941.53,1949.19,1933.25,427141,3997755,1295503767
2019-08-13,1925.83,-16.46,-0.85,1928.76,1937.68,1923.58,660041,4340209,1284457198
2019-08-14,1938.37,12.54,0.65,1946.18,1952.22,1937.23,699585,5076486,1293001857
2019-08-16,1927.17,-11.2,-0.58,1921.49,1927.7,1911.72,421682,4274269,1286042560
2019-08-19,1939.9,12.73,0.66,1936.64,1943.09,1931.44,481022,3771542,1294140224
2019-08-20,1960.25,20.35,1.05,1942.99,1964.16,1937.53,463605,4130253,1308076037
2019-08-21,1964.65,4.4,0.22,1954.57,1971.12,1954.47,391568,3821801,1310906717
2019-08-22,1951.01,-13.64,-0.69,1966.6,1967.96,1951.01,435565,4095130,1301909074
2019-08-23,1948.3,-2.71,-0.14,1942.42,1953.85,1940.6,381087,3498465,1299891726
2019-08-26,1916.31,-31.99,-1.64,1915.34,1924.49,1909.92,324853,3751276,1278910759
2019-08-27,1924.6,8.29,0.43,1928.98,1937.42,1919.28,427042,5037420,1284739456
2019-08-28,1941.09,16.49,0.86,1929.96,1943.62,1926.43,284344,3288745,1295572074
2019-08-29,1933.41,-7.68,-0.4,1943.55,1947.15,1928.49,285103,3709596,1290373159
2019-08-30,1967.79,34.38,1.78,1951.66,1971.21,1951.3,317733,4371489,1313598665
2019-09-02,1969.19,1.4,0.07,1961.19,1973.25,1958.59,262154,2924232,1314134426
2019-09-03,1965.69,-3.5,-0.18,1966.5,1976.37,1960.15,342077,3916058,1311680052
2019-09-04,1988.53,22.84,1.16,1962.43,1988.53,1962.08,348722,4133684,1326785678
2019-09-05,2004.75,16.22,0.82,1993.62,2015.39,1992.51,488067,5556532,1338476908
2019-09-06,2009.13,4.38,0.22,2016.11,2017.2,2005.69,384441,3667155,1341565100
2019-09-09,2019.55,10.42,0.52,2013.38,2029.8,2013.28,511821,4401822,1348800308
2019-09-10,2032.08,12.53,0.62,2024.79,2034.28,2021.58,504391,4458785,1356956833
2019-09-11,2049.2,17.12,0.84,2043.72,2050.8,2040.04,429075,5997521,1368161367
2019-09-16,2062.22,13.02,0.64,2056.26,2062.22,2044.8,493516,5676634,1376560744
2019-09-17,2062.33,0.11,0.01,2058.72,2066.33,2055.17,507995,4572241,1376689373
2019-09-18,2070.73,8.4,0.41,2064.42,2075.63,2058.52,613148,4849404,1382698755
2019-09-19,2080.35,9.62,0.46,2070.53,2089.81,2070.53,493038,4796838,1390937570
2019-09-20,2091.52,11.17,0.54,2080.86,2092.37,2077.3,589920,5401657,1398474982
2019-09-23,2091.7,0.18,0.01,2087.7,2095.54,2085.6,420948,4095774,1398458459
2019-09-24,2101.04,9.34,0.45,2090.19,2101.63,2085.91,535771,4406729,1404448759
2019-09-25,2073.39,-27.65,-1.32,2093.47,2095.27,2072.41,651552,5181992,1386072582
2019-09-26,2074.52,1.13,0.05,2082.66,2087.33,2064.34,430577,4656831,1387334939
2019-09-27,2049.93,-24.59,-1.19,2066.96,2066.96,2044.75,285943,3489261,1370704841
2019-09-30,2063.05,13.12,0.64,2045.77,2064.99,2042.01,327625,3709169,1379383990
2019-10-01,2072.42,9.37,0.45,2062.44,2077.48,2057.91,389336,3869998,1385453397
2019-10-02,2031.91,-40.51,-1.95,2058.23,2058.23,2031.91,414460,3933922,1358586985
2019-10-04,2020.69,-11.22,-0.55,2028.4,2039.43,2020.69,402941,3963264,1351390761
2019-10-07,2021.73,1.04,0.05,2031.53,2034.94,2016.19,322185,3412076,1351980509
2019-10-08,2046.25,24.52,1.21,2029.37,2046.81,2024.63,437517,4256284,1368408579
2019-10-10,2028.15,-18.1,-0.88,2030.13,2040.88,2010.9,445846,5612446,1356703391
2019-10-11,2044.61,16.46,0.81,2048.08,2053.94,2040.48,381147,3790613,1367727114
2019-10-14,2067.4,22.79,1.11,2068.13,2075.1,2065.53,511216,4579415,1382961057
2019-10-15,2068.17,0.77,0.04,2064.78,2073.21,2064.34,464534,4138986,1383418737
2019-10-16,2082.83,14.66,0.71,2080.92,2090.01,2073.8,524545,4463659,1393413065
2019-10-17,2077.94,-4.89,-0.23,2081.76,2087.15,2072.49,314177,3484054,1390071922
2019-10-18,2060.69,-17.25,-0.83,2082.23,2088.54,2057.89,516688,5429307,1378751961
2019-10-21,2064.84,4.15,0.2,2067.97,2067.97,2059.33,606109,3598366,1381669312
2019-10-22,2088.86,24.02,1.16,2076.29,2093.81,2073.08,504063,4811063,1398014600
2019-10-23,2080.62,-8.24,-0.39,2086.81,2088.25,2074.88,429453,5110884,1392517281
2019-10-24,2085.66,5.04,0.24,2089.85,2089.85,2067.9,367717,5208814,1396059213
2019-10-25,2087.89,2.23,0.11,2091.16,2091.24,2079.3,348686,4429329,1397792838
2019-10-28,2093.6,5.71,0.27,2096.67,2104.39,2089.76,269234,3853805,1401486783
2019-10-29,2092.69,-0.91,-0.04,2103.92,2105.17,2088.04,357662,4067890,1400636742
2019-10-30,2080.27,-12.42,-0.59,2093.51,2093.51,2075.54,415552,5051508,1395052465
2019-10-31,2083.48,3.21,0.15,2089.22,2103.71,2083.48,461323,5777341,1397134900
2019-11-01,2100.2,16.72,0.8,2084.79,2100.42,2081.53,418314,4599473,1408824195
2019-11-04,2130.24,30.04,1.43,2111.32,2130.83,2111.32,476257,5636693,1429190862
2019-11-05,2142.64,12.4,0.58,2133.66,2143.12,2128.7,400644,5181344,1437952192
2019-11-06,2144.15,1.51,0.07,2142.69,2156.23,2138.83,410085,5680105,1439014571
2019-11-07,2144.29,0.14,0.01,2141.05,2147.01,2135.45,425663,5134908,1439008869
2019-11-08,2137.23,-7.06,-0.33,2154.18,2155.94,2133.75,574127,5969290,1433704068
2019-11-11,2124.09,-13.14,-0.61,2139.07,2139.07,2119.07,617266,5346846,1425038219
2019-11-12,2140.92,16.83,0.79,2131.26,2140.94,2121.8,610429,5743924,1436296710
2019-11-13,2122.45,-18.47,-0.86,2132.48,2133.37,2118.67,664366,5376791,1425460703
2019-11-14,2139.23,16.78,0.79,2127.54,2139.23,2121.32,521110,6080226,1435960435
2019-11-15,2162.18,22.95,1.07,2137.96,2165.02,2135.26,556246,5694837,1451470352
2019-11-18,2160.69,-1.49,-0.07,2161.89,2165.89,2151.97,489233,4450920,1450349809
2019-11-19,2153.24,-7.45,-0.34,2151.04,2154.41,2137.01,826885,5605578,1446140184
2019-11-20,2125.32,-27.92,-1.3,2140.06,2145.97,2123.8,581056,5583377,1427359929
2019-11-21,2096.6,-28.72,-1.35,2123.65,2125.36,2088.19,579555,5437430,1407600551
2019-11-22,2101.96,5.36,0.26,2098.89,2106.42,2093.99,519852,4310268,1411508256
2019-11-25,2123.5,21.54,1.02,2117.14,2130.04,2116.07,397676,4288509,1426007087
2019-11-26,2121.35,-2.15,-0.1,2129.27,2139.64,2120.85,532601,7636051,1424956839
2019-11-27,2127.85,6.5,0.31,2134.47,2136.3,2118.07,367796,4318300,1429134191
2019-11-28,2118.6,-9.25,-0.43,2116.93,2127.75,2116.58,335227,4483257,1422661068
2019-11-29,2087.96,-30.64,-1.45,2125.53,2125.53,2085.1,433261,5100927,1401938202
2019-12-02,2091.92,3.96,0.19,2097.55,2103.87,2088.92,385344,4515836,1404938499
2019-12-03,2084.07,-7.85,-0.38,2075.02,2085.71,2066.6,450040,4709540,1399615358
2019-12-04,2068.89,-15.18,-0.73,2070.84,2072.91,2057.45,347003,5085779,1389618756
2019-12-05,2060.74,-8.15,-0.39,2078.31,2084.29,2053.56,472188,4625011,1384402800
2019-12-06,2081.85,21.11,1.02,2072.44,2084.44,2070.17,440188,4215044,1398777600
2019-12-09,2088.65,6.8,0.33,2091.94,2093.81,2084.31,393127,3982512,1403184169
2019-12-10,2098,9.35,0.45,2081.22,2100.48,2080.16,500064,4172975,1409366037
2019-12-11,2105.62,7.62,0.36,2098.28,2109.22,2092.48,668731,4837221,1414435814
2019-12-12,2137.35,31.73,1.51,2120.13,2138.93,2120.13,584637,8339490,1436302524
2019-12-13,2170.25,32.9,1.54,2164.63,2170.25,2159.45,540027,6253216,1458776009
2019-12-16,2168.15,-2.1,-0.1,2168.05,2175.01,2166.29,377054,4561208,1457529847
2019-12-17,2195.68,27.53,1.27,2179.4,2196.01,2171.09,599534,6380891,1476694264
2019-12-18,2194.76,-0.92,-0.04,2194.92,2204.04,2187.32,591106,5519070,1476402879
2019-12-19,2196.56,1.8,0.08,2199.42,2204.73,2186.59,643144,5262212,1476809948
2019-12-20,2204.18,7.62,0.35,2205.57,2206.82,2194.8,646683,5020843,1481266968
2019-12-23,2203.71,-0.47,-0.02,2208.22,2209.2,2196.43,502034,4734276,1480981911
2019-12-24,2190.08,-13.63,-0.62,2206.23,2206.23,2187.58,569968,4756455,1472110435
2019-12-26,2197.93,7.85,0.36,2192.22,2198.01,2183.9,571309,4795110,1477949501
2019-12-27,2204.21,6.28,0.29,2183.7,2215.55,2177.4,490168,5429665,1480287931
2019-12-30,2197.67,-6.54,-0.3,2202.62,2208.04,2195.65,416403,4113598,1475909366
2020-01-02,2175.17,-22.5,-1.02,2201.21,2202.32,2171.84,494678,4638167,1461424794
2020-01-03,2176.46,1.29,0.06,2192.58,2203.38,2165.39,631563,5763663,1462298972
2020-01-06,2155.07,-21.39,-0.98,2154.97,2164.42,2149.95,592671,5156541,1448385085
2020-01-07,2175.54,20.47,0.95,2166.6,2181.62,2164.27,568236,5143512,1462298814
2020-01-08,2151.31,-24.23,-1.11,2156.27,2162.32,2137.72,913831,8750722,1446631314
2020-01-09,2186.45,35.14,1.63,2182.2,2186.45,2172.16,592604,7261591,1470805019
2020-01-10,2206.39,19.94,0.91,2189.48,2206.92,2188.1,594537,6459300,1484063381
2020-01-13,2229.26,22.87,1.04,2204.49,2230.43,2204.49,488289,6214780,1499967181
2020-01-14,2238.88,9.62,0.43,2243.06,2250.79,2232.94,835899,7294228,1506534496
2020-01-15,2230.98,-7.9,-0.35,2229.8,2238.21,2223.39,746156,5946351,1501047629
2020-01-16,2248.05,17.07,0.77,2231.93,2249.09,2225.41,808332,6204474,1513149909
2020-01-17,2250.57,2.52,0.11,2261.57,2268.71,2245.58,580816,5444384,1515299754
2020-01-20,2262.64,12.07,0.54,2261.4,2277.23,2258.09,545491,5950403,1524384084
2020-01-21,2239.69,-22.95,-1.01,2259.81,2266.31,2238.25,770320,5569551,1508408628
2020-01-22,2267.25,27.56,1.23,2238.53,2269.27,2235.13,608510,6365617,1526798959
2020-01-23,2246.13,-21.12,-0.93,2254.54,2260.63,2241.94,509609,6790104,1512629062
2020-01-28,2176.72,-69.41,-3.09,2192.22,2199.93,2166.23,808879,8818232,1466083103
2020-01-29,2185.28,8.56,0.39,2188.18,2195.45,2172.33,692301,6589950,1472171522
2020-01-30,2148,-37.28,-1.71,2181.54,2187.45,2139.72,602838,7105203,1446505817
2020-01-31,2119.01,-28.99,-1.35,2160.6,2167.23,2119.01,710508,7226687,1427047755
2020-02-03,2118.88,-0.13,-0.01,2086.61,2126.73,2082.74,836700,8068704,1427133302
2020-02-04,2157.9,39.02,1.84,2121.22,2162.32,2120.53,624642,7791178,1454235584
2020-02-05,2165.63,7.73,0.36,2177.26,2181.52,2154.88,574396,7736275,1460243895
2020-02-06,2227.94,62.31,2.88,2184.77,2229.99,2182.25,695216,8334738,1501460506
2020-02-07,2211.95,-15.99,-0.72,2221.49,2223.92,2198.14,800342,8813174,1491013321
2020-02-10,2201.07,-10.88,-0.49,2185.63,2203.39,2180.51,609566,5471061,1483846707
2020-02-11,2223.12,22.05,1,2213.5,2233.32,2211.25,526211,6611195,1498338522
2020-02-12,2238.38,15.26,0.69,2225.95,2242.24,2214.77,632463,6892198,1508346242
2020-02-13,2232.96,-5.42,-0.24,2245.72,2255.49,2230.3,638666,8121197,1505295817
2020-02-14,2243.59,10.63,0.48,2232.71,2251.5,2221.9,597224,6379565,1511254623
2020-02-17,2242.17,-1.42,-0.06,2243.07,2250.05,2230.26,458248,5639201,1510109679
2020-02-18,2208.88,-33.29,-1.48,2225.98,2232.93,2205.21,470425,6411451,1487436221
2020-02-19,2210.34,1.46,0.07,2222.51,2226,2191.2,591155,7107034,1488454959
2020-02-20,2195.5,-14.84,-0.67,2223.55,2228.18,2186.72,709564,7677672,1478574048
2020-02-21,2162.84,-32.66,-1.49,2165.65,2184.43,2160.28,635474,7105856,1456692607
2020-02-24,2079.04,-83.8,-3.87,2114.04,2120.06,2079.03,948621,9315475,1400516368
2020-02-25,2103.61,24.57,1.18,2075.55,2105.49,2071.5,1565588,8952278,1417275415
2020-02-26,2076.77,-26.84,-1.28,2064.07,2089.64,2059.13,810938,8060327,1398569206
2020-02-27,2054.89,-21.88,-1.05,2073.87,2085.4,2049.15,562775,7241174,1383776361
2020-02-28,1987.01,-67.88,-3.3,2020.17,2031.01,1980.82,671552,9927960,1337716963
2020-03-02,2002.51,15.5,0.78,1997.03,2017.07,1969.34,528103,7811003,1348109552
2020-03-03,2014.15,11.64,0.58,2051.85,2051.85,2009.39,615693,8687847,1356176460
2020-03-04,2059.33,45.18,2.24,2005.81,2063.59,2005.81,606287,7829193,1386938608
2020-03-05,2085.26,25.93,1.26,2078.11,2089.08,2059.99,675205,7954349,1404684362
2020-03-06,2040.22,-45.04,-2.16,2053.09,2062.57,2032.13,865588,7233538,1373917955
2020-03-09,1954.77,-85.45,-4.19,1981.02,1989.5,1946.9,666868,8796944,1316427699
2020-03-10,1962.93,8.16,0.42,1942.85,1968.17,1934.72,638564,9133693,1321480461
2020-03-11,1908.27,-54.66,-2.78,1965.67,1967.7,1898.27,679716,8598097,1284895601
2020-03-12,1834.33,-73.94,-3.87,1887.97,1897.23,1808.56,850345,11309953,1235351152
2020-03-13,1771.44,-62.89,-3.43,1722.68,1809.31,1680.6,1035278,13376938,1193686837
2020-03-16,1714.86,-56.58,-3.19,1805.43,1805.43,1714.38,682004,8593833,1155216111
2020-03-17,1672.44,-42.42,-2.47,1640.84,1722.97,1637.88,649779,9709077,1126202984
2020-03-18,1591.2,-81.24,-4.86,1686.12,1693.95,1591.12,728008,9576387,1071788837
2020-03-19,1457.64,-133.56,-8.39,1626.09,1626.09,1439.43,977675,11932492,982169749
2020-03-20,1566.15,108.51,7.44,1498.49,1566.82,1466.48,817021,10632970,1054892888
2020-03-23,1482.46,-83.69,-5.34,1474.45,1516.75,1458.41,647528,9645272,998450498
2020-03-24,1609.97,127.51,8.6,1523.69,1609.97,1508.68,679288,10481448,1083695461
2020-03-25,1704.76,94.79,5.89,1668.19,1707.64,1645.28,872809,12612288,1147712135
2020-03-26,1686.24,-18.52,-1.09,1699.11,1735.75,1679.23,992474,12374198,1135741554
2020-03-27,1717.73,31.49,1.87,1756.07,1759.05,1668.21,1077527,12851933,1156581472
2020-03-30,1717.12,-0.61,-0.04,1670.34,1729.63,1659.95,767777,9081050,1155630477
2020-03-31,1754.64,37.52,2.19,1739.29,1757.81,1722.62,1037488,13905369,1179728723
2020-04-01,1685.46,-69.18,-3.94,1737.28,1762.44,1685.37,1243591,12110507,1133944054
2020-04-02,1724.86,39.4,2.34,1693.53,1726.76,1664.13,766313,10152245,1159987256
2020-04-03,1725.44,0.58,0.03,1731.17,1743.91,1706.68,1000087,10153714,1160743273
2020-04-06,1791.88,66.44,3.85,1745.25,1794.19,1742.67,1219389,10957483,1205000552
2020-04-07,1823.6,31.72,1.77,1826.72,1838.97,1791.92,951739,11628936,1226518732
2020-04-08,1807.14,-16.46,-0.9,1815.75,1842.16,1801.8,907494,11126542,1215858624
2020-04-09,1836.21,29.07,1.61,1838.09,1839.33,1818.3,920571,10517359,1235327684
2020-04-10,1860.7,24.49,1.33,1835.76,1861.1,1824.43,992548,12009989,1251445975
2020-04-13,1825.76,-34.94,-1.88,1853.3,1853.3,1825.76,1017752,9516704,1228226158
2020-04-14,1857.08,31.32,1.72,1846.41,1864.46,1837.17,886766,9995854,1248940314
2020-04-16,1857.07,-0.01,0,1839.51,1862.23,1828.13,878338,10710793,1248881506
2020-04-17,1914.53,57.46,3.09,1893.31,1926.02,1893.19,1667460,14127722,1287911931
2020-04-20,1898.36,-16.17,-0.84,1908.34,1925.25,1893.17,1087463,11915932,1276932686
2020-04-21,1879.38,-18.98,-1,1886.78,1898.32,1841.66,1174294,13863164,1263694526
2020-04-22,1896.15,16.77,0.89,1855.51,1897.9,1844.85,820360,9428673,1274786181
2020-04-23,1914.73,18.58,0.98,1907.45,1923.53,1895.98,683720,9124272,1287024851
2020-04-24,1889.01,-25.72,-1.34,1906.07,1908.29,1880.71,933917,9647344,1271159367
2020-04-27,1922.77,33.76,1.79,1897.06,1929.82,1894.62,735663,8171669,1293318257
2020-04-28,1934.09,11.32,0.59,1931.25,1941.79,1911.63,1173476,10375078,1300504429
2020-04-29,1947.56,13.47,0.7,1936.89,1957.51,1934.31,1984182,10525129,1309179248
2020-05-04,1895.37,-52.19,-2.68,1906.42,1918.66,1894.29,1146855,10261902,1274213042
2020-05-06,1928.76,33.39,1.76,1919.45,1928.76,1902.55,1082527,8550701,1296556106
2020-05-07,1928.61,-0.15,-0.01,1922,1938.5,1918.57,775658,7383335,1296095633
2020-05-08,1945.82,17.21,0.89,1944.94,1956.89,1942.54,784773,7941568,1307404236
2020-05-11,1935.4,-10.42,-0.54,1953.51,1960.46,1932.87,591283,7752761,1300769234
2020-05-12,1922.17,-13.23,-0.68,1938.62,1938.62,1905.17,799930,9681897,1291568130
2020-05-13,1940.42,18.25,0.95,1897.5,1940.42,1897.24,618784,9012308,1303464008
2020-05-14,1924.96,-15.46,-0.8,1922.44,1931.43,1913.49,760646,9469021,1292884145
2020-05-15,1927.28,2.32,0.12,1937.63,1938.59,1913.21,866357,9723313,1294619578
2020-05-18,1937.11,9.83,0.51,1934.51,1943.07,1921.14,761696,9394307,1301926005
2020-05-19,1980.61,43.5,2.25,1977.47,1983.77,1968.59,773415,11918300,1331835812
2020-05-20,1989.64,9.03,0.46,1972.12,1992.2,1972.12,699447,8248632,1337699454
2020-05-21,1998.31,8.67,0.44,2003.2,2004.95,1993,601199,8636998,1343561078
2020-05-22,1970.13,-28.18,-1.41,2001.6,2002.65,1961.4,847467,9509772,1324302793
2020-05-25,1994.6,24.47,1.24,1980.51,1994.9,1967.84,641459,7960325,1340826177
2020-05-26,2029.78,35.18,1.76,2001,2029.89,1997.94,1017804,12545314,1363735034
2020-05-27,2031.2,1.42,0.07,2027.9,2043.44,2019.82,1178848,12635098,1364678863
2020-05-28,2028.54,-2.66,-0.13,2047.08,2054.52,2003.75,1172134,14479213,1363293486
2020-05-29,2029.6,1.06,0.05,2018.37,2038.89,2006.62,1086215,14084590,1363450451
2020-06-01,2065.08,35.48,1.75,2037.04,2065.38,2035.63,997348,9839657,1387477879
2020-06-02,2087.19,22.11,1.07,2061.45,2089.43,2059.14,1000332,10232917,1402057228
2020-06-03,2147,59.81,2.87,2108.55,2156.55,2107.69,1152001,16998832,1442871666
2020-06-04,2151.18,4.18,0.19,2181.64,2191,2139.68,1393308,16034002,1446260120
2020-06-05,2181.87,30.69,1.43,2151.17,2187.25,2138.18,854591,12778906,1466769477
2020-06-08,2184.29,2.42,0.11,2215.6,2217.21,2174.96,854035,13145519,1468714984
2020-06-09,2188.92,4.63,0.21,2206.23,2212.17,2166.01,817085,14689861,1472051666
2020-06-10,2195.69,6.77,0.31,2187.91,2200.68,2178.12,706294,12888183,1476712868
2020-06-11,2176.78,-18.91,-0.86,2184.36,2200.72,2148.51,827381,16987058,1464392590
2020-06-12,2132.3,-44.48,-2.04,2088.24,2137.12,2084.63,689897,14960781,1434087758
2020-06-15,2030.82,-101.48,-4.76,2114.41,2129.67,2030.82,1072278,18242465,1366175254
2020-06-16,2138.05,107.23,5.28,2091.09,2138.08,2079.02,973639,13837057,1437701364
2020-06-17,2141.05,3,0.14,2133.18,2154.37,2105.26,927516,15458440,1440025502
2020-06-18,2133.48,-7.57,-0.35,2134.35,2145.13,2120.29,767184,11089871,1435518023
2020-06-19,2141.32,7.84,0.37,2153.09,2153.57,2108.91,1079453,12300498,1441080603
2020-06-22,2126.73,-14.59,-0.68,2126.38,2142.88,2122.1,789372,10098315,1430718937
2020-06-23,2131.24,4.51,0.21,2149.13,2158.15,2110.51,917567,13496081,1433435233
2020-06-24,2161.51,30.27,1.42,2145.93,2171.86,2143.91,913896,13324798,1453951201
2020-06-25,2112.37,-49.14,-2.27,2130.45,2143.33,2112.37,1017721,10692627,1420866478
2020-06-26,2134.65,22.28,1.05,2137.47,2142.04,2115.25,761044,9821160,1436168481
2020-06-29,2093.48,-41.17,-1.93,2105.54,2120.5,2087.84,643156,9025868,1408463552
2020-06-30,2108.33,14.85,0.71,2124.38,2134.38,2108.26,708605,11699083,1418860741
2020-07-01,2106.7,-1.63,-0.08,2128.81,2133.55,2101.33,1116221,10232632,1417280238
2020-07-02,2135.37,28.67,1.36,2116.72,2135.37,2113.98,1091965,10745168,1445664482
2020-07-03,2152.41,17.04,0.8,2147.89,2153.54,2135.3,770055,8649544,1456812255
2020-07-06,2187.93,35.52,1.65,2158.95,2191.28,2157.71,666902,11656295,1480948171
2020-07-07,2164.17,-23.76,-1.09,2202.04,2206.79,2164.03,847434,14858393,1465179698
2020-07-08,2158.88,-5.29,-0.24,2166.76,2173.83,2150.89,677810,11567569,1460994855
2020-07-09,2167.9,9.02,0.42,2171.15,2181.48,2166.74,619368,12029950,1467208749
2020-07-10,2150.25,-17.65,-0.81,2171.44,2171.52,2140.29,886987,12048058,1455781561
2020-07-13,2186.06,35.81,1.67,2170.51,2188.8,2163.07,650231,10462266,1479593286
2020-07-14,2183.61,-2.45,-0.11,2176.43,2183.61,2165.6,810952,11633360,1477856002
2020-07-15,2201.88,18.27,0.84,2208.73,2216.97,2190.66,830266,13641396,1490240355
2020-07-16,2183.76,-18.12,-0.82,2203.3,2207.34,2177.82,784637,11304254,1478307593
2020-07-17,2201.19,17.43,0.8,2187.85,2204.2,2187.85,569297,10191103,1490180654
2020-07-20,2198.2,-2.99,-0.14,2209.59,2209.59,2183.83,686819,12025004,1488358384
2020-07-21,2228.83,30.63,1.39,2219.19,2234.86,2214.28,918483,15759333,1509515194
2020-07-22,2228.66,-0.17,-0.01,2228.2,2238.86,2221.62,856218,15651893,1509717833
2020-07-23,2216.19,-12.47,-0.56,2227.24,2227.24,2202.99,934542,16328983,1501425782
2020-07-24,2200.44,-15.75,-0.71,2196.73,2219.57,2195.49,1001025,17156947,1490986232
2020-07-27,2217.86,17.42,0.79,2203.48,2231.25,2203.48,928625,14256877,1502710706
2020-07-28,2256.99,39.13,1.76,2238.19,2266,2237.21,866726,17516982,1530086534
2020-07-29,2263.16,6.17,0.27,2258.35,2276.79,2252.24,899494,15500572,1536196696
2020-07-30,2267.01,3.85,0.17,2275.33,2281.33,2263.81,713039,13550209,1539287193
2020-07-31,2249.37,-17.64,-0.78,2278.53,2281.41,2248.49,739689,13002293,1526798728
2020-08-03,2251.04,1.67,0.07,2251.65,2254.38,2237.04,648462,13612906,1528025691
2020-08-04,2279.97,28.93,1.29,2272.33,2284.66,2269.69,722906,15287235,1548269502
2020-08-05,2311.86,31.89,1.4,2289.23,2312.14,2283.95,841299,17883091,1569777969
2020-08-06,2342.61,30.75,1.33,2322.64,2352.48,2322.64,797147,17831686,1590672221
2020-08-07,2351.67,9.06,0.39,2349.25,2362.24,2333.62,812595,17585764,1598022872
2020-08-10,2386.38,34.71,1.48,2353.92,2390.51,2349.33,784617,19511322,1621675151
2020-08-11,2418.67,32.29,1.35,2396.11,2429.36,2396.11,843438,19680402,1643244636
2020-08-12,2432.35,13.68,0.57,2414.78,2432.35,2393.27,763735,16680056,1652303925
2020-08-13,2437.53,5.18,0.21,2455.28,2458.17,2412.49,907219,18250023,1656293275
2020-08-14,2407.49,-30.04,-1.23,2427.85,2435,2383.69,968125,16595686,1636857790
2020-08-18,2348.24,-59.25,-2.46,2405.84,2419.65,2336.78,909750,17572479,1596724897
2020-08-19,2360.54,12.3,0.52,2370.87,2380.1,2353.17,637965,12367503,1604983685
2020-08-20,2274.22,-86.32,-3.66,2339.91,2357.08,2270.85,903744,17101785,1546235567
2020-08-21,2304.59,30.37,1.34,2306.16,2329.34,2280.97,865736,14111672,1566780399
2020-08-24,2329.83,25.24,1.1,2309.38,2332.33,2283.48,649277,11654193,1583436465
2020-08-25,2366.73,36.9,1.58,2352.15,2369.78,2340.97,771585,13567980,1608120253
2020-08-26,2369.32,2.59,0.11,2367.74,2374.68,2336.98,956478,14435847,1610120509
2020-08-27,2344.45,-24.87,-1.05,2371.95,2373.36,2344.38,913917,15184934,1593246017
2020-08-28,2353.8,9.35,0.4,2362.22,2379.26,2345.28,1297312,15539938,1599550089
2020-08-31,2326.17,-27.63,-1.17,2377.09,2381.5,2326.06,1647818,19494384,1581099787
2020-09-01,2349.55,23.38,1.01,2340.19,2355.9,2331.23,1085245,16664315,1596297723
2020-09-02,2364.37,14.82,0.63,2363.43,2369.57,2341.29,1429273,15793103,1605940739
2020-09-03,2395.9,31.53,1.33,2383.26,2401.78,2382.23,981546,17420977,1627702404
2020-09-04,2368.25,-27.65,-1.15,2332.68,2371.02,2332.68,1351039,19692978,1609097990
2020-09-07,2384.22,15.97,0.67,2369.85,2387.49,2362.42,1197385,17183376,1620531148
2020-09-08,2401.91,17.69,0.74,2402.66,2407.56,2391.43,979357,17297864,1633223140
2020-09-09,2375.81,-26.1,-1.09,2372.53,2388.85,2369.12,946247,15502531,1615470589
2020-09-10,2396.48,20.67,0.87,2404.83,2406.68,2388.56,1064574,15782939,1630210829
2020-09-11,2396.69,0.21,0.01,2389.76,2397.56,2374,882880,12068892,1630532301
2020-09-14,2427.91,31.22,1.3,2418.33,2429.07,2410.79,963083,12021767,1652166907
2020-09-15,2443.58,15.67,0.65,2434.59,2444.57,2423.79,849969,11840594,1662644697
2020-09-16,2435.92,-7.66,-0.31,2442.72,2450.53,2429.94,772938,11855357,1657263235
2020-09-17,2406.17,-29.75,-1.22,2430.77,2437.02,2398.69,853740,14235036,1636916706
2020-09-18,2412.4,6.23,0.26,2413.53,2417.81,2396.33,756517,13965197,1640898100
2020-09-21,2389.39,-23.01,-0.95,2412.44,2427.17,2379.38,1041993,14215076,1625769303
2020-09-22,2332.59,-56.8,-2.38,2388.14,2388.49,2323.58,1051028,17896726,1587733596
2020-09-23,2333.24,0.65,0.03,2352.56,2354.46,2287.44,735042,13562935,1587924103
2020-09-24,2272.7,-60.54,-2.59,2295.62,2309.74,2268.88,714881,12469005,1547321103
2020-09-25,2278.79,6.09,0.27,2295.19,2296.36,2267.63,697962,10181604,1551915294
2020-09-28,2308.08,29.29,1.29,2301.16,2314.81,2291.32,605977,8971172,1571128314
2020-09-29,2327.89,19.81,0.86,2331.51,2339.83,2320.04,646218,9487147,1584465079
2020-10-05,2358,30.11,1.29,2330.55,2364.73,2327.83,763618,10682774,1604627372
2020-10-06,2365.9,7.9,0.34,2369.17,2378.28,2355.39,861755,11131424,1609944298
2020-10-07,2386.94,21.04,0.89,2350.82,2387.45,2347.82,737994,8971101,1624292282
2020-10-08,2391.96,5.02,0.21,2408.49,2409.01,2383.82,961726,12530442,1628133500
2020-10-12,2403.73,11.77,0.49,2404.18,2409.42,2393.74,843574,10693283,1636302269
2020-10-13,2403.15,-0.58,-0.02,2416.85,2418.89,2385.87,724920,10203178,1636705770
2020-10-14,2380.48,-22.67,-0.94,2403.74,2405.56,2375.54,901177,11018495,1621936204
2020-10-15,2361.21,-19.27,-0.81,2375.91,2376.73,2348.74,1165501,13029475,1617478082
2020-10-16,2341.53,-19.68,-0.83,2363.88,2370.73,2325.03,920205,11141460,1604041752
2020-10-19,2346.74,5.21,0.22,2352.92,2364.25,2344.77,931645,10490730,1607299316
2020-10-20,2358.41,11.67,0.5,2333.56,2358.41,2322.06,874293,11833548,1616230745
2020-10-21,2370.86,12.45,0.53,2363.03,2371.74,2356.32,812837,9864098,1624489277
2020-10-22,2355.05,-15.81,-0.67,2355.61,2360.22,2339.73,815612,9774989,1614311509
2020-10-23,2360.81,5.76,0.24,2364.84,2368.57,2344.49,890385,10724122,1618108162
2020-10-26,2343.91,-16.9,-0.72,2366.5,2374.5,2342.58,822268,11654274,1607185398
2020-10-27,2330.84,-13.07,-0.56,2328.66,2349.33,2321.23,666942,11269186,1598388910
2020-10-28,2345.26,14.42,0.62,2324.18,2345.46,2316.47,705770,8941028,1607471156
2020-10-29,2326.67,-18.59,-0.79,2312.34,2330.17,2299.91,509768,10357788,1594058109
2020-10-30,2267.15,-59.52,-2.56,2319.56,2320.2,2266.93,795585,11782118,1553004436
2020-11-02,2300.16,33.01,1.46,2276.61,2302.64,2267.95,678501,8514452,1575793150
2020-11-03,2343.31,43.15,1.88,2315.81,2344.77,2315.3,887445,10874229,1605475497
2020-11-04,2357.32,14.01,0.6,2361.32,2371.14,2339.95,986786,14835039,1614836760
2020-11-05,2413.79,56.47,2.4,2373.41,2413.79,2370.85,702037,12578752,1653392888
2020-11-06,2416.5,2.71,0.11,2421.79,2431.11,2404.97,825569,12579333,1655495907
2020-11-09,2447.2,30.7,1.27,2438.63,2459.15,2434.52,1354863,14847225,1676944569
2020-11-10,2452.83,5.63,0.23,2453.95,2457.94,2435.59,1464168,17981336,1681030953
2020-11-11,2485.87,33.04,1.35,2459.5,2488.04,2459.5,1272039,18307326,1703946067
2020-11-12,2475.62,-10.25,-0.41,2482.68,2488.79,2467.04,1278692,16420010,1698329618
2020-11-13,2493.87,18.25,0.74,2470.12,2495.77,2460.96,1072383,17043855,1710439788
2020-11-16,2543.03,49.16,1.97,2507.46,2546.37,2507.46,1239135,19088400,1744282188
2020-11-17,2539.15,-3.88,-0.15,2544.12,2556.09,2533.34,1267495,17795513,1742186196
2020-11-18,2545.64,6.49,0.26,2548.85,2553.95,2536.78,923504,13554048,1746416815
2020-11-19,2547.42,1.78,0.07,2536.89,2548.95,2529.53,976483,12515007,1747598155
2020-11-20,2553.5,6.08,0.24,2544.06,2558.21,2539.79,1129501,12266186,1752065080
2020-11-23,2602.59,49.09,1.92,2560.04,2605.58,2553.7,1649443,15763526,1786992048
2020-11-24,2617.76,15.17,0.58,2616.28,2628.52,2605.03,1364506,16886574,1797825355
2020-11-25,2601.54,-16.22,-0.62,2637.34,2642.26,2583.41,1410105,21795848,1786075295
2020-11-26,2625.91,24.37,0.94,2605.73,2625.97,2592.43,1387435,12714565,1803103425
2020-11-27,2633.45,7.54,0.29,2624.8,2635,2618.47,1196042,12641691,1808171429
2020-11-30,2591.34,-42.11,-1.6,2648.05,2648.66,2591.34,1311831,21231832,1779635400
2020-12-01,2634.25,42.91,1.66,2613.42,2638.87,2611.67,1151129,15947293,1809494578
2020-12-02,2675.9,41.65,1.58,2645.88,2677.26,2644.53,1076204,17506705,1838364843
2020-12-03,2696.22,20.32,0.76,2686.38,2696.22,2672.85,817066,15605054,1852628728
2020-12-04,2731.45,35.23,1.31,2705.34,2742.77,2705.34,1778897,19875836,1877444703
2020-12-07,2745.44,13.99,0.51,2738.11,2754.01,2711.42,1499265,17933012,1888221382
2020-12-08,2700.93,-44.51,-1.62,2745.13,2747.45,2700.92,1415240,17157199,1857599327
2020-12-09,2755.47,54.54,2.02,2703.3,2755.47,2703.3,1252305,17007606,1894556865
2020-12-10,2746.46,-9.01,-0.33,2750.34,2765.46,2718.7,1227651,20630647,1889374447
2020-12-11,2770.06,23.6,0.86,2754.16,2781.04,2754.16,1215239,18329100,1906299605
2020-12-14,2762.2,-7.86,-0.28,2769.43,2782.79,2755.29,1113631,17012253,1901627365
2020-12-15,2756.82,-5.38,-0.19,2763.65,2769.37,2735.08,1093523,15537969,1897677117
2020-12-16,2771.79,14.97,0.54,2763.64,2781.08,2761.5,1166638,13649677,1907811219
2020-12-17,2770.43,-1.36,-0.05,2769.89,2772.71,2742.25,1015484,16275329,1906419280
2020-12-18,2772.18,1.75,0.06,2770.95,2782.15,2762.8,1059144,19166225,1907350242
2020-12-21,2778.65,6.47,0.23,2771.98,2780.24,2747.09,1139514,18972231,1911737301
2020-12-22,2733.68,-44.97,-1.62,2772.03,2774.22,2733.64,1260762,19881378,1881809988
2020-12-23,2759.82,26.14,0.96,2737.74,2769.08,2716.28,1121347,20281218,1901461519
2020-12-24,2806.86,47.04,1.7,2762.6,2812.16,2762.6,1030890,19984695,1936826862
2020-12-28,2808.6,1.74,0.06,2820.95,2834.59,2799.56,1006250,24197781,1938374378
2020-12-29,2820.51,11.91,0.42,2810.55,2823.44,2792.06,1046839,19299049,1944111086
2020-12-30,2873.47,52.96,1.88,2820.36,2878.21,2809.35,1074033,17928855,1980543162
2021-01-04,2944.45,70.98,2.47,2874.5,2946.54,2869.11,1026510,25011394,2028846032
2021-01-05,2990.57,46.12,1.57,2943.67,2990.57,2921.84,1519912,26548380,2059743508
2021-01-06,2968.21,-22.36,-0.75,2993.34,3027.16,2961.37,1793419,29909396,2044102754
2021-01-07,3031.68,63.47,2.14,2980.75,3055.28,2980.75,1524655,27182807,2086578562
2021-01-08,3152.18,120.5,3.97,3040.11,3161.11,3040.11,1297903,40909490,2170537648
2021-01-11,3148.45,-3.73,-0.12,3161.9,3266.23,3096.19,1712526,44433772,2171629412
2021-01-12,3125.95,-22.5,-0.71,3145.87,3154.79,3047.56,1390618,31407397,2155702540
2021-01-13,3148.29,22.34,0.71,3128.26,3164.37,3109.63,1578042,24725590,2169378970
2021-01-14,3149.93,1.64,0.05,3148.65,3159.03,3128.72,1233183,24122957,2170678334
2021-01-15,3085.9,-64.03,-2.03,3153.84,3189.9,3085.9,1331079,23162292,2127886649
2021-01-18,3013.93,-71.97,-2.33,3079.9,3079.9,3003.89,1472049,23186884,2077227073
2021-01-19,3092.66,78.73,2.61,3013.05,3107,3011.32,1353312,24190453,2131564250
2021-01-20,3114.55,21.89,0.71,3115.04,3145.01,3077.15,1192695,24628057,2146526770
2021-01-21,3160.84,46.29,1.49,3123.27,3163.21,3123.27,1360065,25279965,2179020943
2021-01-22,3140.63,-20.21,-0.64,3163.83,3185.26,3140.6,1111223,24305356,2165993243
2021-01-25,3208.99,68.36,2.18,3144.01,3212.22,3142.8,1093653,21172003,2212081519
2021-01-26,3140.31,-68.68,-2.14,3203.96,3209.18,3132.67,873024,21874954,2165657737
2021-01-27,3122.56,-17.75,-0.57,3143.46,3182.53,3118.89,924582,20147107,2152860460
2021-01-28,3069.05,-53.51,-1.71,3114.98,3114.98,3046.64,1310455,23007883,2115667110
2021-01-29,2976.21,-92.84,-3.03,3078.73,3100.22,2962.7,995071,24350307,2051302353
2021-02-01,3056.53,80.32,2.7,2976.81,3056.87,2947.24,969262,20724667,2104888955
2021-02-02,3096.81,40.28,1.32,3065.56,3138.95,3065.56,887314,19143871,2134009403
2021-02-03,3129.68,32.87,1.06,3108.42,3142.26,3091.85,901789,22427782,2158359679
2021-02-04,3087.55,-42.13,-1.35,3135.02,3135.02,3068.46,1460946,20648473,2130412929
2021-02-05,3120.63,33.08,1.07,3098.49,3124.62,3081.78,1193487,19789811,2154425469
2021-02-08,3091.24,-29.39,-0.94,3113.63,3128.54,3085.59,1277207,19312220,2132984549
2021-02-09,3084.67,-6.57,-0.21,3102.25,3129.66,3084.67,2145388,18389342,2129174908
2021-02-10,3100.58,15.91,0.52,3088.13,3111.88,3064.25,2152917,18333692,2140181514
2021-02-15,3147,46.42,1.5,3108.7,3156.56,3108.7,1604653,16944151,2172563782
2021-02-16,3163.25,16.25,0.52,3151.85,3180.94,3145.84,1944396,17171321,2184114152
2021-02-17,3133.73,-29.52,-0.93,3162.95,3162.95,3115.48,1784127,16846121,2162973198
2021-02-18,3086.66,-47.07,-1.5,3131.74,3140.4,3086.66,1860567,18141180,2130240936
2021-02-19,3107.62,20.96,0.68,3089.96,3109.67,3040.28,3455505,19720470,2145756604
2021-02-22,3079.75,-27.87,-0.9,3114.03,3142.48,3079.16,1831956,18224657,2126152211
2021-02-23,3070.09,-9.66,-0.31,3069.26,3094.29,3035.46,2357759,17661158,2118916098
2021-02-24,2994.98,-75.11,-2.45,3070.58,3092.05,2993.46,1560931,21519851,2067821072
2021-02-25,3099.69,104.71,3.5,3026.47,3099.8,3026.47,1280086,17213951,2139066413
2021-02-26,3012.95,-86.74,-2.8,3089.49,3089.49,2988.28,1361310,21504876,2079822287
2021-03-02,3043.87,30.92,1.03,3021.68,3096.5,3020.74,1749871,18852145,2100892200
2021-03-03,3082.99,39.12,1.29,3041.2,3083.04,3029.37,2236688,14714276,2127504522
2021-03-04,3043.49,-39.5,-1.28,3076.88,3076.88,3022.54,1278952,17149583,2100388462
2021-03-05,3026.26,-17.23,-0.57,3036.16,3036.98,2982.45,1187226,16767185,2089548989
2021-03-08,2996.11,-30.15,-1,3031.99,3055.65,2992.64,1928302,15786853,2069285179
2021-03-09,2976.12,-19.99,-0.67,2989.96,3000.49,2929.36,1534218,18419499,2056078963
2021-03-10,2958.12,-18,-0.6,2980.76,3013.95,2951.53,905647,13586638,2043540146
2021-03-11,3013.7,55.58,1.88,2964.3,3028.37,2964.3,1349204,16024120,2081131560
2021-03-12,3054.39,40.69,1.35,3030.73,3061.43,3030.73,1669085,13112979,2108739012
2021-03-15,3045.71,-8.68,-0.28,3057.06,3065.17,3036.14,1161784,12580944,2103490190
2021-03-16,3067.17,21.46,0.7,3049.23,3071.54,3049.23,1123922,12930136,2118221348
2021-03-17,3047.5,-19.67,-0.64,3067.76,3069.57,3027.2,814991,13933301,2104611972
2021-03-18,3066.01,18.51,0.61,3054.93,3090.19,3054.93,1232596,15133172,2131746122
2021-03-19,3039.53,-26.48,-0.86,3063.01,3063.01,3022.49,1068468,16337600,2113198643
2021-03-22,3035.46,-4.07,-0.13,3040.01,3048.11,3019.6,915739,13348889,2111019309
2021-03-23,3004.74,-30.72,-1.01,3038.25,3058.79,3003.05,1331210,16167128,2090378385
2021-03-24,2996.35,-8.39,-0.28,2996.32,3006.54,2971.04,978431,13400025,2088782705
2021-03-25,3008.33,11.98,0.4,2995.67,3024.63,2987.83,940354,13434688,2097224019
2021-03-26,3041.01,32.68,1.09,3012.79,3041.86,3012.79,1036383,15837825,2119963830
2021-03-29,3036.04,-4.97,-0.16,3047.71,3054.21,3025.39,1288846,16736098,2116791654
2021-03-30,3070,33.96,1.12,3038.44,3074.57,3038.44,1023075,14149217,2139668811
2021-03-31,3061.42,-8.58,-0.28,3073.39,3093.89,3061.4,1146989,14537438,2133373184
2021-04-01,3087.4,25.98,0.85,3073.77,3090.88,3069.68,922680,14035774,2151569269
2021-04-02,3112.8,25.4,0.82,3104.72,3121.58,3101.6,792705,13442351,2169819699
2021-04-05,3120.83,8.03,0.26,3121.23,3127.2,3101.86,1084792,13010540,2175988045
2021-04-06,3127.08,6.25,0.2,3123.8,3139.29,3110.19,1279017,13676602,2180839058
2021-04-07,3137.41,10.33,0.33,3129.07,3146.19,3125.33,1984774,14490177,2187857006
2021-04-08,3143.26,5.85,0.19,3137.25,3145.81,3122.09,1357293,17080031,2190897559
2021-04-09,3131.88,-11.38,-0.36,3146.51,3156.04,3125.24,1823162,15093695,2183407708
2021-04-12,3135.59,3.71,0.12,3134.88,3147.27,3127.91,1048783,13288261,2186336552
2021-04-13,3169.08,33.49,1.07,3138.21,3173.26,3136.99,1741348,16363773,2209344454
2021-04-14,3182.38,13.3,0.42,3169.95,3188.32,3162.12,1776265,15552014,2219837253
2021-04-15,3194.33,11.95,0.38,3180.73,3204.48,3178.99,1312992,17671287,2227893249
2021-04-16,3198.62,4.29,0.13,3194.08,3206.76,3185.67,985278,15542111,2230863451
2021-04-19,3198.84,0.22,0.01,3201.11,3214.45,3193.4,1060619,15378169,2231246758
2021-04-20,3220.7,21.86,0.68,3198.31,3220.82,3195.96,1296160,14508206,2246496867
2021-04-21,3171.66,-49.04,-1.52,3214.24,3214.24,3165.49,1767091,16916024,2212715486
2021-04-22,3177.52,5.86,0.18,3174.52,3196.97,3174.52,1752692,14862862,2217699634
2021-04-23,3186.1,8.58,0.27,3173.47,3188.7,3146.54,2253793,15653206,2223584747
2021-04-26,3217.53,31.43,0.99,3191.34,3217.53,3191.34,1298330,15753768,2244296748
2021-04-27,3215.42,-2.11,-0.07,3218.3,3223.05,3203.25,1534230,17177221,2242791906
2021-04-28,3181.47,-33.95,-1.06,3217.21,3219.69,3176.55,1412621,18379829,2219525997
2021-04-29,3174.07,-7.4,-0.23,3184.75,3200.41,3161.06,1222430,19126667,2214470771
2021-04-30,3147.86,-26.21,-0.83,3176.43,3179.43,3143.38,1359455,19207526,2196644814
2021-05-03,3127.2,-20.66,-0.66,3149.05,3174.26,3120.7,1041199,16975831,2183279571
2021-05-04,3147.37,20.17,0.64,3131.39,3147.38,3109.78,1283830,15962437,2197169422
2021-05-06,3178.74,31.37,1,3147.72,3178.74,3133.64,1239403,16626445,2218596989
2021-05-07,3197.2,18.46,0.58,3179.63,3205.11,3179.63,989680,15206303,2231754453
2021-05-10,3249.3,52.1,1.63,3201.46,3255.9,3201.46,1011267,17187182,2267392610
2021-05-11,3209.43,-39.87,-1.23,3239.92,3239.92,3192.25,1096718,21883490,2250813286
2021-05-12,3161.66,-47.77,-1.49,3209.36,3212.83,3138.04,1424059,22458066,2217704460
2021-05-13,3122.11,-39.55,-1.25,3146.97,3161.93,3103.88,1095948,21059804,2187284901
2021-05-14,3153.32,31.21,1,3131.35,3162.31,3131.35,836404,14493544,2209898270
2021-05-17,3134.52,-18.8,-0.6,3163.21,3173.01,3121.32,771306,14552524,2197146071
2021-05-18,3173.05,38.53,1.23,3135.38,3176.4,3135.38,786143,13898610,2223050434
2021-05-20,3162.28,-10.77,-0.34,3174.53,3174.53,3140.48,774252,13719657,2215262489
2021-05-21,3156.42,-5.86,-0.19,3171.91,3198.01,3149.46,797262,14789457,2211878674
2021-05-24,3144.3,-12.12,-0.38,3155.91,3163.27,3137.81,587968,11604047,2203296528
2021-05-25,3171.32,27.02,0.86,3152.93,3173.1,3148.3,612977,11728027,2222161158
2021-05-26,3168.43,-2.89,-0.09,3171.91,3183.97,3160.3,1269999,13173016,2220195702
2021-05-27,3165.51,-2.92,-0.09,3170.84,3173.86,3142.37,1082006,20682335,2213264037
2021-05-28,3188.73,23.22,0.73,3172.09,3198.66,3171.85,966368,13533299,2229262136
2021-05-31,3203.92,15.19,0.48,3192.06,3204.29,3179.87,1123525,14017446,2240204442
2021-06-01,3221.87,17.95,0.56,3207.12,3233.17,3199.18,1472571,15270804,2252414412
2021-06-02,3224.23,2.36,0.07,3224.4,3241.07,3216.1,1495671,17740842,2253801397
2021-06-03,3247.43,23.2,0.72,3224.96,3258.5,3224.96,1584799,16890462,2271047146
2021-06-04,3240.08,-7.35,-0.23,3246.17,3246.19,3218.67,1392320,16051031,2266301575
2021-06-07,3252.12,12.04,0.37,3244.59,3264.41,3233.4,1733348,19023222,2274803756
2021-06-08,3247.83,-4.29,-0.13,3251.83,3264.67,3242.56,1951319,19352174,2271737874
2021-06-09,3216.18,-31.65,-0.97,3245.08,3246.49,3216.18,1964923,17164710,2250239308
2021-06-10,3224.64,8.46,0.26,3216.94,3235.39,3210.31,1896766,19170540,2255706784
2021-06-11,3249.32,24.68,0.77,3226.98,3251.58,3226.98,1645509,17956257,2272865086
2021-06-14,3252.13,2.81,0.09,3249.6,3254.49,3238.51,1664527,15262485,2274655820
2021-06-15,3258.63,6.5,0.2,3253.17,3262.8,3247.9,1734497,14838275,2279093890
2021-06-16,3278.68,20.05,0.62,3259.06,3281.96,3256.68,2345811,16297981,2293095237
2021-06-17,3264.96,-13.72,-0.42,3276.2,3276.2,3251.32,1848671,14672133,2283628537
2021-06-18,3267.93,2.97,0.09,3265.68,3275.76,3262.58,1627658,17492732,2285587402
2021-06-21,3240.79,-27.14,-0.83,3264.18,3264.18,3225.56,1508634,17291260,2266650211
2021-06-22,3263.88,23.09,0.71,3245.79,3267.63,3245.79,1666697,15512033,2283310827
2021-06-23,3276.19,12.31,0.38,3265.73,3281.88,3263.07,1069175,17865269,2292900832
2021-06-24,3286.1,9.91,0.3,3281.47,3292.27,3277.85,1301271,21426510,2300141383
2021-06-25,3302.84,16.74,0.51,3289.18,3316.08,3289.18,1198188,18618608,2312030311
2021-06-28,3301.89,-0.95,-0.03,3305.46,3311.69,3291.3,1428764,13796056,2311642031
2021-06-29,3286.68,-15.21,-0.46,3305.26,3305.42,3276.63,1213047,15509503,2300482291
2021-06-30,3296.68,10,0.3,3288.63,3305.73,3288.63,1610376,15646662,2307579219
2021-07-01,3282.06,-14.62,-0.44,3297.92,3300.12,3278.1,1159231,16075975,2297428890
2021-07-02,3281.78,-0.28,-0.01,3282.81,3295.68,3278.19,1019998,15437887,2296886523
2021-07-05,3293.21,11.43,0.35,3285.29,3298.93,3285.29,850406,14529926,2305240405
2021-07-06,3305.21,12,0.36,3295.44,3313.51,3295.44,1029465,14686383,2314417370
2021-07-07,3285.34,-19.87,-0.6,3303.59,3303.59,3277.66,1147641,14507060,2300642186
2021-07-08,3252.68,-32.66,-0.99,3287.68,3295.71,3252.41,1516034,16870624,2277841604
2021-07-09,3217.95,-34.73,-1.07,3245.52,3245.52,3188.8,1308365,16473106,2253697508
2021-07-12,3246.47,28.52,0.89,3227.51,3251.45,3227.51,1135043,11280079,2273494421
2021-07-13,3271.38,24.91,0.77,3253.24,3273.9,3253.24,1150101,13494446,2290584923
2021-07-14,3264.81,-6.57,-0.2,3270.09,3270.09,3250.45,908954,12993101,2286388813
2021-07-15,3286.22,21.41,0.66,3269.33,3286.58,3263.09,1172431,13683901,2301050678
2021-07-16,3276.91,-9.31,-0.28,3282.89,3282.89,3259.32,1066507,14781319,2304505795
2021-07-19,3244.04,-32.87,-1,3258.87,3258.87,3236.39,1095559,12855281,2281788153
2021-07-20,3232.7,-11.34,-0.35,3223.24,3234.8,3214.42,979670,15292372,2273800450
2021-07-21,3215.91,-16.79,-0.52,3251.13,3252.25,3215.91,990327,14864748,2262423630
2021-07-22,3250.21,34.3,1.07,3235.17,3253.75,3235.17,712983,13039250,2286455397
2021-07-23,3254.42,4.21,0.13,3253.44,3264.01,3246.09,805048,13209383,2288976880
2021-07-26,3224.95,-29.47,-0.91,3265.99,3265.99,3224.95,826067,12212491,2268644077
2021-07-27,3232.53,7.58,0.24,3244.43,3252.85,3230.75,991939,12348469,2273599243
2021-07-28,3236.86,4.33,0.13,3226.06,3243.21,3210.9,868603,11979297,2276373997
2021-07-29,3242.65,5.79,0.18,3248.49,3252.26,3232.5,694823,10491307,2280494339
2021-07-30,3202.32,-40.33,-1.24,3234.37,3234.66,3202.32,687861,12808243,2252545492
2021-08-02,3223.04,20.72,0.65,3218.42,3223.04,3194,561003,10237986,2267461203
2021-08-03,3237.14,14.1,0.44,3221.57,3237.14,3213.2,653513,12491381,2278025799
2021-08-04,3280.38,43.24,1.34,3246.65,3283.14,3237.55,632242,12357120,2308134805
2021-08-05,3276.13,-4.25,-0.13,3283.25,3296.17,3273.33,680941,11877709,2305637212
2021-08-06,3270.36,-5.77,-0.18,3277.06,3288.17,3261.93,941361,15455404,2334628994
2021-08-09,3260.42,-9.94,-0.3,3258.1,3275.15,3251.74,707654,15732538,2329309985
2021-08-10,3243.19,-17.23,-0.53,3272.44,3272.44,3232.46,730349,21657925,2339206516
2021-08-11,3220.62,-22.57,-0.7,3235.36,3250.21,3217.65,618093,19193401,2322607459
2021-08-12,3208.38,-12.24,-0.38,3213.58,3229.59,3202.11,643283,20403906,2313093348
2021-08-13,3171.29,-37.09,-1.16,3205.75,3209.72,3146.76,696468,20201969,2285376012
2021-08-17,3143.09,-28.2,-0.89,3169.74,3179.49,3134.48,690842,22241588,2265401557
2021-08-18,3158.93,15.84,0.5,3141.98,3175.88,3124.56,622792,16752627,2276820395
2021-08-19,3097.83,-61.1,-1.93,3140.01,3158,3097.83,655629,17170844,2235216708
2021-08-20,3060.51,-37.32,-1.2,3111.1,3122.09,3049.03,672088,16450580,2209662899
2021-08-23,3090.21,29.7,0.97,3086.81,3111.81,3064.65,570980,13424033,2230738569
2021-08-24,3138.3,48.09,1.56,3119.7,3142.58,3115.23,586535,14946074,2266706992
2021-08-25,3146.81,8.51,0.27,3148.13,3161,3124.25,624688,13365596,2272311235
2021-08-26,3128.53,-18.28,-0.58,3151.3,3159.37,3121.04,727719,13335288,2259280094
2021-08-27,3133.9,5.37,0.17,3116.29,3143.01,3106.97,520669,11039934,2262422712
2021-08-30,3144.19,10.29,0.33,3160.87,3164.87,3132.77,602858,11758710,2269580866
2021-08-31,3199.27,55.08,1.75,3144.49,3199.89,3130.3,661221,15863630,2309062613
2021-09-01,3207.02,7.75,0.24,3195.67,3215.13,3185.8,746705,13537908,2317655772
2021-09-02,3175.85,-31.17,-0.97,3198.03,3204.01,3171.78,757860,15378375,2297103342
2021-09-03,3201.06,25.21,0.79,3189.71,3203.08,3181.64,641510,13110992,2315800431
2021-09-06,3203.33,2.27,0.07,3196.3,3206.25,3186.79,726190,12313477,2318348874
2021-09-07,3187.42,-15.91,-0.5,3200.07,3201.76,3176.81,760160,11943337,2306637033
2021-09-08,3162.99,-24.43,-0.77,3178.74,3187.55,3157.07,859889,17302711,2290248707
2021-09-09,3114.7,-48.29,-1.53,3146.64,3158.6,3111.49,927369,17787105,2256111112
2021-09-10,3125.76,11.06,0.36,3121.09,3131.54,3103.38,723085,13566490,2262866817
2021-09-13,3127.86,2.1,0.07,3117.35,3139.13,3109.01,732270,13505433,2264159333
2021-09-14,3148.83,20.97,0.67,3137.32,3164.31,3137.32,713227,15787292,2280258289
2021-09-15,3153.4,4.57,0.15,3147.21,3164.01,3138.8,616557,12162694,2284157741
2021-09-16,3130.09,-23.31,-0.74,3165.38,3167.68,3126.65,612873,12259518,2267220040
2021-09-17,3140.51,10.42,0.33,3127.75,3142.13,3112.51,589244,14937658,2284484861
2021-09-23,3127.58,-12.93,-0.41,3123.64,3131.63,3107.98,623841,14009138,2275325270
2021-09-24,3125.24,-2.34,-0.07,3140.73,3146.86,3119.4,753222,12558236,2273591460
2021-09-27,3133.64,8.4,0.27,3121.7,3146.35,3119.26,883229,12266967,2279894818
2021-09-28,3097.92,-35.72,-1.14,3133.4,3134.46,3095.72,894913,14658731,2254315886
2021-09-29,3060.27,-37.65,-1.22,3055.5,3069.04,3030.6,821558,15137008,2226722697
2021-09-30,3068.82,8.55,0.28,3054.87,3079.43,3046.43,885819,14942854,2231957338
2021-10-01,3019.18,-49.64,-1.62,3056.21,3062.6,3015.01,855482,12944006,2195489102
2021-10-05,2962.17,-57.01,-1.89,2998.17,2998.17,2940.59,840557,15315537,2153672546
2021-10-06,2908.31,-53.86,-1.82,2986.06,2993.47,2908.3,901722,15668592,2114932681
2021-10-07,2959.46,51.15,1.76,2936.87,2961.53,2927.6,595382,11906737,2151410767
2021-10-08,2956.3,-3.16,-0.11,2977.82,2978.08,2949.01,668947,12634091,2150115811
2021-10-12,2916.38,-39.92,-1.35,2950.22,2950.94,2901.51,660181,12767650,2120560982
2021-10-13,2944.41,28.03,0.96,2913.34,2953.33,2909.47,752132,12294514,2141374217
2021-10-14,2988.64,44.23,1.5,2968.87,2988.97,2962.33,617170,12064564,2172764571
2021-10-15,3015.06,26.42,0.88,3012.62,3021.9,2999.33,857798,12540973,2192125725
2021-10-18,3006.68,-8.38,-0.28,3017.48,3021.17,2990.44,926369,10649949,2186010002
2021-10-19,3029.04,22.36,0.74,3022.23,3034.53,3014.19,845704,10112026,2202301797
2021-10-20,3013.13,-15.91,-0.53,3043.13,3047.24,3012.97,680327,11178213,2191094043
2021-10-21,3007.33,-5.8,-0.19,3012.28,3025.88,3002.74,887370,10572398,2185679891
2021-10-22,3006.16,-1.17,-0.04,3005.36,3018.7,2996.26,695273,9047263,2184542201
2021-10-25,3020.54,14.38,0.48,3001.1,3025.27,2983.29,791796,10489294,2194484567
2021-10-26,3049.08,28.54,0.94,3039.82,3051.65,3030.53,564560,9512682,2215757780
2021-10-27,3025.49,-23.59,-0.77,3045.83,3049.02,3019,607875,10220673,2198753266
2021-10-28,3009.55,-15.94,-0.53,3023.17,3034.42,3009.55,617257,12367618,2188063339
2021-10-29,2970.68,-38.87,-1.29,3025.67,3030.17,2965.4,545834,11035682,2159375927
2021-11-01,2978.94,8.26,0.28,2984.18,2991.81,2976.87,475382,9410799,2166070210
2021-11-02,3013.49,34.55,1.16,2995.58,3034.3,2995.58,525853,9662968,2191376531
2021-11-03,2975.71,-37.78,-1.25,3020.36,3020.87,2969.01,658648,12438268,2189540503
2021-11-04,2983.22,7.51,0.25,3000.92,3011.56,2978.07,772024,14658520,2195428830
2021-11-05,2969.27,-13.95,-0.47,3003.53,3003.53,2953.96,688028,12669723,2185189386
2021-11-08,2960.2,-9.07,-0.31,2965.36,2968.18,2930.9,560205,10388089,2178020380
2021-11-09,2962.46,2.26,0.08,2958.15,2987.28,2949.17,708773,9684977,2180787959
2021-11-10,2930.17,-32.29,-1.09,2947.46,2958.61,2924.36,570932,9663221,2157022730
2021-11-11,2924.92,-5.25,-0.18,2911.41,2925.19,2903.72,572859,13468396,2153082343
2021-11-12,2968.8,43.88,1.5,2945.95,2973.84,2938.27,665733,12472956,2185439468
2021-11-15,2999.52,30.72,1.03,2989.68,3003.71,2979.96,639396,11402053,2207950545
2021-11-16,2997.21,-2.31,-0.08,2995.68,3011.88,2985.34,579646,11101213,2208638226
2021-11-17,2962.42,-34.79,-1.16,3004.02,3004.67,2957.7,541490,10661680,2183852304
2021-11-18,2947.38,-15.04,-0.51,2959.26,2964.48,2937.53,541653,10119317,2173103105
2021-11-19,2971.02,23.64,0.8,2951.06,2974.64,2948.07,657094,11002169,2192237375
2021-11-22,3013.25,42.23,1.42,2983.38,3018.01,2980.73,530959,12945533,2225325425
2021-11-23,2997.33,-15.92,-0.53,3013.16,3016.36,2992.14,524233,10830504,2213806548
2021-11-24,2994.29,-3.04,-0.1,3006.34,3017.9,2981.02,556640,10963459,2210804289
2021-11-25,2980.27,-14.02,-0.47,2996.74,2996.74,2973.24,595970,9401091,2199950623
2021-11-26,2936.44,-43.83,-1.47,2973.04,2985.77,2930.31,595598,11901298,2167444597
2021-11-29,2909.32,-27.12,-0.92,2906.15,2930.22,2890.78,844400,13092783,2148359053
2021-11-30,2839.01,-70.31,-2.42,2932.71,2942.93,2822.73,983556,19852271,2095821072
2021-12-01,2899.72,60.71,2.14,2860.12,2905.74,2837.03,563927,12534485,2143338152
2021-12-02,2945.27,45.55,1.57,2874.64,2945.27,2874.64,534462,11918441,2176914270
2021-12-03,2968.33,23.06,0.78,2935.93,2975.44,2927.55,486749,10344373,2192835466
2021-12-06,2973.25,4.92,0.17,2954.82,2983.5,2932.49,479908,9657402,2197379064
2021-12-07,2991.72,18.47,0.62,2973.84,2992.31,2960.9,541370,10215647,2211216991
2021-12-08,3001.8,10.08,0.34,3017.93,3036.13,2995.34,488246,11115221,2218153437
2021-12-09,3029.57,27.77,0.93,3007,3029.57,3001.55,513446,12614031,2238777012
2021-12-10,3010.23,-19.34,-0.64,3008.7,3017.64,2998.29,451599,8434891,2225643250
2021-12-13,3001.66,-8.57,-0.28,3019.67,3043.83,3000.51,375828,8629449,2219441357
2021-12-14,2987.95,-13.71,-0.46,2983.95,3001.7,2976.16,581570,9856790,2209778034
2021-12-15,2989.39,1.44,0.05,2979.83,2992.3,2973,432874,8253059,2210896375
2021-12-16,3006.41,17.02,0.57,3013.26,3018.2,2989.63,402825,8524314,2223256396
2021-12-17,3017.73,11.32,0.38,2985.2,3017.73,2984.19,451824,11650003,2231055479
2021-12-20,2963,-54.73,-1.81,3001.33,3001.33,2962.07,377585,8621306,2191456184
2021-12-21,2975.03,12.03,0.41,2981.67,2984.56,2955.9,410980,9108501,2200896110
2021-12-22,2984.48,9.45,0.32,2993.5,3000.79,2976.65,461755,8835650,2208300471
2021-12-23,2998.17,13.69,0.46,2998.02,3000.7,2980.91,483839,9319627,2218653457
2021-12-24,3012.43,14.26,0.48,3009.48,3025.77,3009.48,537548,8583473,2230019406
2021-12-27,2999.55,-12.88,-0.43,3013.94,3017.31,2999.3,475363,8280395,2221527069
2021-12-28,3020.24,20.69,0.69,3006.77,3020.29,2991.55,607046,12096894,2237623537
2021-12-29,2993.29,-26.95,-0.89,3002.9,3007.72,2988.67,545832,10908667,2215462632
2021-12-30,2977.65,-15.64,-0.52,2999.75,3005.36,2975.74,461038,8727458,2203366546
2022-01-03,2988.77,11.12,0.37,2998.32,3010.77,2979.42,435826,8193887,2211373367
2022-01-04,2989.24,0.47,0.02,2991.97,2995.25,2973.08,621549,9991474,2212087920
2022-01-05,2953.97,-35.27,-1.18,2984.05,2986.2,2936.73,787346,15428423,2186715367
2022-01-06,2920.53,-33.44,-1.13,2925.4,2952.54,2915.38,786045,13297135,2162437324
2022-01-07,2954.89,34.36,1.18,2933.78,2959.03,2933.1,546172,10582421,2187560534
2022-01-10,2926.72,-28.17,-0.95,2947.37,2951.12,2910.9,477400,10397828,2166763875
2022-01-11,2927.38,0.66,0.02,2930.93,2943.57,2909.82,566172,10646542,2168032047
2022-01-12,2972.48,45.1,1.54,2950.78,2972.58,2950.31,519501,10895354,2200967250
2022-01-13,2962.09,-10.39,-0.35,2979.91,2982.14,2958.39,604871,11458979,2193799600
2022-01-14,2921.92,-40.17,-1.36,2937.61,2944.97,2914.73,532668,10799738,2164996763
2022-01-17,2890.1,-31.82,-1.09,2918.55,2919.67,2875.98,593261,10396513,2141590251
2022-01-18,2864.24,-25.86,-0.89,2898.98,2902.79,2857.26,554041,10040965,2121897006
2022-01-19,2842.28,-21.96,-0.77,2840.34,2871.79,2832.18,463829,9649067,2105223650
2022-01-20,2862.68,20.4,0.72,2842.28,2862.7,2830.97,395669,8872018,2119405878
2022-01-21,2834.29,-28.39,-0.99,2837.49,2847.95,2817.11,532753,10718108,2098926813
2022-01-24,2792,-42.29,-1.49,2823.76,2828.11,2780.68,473993,9304491,2068283398
2022-01-25,2720.39,-71.61,-2.56,2786.41,2789.62,2703.99,639959,11700945,2016270364
2022-01-26,2709.24,-11.15,-0.41,2729.75,2744.14,2708.1,472651,8978727,2007683222
2022-01-27,2614.49,-94.75,-3.5,2709.24,2722.86,2614.49,487727,20548835,2056788549
2022-01-28,2663.34,48.85,1.87,2617.87,2668.59,2591.53,434187,13753057,2094859102
2022-02-03,2707.82,44.48,1.67,2706.34,2735.34,2702.78,435710,12472536,2129673299
2022-02-04,2750.26,42.44,1.57,2714.83,2751.8,2712.87,536149,11393256,2162189762
2022-02-07,2745.06,-5.2,-0.19,2750.7,2750.7,2718.94,417838,11291948,2157575112
2022-02-08,2746.47,1.41,0.05,2767.76,2779.85,2726.72,560534,11785877,2158494534
2022-02-09,2768.85,22.38,0.81,2772.63,2773.38,2753.51,539124,10337571,2176095838
2022-02-10,2771.93,3.08,0.11,2787.44,2788.27,2761.76,509611,12776154,2179937247
2022-02-11,2747.71,-24.22,-0.87,2739.14,2766.7,2735.08,480520,10992603,2161381267
2022-02-14,2704.48,-43.23,-1.57,2715.1,2724.72,2688.24,616343,11579387,2126853150
2022-02-15,2676.54,-27.94,-1.03,2712.45,2716.45,2665.47,589039,9435834,2104887624
2022-02-16,2729.68,53.14,1.99,2719.61,2730.43,2711.34,422366,8389883,2146197286
2022-02-17,2744.09,14.41,0.53,2735.11,2770.66,2711.99,611422,11812905,2157575548
2022-02-18,2744.52,0.43,0.02,2714.52,2747.08,2711.88,513521,8508342,2157425759
2022-02-21,2743.8,-0.72,-0.03,2706.65,2746.62,2694.9,495301,7896734,2156626849
2022-02-22,2706.79,-37.01,-1.35,2705.08,2721.84,2690.09,648401,10590490,2127945076
2022-02-23,2719.53,12.74,0.47,2727.43,2729.56,2705.31,537841,9138534,2137367310
2022-02-24,2648.8,-70.73,-2.6,2689.28,2694.55,2642.63,926400,13586138,2082126695
2022-02-25,2676.76,27.96,1.06,2678.47,2694.81,2665.96,664347,12221012,2103963329
2022-02-28,2699.18,22.42,0.84,2663,2699.18,2658.25,613470,12894248,2120187754
2022-03-02,2703.52,4.34,0.16,2698.31,2716.46,2692.24,527950,10996673,2123032520
2022-03-03,2747.08,43.56,1.61,2729.86,2748.21,2726.35,614515,10592862,2156827002
2022-03-04,2713.43,-33.65,-1.22,2736.58,2736.58,2702.34,765676,12427424,2132467179
2022-03-07,2651.31,-62.12,-2.29,2680.17,2680.17,2644.1,571562,12089300,2083197353
2022-03-08,2622.4,-28.91,-1.09,2617.33,2647.18,2605.81,540370,11679452,2060695940
2022-03-10,2680.32,57.92,2.21,2660.86,2682.79,2660.86,613810,13694703,2105097714
2022-03-11,2661.28,-19.04,-0.71,2665.95,2672.62,2647.28,797034,12363206,2090547969
2022-03-14,2645.65,-15.63,-0.59,2654.93,2661.76,2633.31,636324,12037827,2078071441
2022-03-15,2621.53,-24.12,-0.91,2630.31,2641.97,2615.08,604182,9583002,2059389990
2022-03-16,2659.23,37.7,1.44,2649.85,2659.9,2630.03,736354,9310851,2088519368
2022-03-17,2694.51,35.28,1.33,2703.27,2714,2694.51,546079,11900905,2116541927
2022-03-18,2707.02,12.51,0.46,2695.64,2708.16,2688.71,644017,11442604,2125657537
2022-03-21,2686.05,-20.97,-0.77,2717.81,2717.81,2683.69,502402,8693850,2109394247
2022-03-22,2710,23.95,0.89,2686.68,2712.14,2686.58,489442,9367506,2127002890
2022-03-23,2735.05,25.05,0.92,2727.12,2742.27,2720.83,883376,11838672,2146408436
2022-03-24,2729.66,-5.39,-0.2,2716.25,2729.66,2705.14,960898,13177859,2142618011
2022-03-25,2729.98,0.32,0.01,2740.83,2740.95,2722.36,602771,10824995,2143377809
2022-03-28,2729.56,-0.42,-0.02,2721.22,2737.46,2707.74,768043,9801744,2143333164
2022-03-29,2741.07,11.51,0.42,2745.62,2754.18,2733.22,732159,10020300,2152615774
2022-03-30,2746.74,5.67,0.21,2758.31,2760.6,2740.02,840134,11099514,2156901356
2022-03-31,2757.65,10.91,0.4,2743.24,2765.2,2743.2,1030289,9729367,2164962824
2022-04-01,2739.85,-17.8,-0.65,2745.85,2745.85,2729.68,1305564,10689584,2151279538
2022-04-04,2757.9,18.05,0.66,2729.86,2758.38,2722.45,1022971,9744918,2164964282
2022-04-05,2759.2,1.3,0.05,2765.5,2769.18,2750.5,1605994,9933181,2165864596
2022-04-06,2735.03,-24.17,-0.88,2739.07,2747.85,2730.66,1321645,11014545,2147029119
2022-04-07,2695.86,-39.17,-1.43,2714.7,2718.5,2693.36,999276,12291043,2116922779
2022-04-08,2700.39,4.53,0.17,2706.64,2712,2685.52,948355,10296234,2119201356
2022-04-11,2693.1,-7.29,-0.27,2687.54,2711.02,2683.96,742602,8831630,2113756558
2022-04-12,2666.76,-26.34,-0.98,2674.17,2685.08,2658.4,870970,9853720,2092582277
2022-04-13,2716.49,49.73,1.86,2677.53,2717.63,2672.6,733241,9645446,2131314721
2022-04-14,2716.71,0.22,0.01,2719.34,2720.3,2702.61,665351,11419812,2130735885
2022-04-15,2696.06,-20.65,-0.76,2695.52,2705.41,2685.01,693718,9570268,2114429291
2022-04-18,2693.21,-2.85,-0.11,2685.04,2701.11,2681.37,1024915,9050332,2112795552
2022-04-19,2718.89,25.68,0.95,2707.76,2723.98,2705.32,1257385,9779975,2133070296
2022-04-20,2718.69,-0.2,-0.01,2718.49,2724.46,2702.84,1736283,12283913,2132905875
2022-04-21,2728.21,9.52,0.35,2725.71,2737.54,2725.04,1002973,11482591,2140416801
2022-04-22,2704.71,-23.5,-0.86,2704.72,2708.58,2690.48,1239910,12120588,2122781766
2022-04-25,2657.13,-47.58,-1.76,2676.67,2680.35,2657.04,1018005,11698116,2085607419
2022-04-26,2668.31,11.18,0.42,2674,2678.05,2663.83,889942,10807853,2093885341
2022-04-27,2639.06,-29.25,-1.1,2630.58,2641.82,2615.5,1072367,12558711,2070445708
2022-04-28,2667.49,28.43,1.08,2656.54,2667.49,2638.37,899169,12463396,2097782080
2022-04-29,2695.05,27.56,1.03,2669.18,2696.1,2664.06,975253,12664752,2119864985
2022-05-02,2687.45,-7.6,-0.28,2669.21,2689.91,2667.85,873723,9075649,2114441740
2022-05-03,2680.46,-6.99,-0.26,2690.16,2702.1,2680.46,883403,9199338,2109346131
2022-05-04,2677.57,-2.89,-0.11,2690.45,2696.03,2667.23,1181020,9903934,2107550083
2022-05-06,2644.51,-33.06,-1.23,2650.89,2652.51,2635.97,1333936,10595418,2081320428
2022-05-09,2610.81,-33.7,-1.27,2634.32,2642.75,2606.08,892653,9289661,2055162929
2022-05-10,2596.56,-14.25,-0.55,2590.13,2602.75,2553.01,841463,10842463,2043673173
2022-05-11,2592.27,-4.29,-0.17,2586.52,2599.11,2579.09,679510,8608259,2040258394
2022-05-12,2550.08,-42.19,-1.63,2569.5,2591.57,2546.8,900331,12167915,2007195727
2022-05-13,2604.24,54.16,2.12,2570.01,2605.84,2565.96,788539,10342061,2049292684
2022-05-16,2596.58,-7.66,-0.29,2624.69,2629.2,2593.61,780199,8528537,2043528753
2022-05-17,2620.44,23.86,0.92,2603.58,2621.84,2603.58,873519,9658877,2062679874
2022-05-18,2625.98,5.54,0.21,2634.75,2644.13,2618,870268,10047168,2067575122
2022-05-19,2592.34,-33.64,-1.28,2576.24,2597.79,2568.54,677595,9883990,2041376481
2022-05-20,2639.29,46.95,1.81,2605.78,2641.68,2605.38,755653,9634339,2077558136
2022-05-23,2647.38,8.09,0.31,2651.63,2653.87,2634.29,644205,7815204,2083210177
2022-05-24,2605.87,-41.51,-1.57,2638.94,2646.99,2605.87,851236,8703526,2050778685
2022-05-25,2617.22,11.35,0.44,2621.75,2630.17,2602.94,712611,8353419,2059889816
2022-05-26,2612.45,-4.77,-0.18,2616.99,2641.91,2602.01,595849,8613524,2056303508
2022-05-27,2638.05,25.6,0.98,2640.75,2644.71,2631.49,590814,8028159,2076115881
2022-05-30,2669.66,31.61,1.2,2662.31,2672.74,2654.18,469798,7473952,2101290667
2022-05-31,2685.9,16.24,0.61,2666.88,2685.9,2654.32,671679,13970896,2113784329
2022-06-02,2658.99,-26.91,-1,2670.74,2674,2653.59,525259,7860485,2092789271
2022-06-03,2670.65,11.66,0.44,2679.57,2681.51,2663,562470,7566758,2101703362
2022-06-07,2626.34,-44.31,-1.66,2659.27,2662.04,2622.78,524710,8948924,2067165431
2022-06-08,2626.15,-0.19,-0.01,2633.53,2639.52,2621.96,576390,7964335,2066742737
2022-06-09,2625.44,-0.71,-0.03,2618.92,2627.88,2606.61,814883,10857975,2066451297
2022-06-10,2595.87,-29.57,-1.13,2596.37,2602.8,2583.74,724090,8285964,2043213222
2022-06-13,2504.51,-91.36,-3.52,2550.21,2550.32,2504.51,660309,10335874,1972203678
2022-06-14,2492.97,-11.54,-0.46,2472.96,2503.17,2457.39,671757,9992820,1962993357
2022-06-15,2447.38,-45.59,-1.83,2490.01,2495.54,2436.04,714143,9936928,1926857817
2022-06-16,2451.41,4.03,0.16,2481.66,2500.36,2447.33,584041,9588187,1931070978
2022-06-17,2440.93,-10.48,-0.43,2409.72,2441.34,2396.47,634897,11201572,1921148560
2022-06-20,2391.03,-49.9,-2.04,2449.89,2449.89,2372.35,592702,9092289,1881482848
2022-06-21,2408.93,17.9,0.75,2402.99,2423.48,2385.6,479678,7440755,1894965517
2022-06-22,2342.81,-66.12,-2.74,2417.11,2418.05,2342.81,532139,8690134,1843888862
2022-06-23,2314.32,-28.49,-1.22,2347.84,2361.23,2306.48,749661,10212366,1821183820
2022-06-24,2366.6,52.28,2.26,2327.11,2373.48,2319.99,654446,8469156,1862320800
2022-06-27,2401.92,35.32,1.49,2383.2,2418.94,2365.86,510587,7656358,1890525945
2022-06-28,2422.09,20.17,0.84,2405.2,2422.1,2393.96,564986,7193434,1906214561
2022-06-29,2377.99,-44.1,-1.82,2387.1,2393.25,2375.45,422127,7965810,1871275786
2022-06-30,2332.64,-45.35,-1.91,2368.57,2368.57,2332.59,515396,8923481,1835493487
2022-07-01,2305.42,-27.22,-1.17,2342.92,2354.97,2291.49,530346,8687669,1814290028
2022-07-04,2300.34,-5.08,-0.22,2310.73,2318.31,2276.63,467960,7339365,1810669975
2022-07-05,2341.78,41.44,1.8,2322.11,2344.08,2309.62,323905,6890579,1842519185
2022-07-06,2292.01,-49.77,-2.13,2330.11,2332.14,2290.33,410732,8919472,1804225454
2022-07-07,2334.27,42.26,1.84,2308.97,2344.14,2307.9,340173,7652636,1837885178
2022-07-08,2350.61,16.34,0.7,2352.49,2367.84,2348.74,411425,7008118,1850893574
2022-07-11,2340.27,-10.34,-0.44,2357.43,2363.26,2337.82,377108,6301234,1843259953
2022-07-12,2317.76,-22.51,-0.96,2330.88,2333.02,2303.74,379308,6369258,1824994120
2022-07-13,2328.61,10.85,0.47,2324.45,2341.19,2312.49,308806,5998501,1832979142
2022-07-14,2322.32,-6.29,-0.27,2316.41,2338.29,2307.69,349138,6539857,1829593432
2022-07-15,2330.98,8.66,0.37,2335.12,2337.3,2293.45,319675,7383211,1837255296
2022-07-18,2375.25,44.27,1.9,2350.48,2376.5,2344.12,324357,7104661,1873107660
2022-07-19,2370.97,-4.28,-0.18,2367.52,2372.74,2359.59,339378,6556191,1869397060
2022-07-20,2386.85,15.88,0.67,2406.29,2410.06,2382.65,333329,7434804,1881643043
2022-07-21,2409.16,22.31,0.93,2387.91,2411.96,2387.91,295624,6309071,1899062118
2022-07-22,2393.14,-16.02,-0.66,2405.37,2417.91,2391.48,381597,6973851,1886496918
2022-07-25,2403.69,10.55,0.44,2385.65,2412.47,2385.65,323091,5959859,1894263511
2022-07-26,2412.96,9.27,0.39,2397.27,2415.39,2395.17,415671,6240741,1901214430
2022-07-27,2415.53,2.57,0.11,2412.52,2415.53,2396.19,333588,7049803,1903522364
2022-07-28,2435.27,19.74,0.82,2437.57,2443.43,2429.07,491073,9196435,1919419877
2022-07-29,2451.5,16.23,0.67,2453.53,2463.05,2442.01,499369,10256338,1931903737
2022-08-01,2452.25,0.75,0.03,2444.05,2461.4,2437.13,487160,7509598,1932452046
2022-08-02,2439.62,-12.63,-0.52,2451,2451.07,2428.76,549924,7266264,1922819214
2022-08-03,2461.45,21.83,0.89,2438.56,2461.45,2433.12,475302,6751539,1939571960
2022-08-04,2473.11,11.66,0.47,2478.44,2478.95,2465.32,399965,7506315,1948549233
2022-08-05,2490.8,17.69,0.72,2481.43,2497.58,2480.05,409776,7561092,1962992758
2022-08-08,2493.1,2.3,0.09,2481.17,2494,2477.76,418234,7613758,1964010918
2022-08-09,2503.46,10.36,0.42,2493.57,2506.49,2481.36,454364,8940803,1971839855
2022-08-10,2480.88,-22.58,-0.9,2493.7,2494.15,2478.21,479467,9029482,1953610456
2022-08-11,2523.78,42.9,1.73,2507.74,2523.78,2506.41,505246,9710840,1986815489
2022-08-12,2527.94,4.16,0.16,2519.66,2533.2,2514.31,445547,8028577,1990518588
2022-08-16,2533.52,5.58,0.22,2543.05,2546.35,2532.2,398335,8064107,1995548135
2022-08-17,2516.47,-17.05,-0.67,2536.57,2543.15,2512.01,418053,7153680,1982238266
2022-08-18,2508.05,-8.42,-0.33,2499.3,2515.37,2488.09,381628,7105985,1976095948
2022-08-19,2492.69,-15.36,-0.61,2510.72,2510.72,2492.69,459835,7138648,1963842895
2022-08-22,2462.5,-30.19,-1.21,2467.38,2475.77,2457.08,422552,6108019,1940547399
2022-08-23,2435.34,-27.16,-1.1,2449.31,2454.55,2431.83,471166,7560708,1919622194
2022-08-24,2447.45,12.11,0.5,2446.18,2454.01,2430.69,423502,8119784,1928432688
2022-08-25,2477.26,29.81,1.22,2459.79,2477.26,2455.32,426230,7286329,1951737898
2022-08-26,2481.03,3.77,0.15,2489.14,2497.76,2476.75,520091,8628665,1955296364
2022-08-29,2426.89,-54.14,-2.18,2432.06,2432.89,2417.01,448746,7891467,1913225190
2022-08-30,2450.93,24.04,0.99,2441.21,2453.91,2433.48,336555,6826615,1932045596
2022-08-31,2472.05,21.12,0.86,2433.47,2473.75,2426.14,436247,9562592,1948130001
2022-09-01,2415.61,-56.44,-2.28,2443,2443.61,2415.61,580021,8452318,1904334718
2022-09-02,2409.41,-6.2,-0.26,2427.7,2432.37,2402.67,391599,7214620,1899054383
2022-09-05,2403.68,-5.73,-0.24,2410.07,2424.77,2392.63,354738,6277834,1893408648
2022-09-06,2410.02,6.34,0.26,2409.72,2422.53,2399.26,294224,5476236,1898174386
2022-09-07,2376.46,-33.56,-1.39,2395.66,2398.4,2365.35,378200,7530890,1872365971
2022-09-08,2384.28,7.82,0.33,2393.27,2394.06,2379.06,423621,9208735,1879133852
2022-09-13,2449.54,65.26,2.74,2418.59,2453.95,2418.59,367103,9165153,1930515175
2022-09-14,2411.42,-38.12,-1.56,2390.47,2418.42,2381.5,461508,7625505,1900212543
2022-09-15,2401.83,-9.59,-0.4,2416.01,2421.63,2401.83,424111,7432764,1892386625
2022-09-16,2382.78,-19.05,-0.79,2387.56,2395.1,2371.11,440799,8690464,1877514132
2022-09-19,2355.66,-27.12,-1.14,2388.73,2389.85,2352.76,403937,6885919,1856704766
2022-09-20,2367.85,12.19,0.52,2373.64,2382.52,2359.84,419340,7013236,1865526657
2022-09-21,2347.21,-20.64,-0.87,2351.54,2360.27,2341.79,378165,6269073,1849097413
2022-09-22,2332.31,-14.9,-0.63,2319.7,2335.11,2309.1,446820,7413267,1837164890
2022-09-23,2290,-42.31,-1.81,2331.33,2334.06,2285.71,446461,7416796,1804499960
2022-09-26,2220.94,-69.06,-3.02,2260.8,2260.8,2215.36,621995,9461818,1750077524
2022-09-27,2223.86,2.92,0.13,2224.39,2227.35,2197.9,487940,8005557,1752262101
2022-09-28,2169.29,-54.57,-2.45,2206.15,2223.56,2151.6,596136,9208350,1709335980
2022-09-29,2170.93,1.64,0.08,2197.75,2210.61,2170.14,508501,7240707,1710780971
2022-09-30,2155.49,-15.44,-0.71,2161.11,2177.2,2134.77,950270,7923751,1698450563
2022-10-04,2209.38,53.89,2.5,2189.51,2212.38,2180.84,421003,7500281,1741825455
2022-10-05,2215.22,5.84,0.26,2248.85,2253.93,2204.03,855790,9509080,1747613734
2022-10-06,2237.86,22.64,1.02,2230.43,2250.87,2223.36,643016,6850065,1765200352
2022-10-07,2232.84,-5.02,-0.22,2217.84,2245.88,2215.08,428683,7831444,1761987171
2022-10-11,2192.07,-40.77,-1.83,2193.02,2193.05,2174.06,859509,7867859,1729423095
2022-10-12,2202.47,10.4,0.47,2191.35,2205.02,2181.65,658348,7409131,1737572148
2022-10-13,2162.87,-39.6,-1.8,2198.29,2198.34,2162.87,792452,7169779,1707061504
2022-10-14,2212.55,49.68,2.3,2200.66,2220.54,2193.63,513524,7161818,1745972217
2022-10-17,2219.71,7.16,0.32,2187.17,2221.05,2177.66,498781,6526810,1752293076
2022-10-18,2249.95,30.24,1.36,2249.15,2251.74,2220.71,580892,7249919,1775708706
2022-10-19,2237.44,-12.51,-0.56,2249.35,2266.8,2234.59,895161,7738879,1765921333
2022-10-20,2218.09,-19.35,-0.86,2225.53,2231.52,2200.44,1108103,8325030,1751305188
2022-10-21,2213.12,-4.97,-0.22,2210.59,2224.04,2204.64,637486,6228174,1747594294
2022-10-24,2236.16,23.04,1.04,2248.26,2256.67,2229.85,444820,6846985,1765515578
2022-10-25,2235.07,-1.09,-0.05,2237.04,2253.24,2230.75,456770,7030017,1765049718
2022-10-26,2249.56,14.49,0.65,2240.7,2258.11,2234.49,563442,7492743,1776494531
2022-10-27,2288.78,39.22,1.74,2266.07,2290.56,2262.02,587872,8435337,1806510988
2022-10-28,2268.4,-20.38,-0.89,2276.73,2292.65,2266.44,427245,8289371,1789451214
2022-10-31,2293.61,25.21,1.11,2293.75,2295.51,2273.73,401400,8679296,1810255609
2022-11-01,2335.22,41.61,1.81,2301.58,2335.57,2297.57,597206,9476615,1842767623
2022-11-02,2336.87,1.65,0.07,2326.05,2346.32,2323.37,450635,9568101,1844237342
2022-11-03,2329.17,-7.7,-0.33,2297.45,2342.86,2296.44,550428,9273251,1838688384
2022-11-04,2348.43,19.26,0.83,2325.85,2348.43,2316.29,436430,7927339,1853798828
2022-11-07,2371.79,23.36,0.99,2360.22,2373.28,2354.22,392509,8059881,1872576585
2022-11-08,2399.04,27.25,1.15,2387.2,2400.39,2375.67,500088,8601453,1894800321
2022-11-09,2424.41,25.37,1.06,2408.54,2429.65,2403.64,680722,9342672,1915468947
2022-11-10,2402.23,-22.18,-0.91,2405.77,2426.1,2401.99,899127,9344425,1897654097
2022-11-11,2483.16,80.93,3.37,2466.9,2486.46,2463.51,758248,13917648,1960950353
2022-11-14,2474.65,-8.51,-0.34,2485.18,2499.43,2470.6,731166,11216385,1954401825
2022-11-15,2480.33,5.68,0.23,2482.76,2485.2,2463.65,617401,9308852,1959323045
2022-11-16,2477.45,-2.88,-0.12,2487,2487,2446.79,657834,9880428,1959009891
2022-11-17,2442.9,-34.55,-1.39,2466.5,2467.39,2442.9,914519,8556989,1931710185
2022-11-18,2444.48,1.58,0.06,2448.13,2471.87,2442.87,589586,7444437,1932865881
2022-11-21,2419.5,-24.98,-1.02,2446.05,2448.14,2409.36,544529,7049427,1912994305
2022-11-22,2405.27,-14.23,-0.59,2405.96,2426.4,2401.5,539169,7253676,1901129947
2022-11-23,2418.01,12.74,0.53,2424.36,2427.28,2407.58,474789,7477108,1911397949
2022-11-24,2441.33,23.32,0.96,2437.51,2441.33,2428.12,481185,6849559,1929930653
2022-11-25,2437.86,-3.47,-0.14,2442.21,2449.66,2433.57,438394,6347579,1926846987
2022-11-28,2408.27,-29.59,-1.21,2425.05,2425.65,2401.95,350497,6462501,1903723176
2022-11-29,2433.39,25.12,1.04,2405.54,2433.87,2401.1,550175,6533346,1923006248
2022-11-30,2472.53,39.14,1.61,2424.44,2472.53,2421.42,594127,12469429,1953840810
2022-12-01,2479.84,7.31,0.3,2501.43,2501.43,2474.33,491383,8850099,1959622743
2022-12-02,2434.33,-45.51,-1.84,2471.5,2471.5,2434.33,468847,7328393,1924204751
2022-12-05,2419.32,-15.01,-0.62,2442.17,2442.22,2413.05,385586,7717406,1911915923
2022-12-06,2393.16,-26.16,-1.08,2397.7,2416.88,2390.2,368636,6477022,1891336961
2022-12-07,2382.81,-10.35,-0.43,2385.87,2394.88,2377.98,332587,6080662,1882795765
2022-12-08,2371.08,-11.73,-0.49,2386.9,2387.95,2357.2,351939,7552997,1873438918
2022-12-09,2389.04,17.96,0.76,2382.73,2390.08,2367.25,315674,7220198,1888379556
2022-12-12,2373.02,-16.02,-0.67,2373.58,2381.87,2368.47,499225,5822260,1875700661
2022-12-13,2372.4,-0.62,-0.03,2385.05,2388.27,2364.87,447565,6659361,1874838728
2022-12-14,2399.25,26.85,1.13,2380.81,2400.18,2379.44,409799,5724107,1895655041
2022-12-15,2360.97,-38.28,-1.6,2383.83,2392.11,2360.95,375386,6134217,1865842784
2022-12-16,2360.02,-0.95,-0.04,2329.75,2360.44,2326.83,414172,7206180,1865107455
2022-12-19,2352.17,-7.85,-0.33,2350.78,2358.76,2342.28,323987,5018052,1859031541
2022-12-20,2333.29,-18.88,-0.8,2344.73,2353.86,2324.66,358771,5335838,1844296008
2022-12-21,2328.95,-4.34,-0.19,2346.39,2347,2325.78,329724,5102490,1840550909
2022-12-22,2356.73,27.78,1.19,2340,2356.73,2335.75,553053,9460859,1863411614
2022-12-23,2313.69,-43.04,-1.83,2325.86,2333.08,2311.9,366989,5935798,1829395536
2022-12-26,2317.14,3.45,0.15,2312.54,2321.92,2304.2,427845,5205750,1831727640
2022-12-27,2332.79,15.65,0.68,2327.52,2335.99,2321.48,448499,7126994,1844141209
2022-12-28,2280.45,-52.34,-2.24,2296.45,2296.45,2276.9,405894,7566893,1801877943
2022-12-29,2236.4,-44.05,-1.93,2265.73,2272.67,2236.38,361194,6036542,1767235221
2023-01-02,2225.67,-10.73,-0.48,2249.95,2259.88,2222.37,346345,5200138,1759241800
2023-01-03,2218.68,-6.99,-0.31,2230.98,2230.98,2180.67,410245,6149083,1753771077
2023-01-04,2255.98,37.3,1.68,2205.98,2260.06,2198.82,412841,6487598,1783808766
2023-01-05,2264.65,8.67,0.38,2268.2,2281.39,2252.97,430977,7521178,1791816776
2023-01-06,2289.97,25.32,1.12,2253.4,2300.62,2253.27,398607,6764112,1811418923
2023-01-09,2350.19,60.22,2.63,2315.87,2351.06,2312.56,342096,7028981,1858632833
2023-01-10,2351.31,1.12,0.05,2348.04,2370.18,2344.18,359914,6702908,1859599299
2023-01-11,2359.53,8.22,0.35,2364.05,2369.66,2350.36,369011,6297145,1865737441
2023-01-12,2365.1,5.57,0.24,2376.72,2377.8,2358.33,580433,7837777,1870238983
2023-01-13,2386.09,20.99,0.89,2377.34,2397.01,2375.78,862230,6976741,1886570607
2023-01-16,2399.86,13.77,0.58,2390.06,2410.22,2387.61,517762,6532807,1897375182
2023-01-17,2379.39,-20.47,-0.85,2400.92,2404,2374.65,536811,6314018,1881433259
2023-01-18,2368.32,-11.07,-0.47,2380.36,2383,2356.84,537393,5498577,1872694002
2023-01-19,2380.34,12.02,0.51,2354.56,2380.34,2354.56,370099,5448179,1882551677
2023-01-20,2395.26,14.92,0.63,2380,2395.97,2372.57,302507,5025541,1895790659
2023-01-25,2428.57,33.31,1.39,2426.58,2432.71,2421.51,550087,6665406,1922275331
2023-01-26,2468.65,40.08,1.65,2436.18,2468.65,2426.4,486832,8206399,1953918426
2023-01-27,2484.02,15.37,0.62,2474.52,2497.4,2464.53,509288,9092447,1966558579
2023-01-30,2450.47,-33.55,-1.35,2484.64,2491.13,2446.59,475410,9220413,1940151030
2023-01-31,2425.08,-25.39,-1.04,2449.92,2457.48,2423.37,617196,10394784,1918934215
2023-02-01,2449.8,24.72,1.02,2446.03,2453.29,2433.37,666296,8596021,1938780673
2023-02-02,2468.88,19.08,0.78,2481.94,2486.2,2454.6,693116,9121678,1953996214
2023-02-03,2480.4,11.52,0.47,2466.54,2485.08,2460.21,496861,8027061,1963172031
2023-02-06,2438.19,-42.21,-1.7,2461.82,2469.42,2438.04,566819,7671311,1929318578
2023-02-07,2451.71,13.52,0.55,2440.14,2456.17,2432.4,451159,7594011,1939610903
2023-02-08,2483.64,31.93,1.3,2469.42,2487.35,2465.96,415677,8001678,1965482080
2023-02-09,2481.52,-2.12,-0.09,2470.66,2487.14,2466.61,610694,8986377,1963858471
2023-02-10,2469.73,-11.79,-0.48,2470.65,2473.8,2454.74,662366,8402619,1954699937
2023-02-13,2452.7,-17.03,-0.69,2461.96,2462.58,2440.86,486399,7371041,1942812752
2023-02-14,2465.64,12.94,0.53,2471.33,2480.34,2459.83,349432,6738874,1953249936
2023-02-15,2427.9,-37.74,-1.53,2473.09,2473.44,2424.16,387067,8758718,1923761984
2023-02-16,2475.48,47.58,1.96,2444.06,2475.99,2442.07,388027,9170363,1961021978
2023-02-17,2451.21,-24.27,-0.98,2447.66,2471.51,2445.74,514047,8364504,1941744158
2023-02-20,2455.12,3.91,0.16,2453.25,2463.17,2430.27,390013,7535474,1944743467
2023-02-21,2458.96,3.84,0.16,2457.51,2466.07,2446,494661,7333623,1943888914
2023-02-22,2417.68,-41.28,-1.68,2430.87,2435.98,2416.16,427482,8386250,1911701229
2023-02-23,2439.09,21.41,0.89,2430.01,2449.62,2422.62,400992,7451977,1928501536
2023-02-24,2423.61,-15.48,-0.63,2442.49,2452.97,2421.47,369900,6991100,1915633306
2023-02-27,2402.64,-20.97,-0.87,2405.42,2405.56,2383.76,357218,6598230,1898711781
2023-02-28,2412.85,10.21,0.42,2417.58,2431.67,2407.29,529790,9274200,1906496015
2023-03-02,2427.85,15,0.62,2414.61,2440.59,2411.85,428342,9660274,1918505110
2023-03-03,2432.07,4.22,0.17,2438.73,2442.1,2423.08,371882,7845380,1921472037
2023-03-06,2462.62,30.55,1.26,2452.46,2464.45,2441.07,418814,9781226,1945884267
2023-03-07,2463.35,0.73,0.03,2457.04,2475.73,2455.65,450481,10732466,1945941992
2023-03-08,2431.91,-31.44,-1.28,2435.58,2442.61,2426.52,438359,9967055,1922025069
2023-03-09,2419.09,-12.82,-0.53,2440.79,2444.2,2416.25,476375,10357639,1911583468
2023-03-10,2394.59,-24.5,-1.01,2389.82,2400.87,2383.19,413411,7875520,1892450859
2023-03-13,2410.6,16.01,0.67,2400.45,2413.24,2369.79,380740,7702302,1904640758
2023-03-14,2348.97,-61.63,-2.56,2390.36,2390.78,2348.19,485076,7794604,1856250945
2023-03-15,2379.72,30.75,1.31,2380.09,2395.36,2370.77,443751,7591756,1880140744
2023-03-16,2377.91,-1.81,-0.08,2357.98,2382.79,2346.11,320194,7865787,1878507613
2023-03-17,2395.69,17.78,0.75,2403.7,2405.35,2382.8,364176,8617060,1893380949
2023-03-20,2379.2,-16.49,-0.69,2391.87,2405.99,2378.7,346034,6072911,1879711532
2023-03-21,2388.35,9.15,0.38,2396.54,2399.52,2383.17,355195,7269040,1886502692
2023-03-22,2416.96,28.61,1.2,2411.25,2417.47,2402.78,501412,7890323,1908726635
2023-03-23,2424.48,7.52,0.31,2398.27,2424.48,2397.91,567704,10367437,1914529716
2023-03-24,2414.96,-9.52,-0.39,2421.27,2423.76,2399.49,470659,9248184,1907314610
2023-03-27,2409.22,-5.74,-0.24,2423.94,2423.94,2395.97,472847,8534650,1902810299
2023-03-28,2434.94,25.72,1.07,2418.69,2434.94,2415.34,524016,8812618,1923151536
2023-03-29,2443.92,8.98,0.37,2432.63,2443.95,2428.61,497218,8829889,1930378482
2023-03-30,2453.16,9.24,0.38,2452.97,2462.7,2439.43,629052,10846640,1937575538
2023-03-31,2476.86,23.7,0.97,2459.94,2481.24,2456.54,722612,12903370,1957926358
2023-04-03,2472.34,-4.52,-0.18,2485.81,2485.81,2467.59,811724,11300346,1954443677
2023-04-04,2480.51,8.17,0.33,2475.87,2489.71,2472.79,832555,13496867,1960644519
2023-04-05,2495.21,14.7,0.59,2482.61,2497.61,2478.67,632720,9811877,1972182474
2023-04-06,2459.23,-35.98,-1.44,2488,2488,2458.5,751378,11332653,1943849429
2023-04-07,2490.41,31.18,1.27,2478.64,2493.06,2473.89,586993,11250171,1969009467
2023-04-10,2512.08,21.67,0.87,2491.68,2519.99,2490.17,717648,13539855,1986876447
2023-04-11,2547.86,35.78,1.42,2523.33,2550.97,2514.42,768176,14050595,2014288066
2023-04-12,2550.64,2.78,0.11,2546.36,2561.37,2536.23,900750,14426259,2016495718
2023-04-13,2561.66,11.02,0.43,2534.71,2561.66,2531.07,841719,11996436,2024512511
2023-04-14,2571.49,9.83,0.38,2580.1,2581.74,2560.53,892446,13088201,2032335488
2023-04-17,2575.91,4.42,0.17,2570.3,2577.08,2561.14,775752,12793678,2036226926
2023-04-18,2571.09,-4.82,-0.19,2582.23,2582.23,2557.19,896932,14106396,2032968742
2023-04-19,2575.08,3.99,0.16,2570.06,2582.11,2568.46,956994,12750865,2036483236
2023-04-20,2563.11,-11.97,-0.46,2566.06,2573.94,2552.06,951423,12415524,2026470351
2023-04-21,2544.4,-18.71,-0.73,2556.7,2559.44,2532.32,970398,12614673,2012374092
2023-04-24,2523.5,-20.9,-0.82,2538.36,2541.89,2518.73,927191,11589467,1996621732
2023-04-25,2489.02,-34.48,-1.37,2531.35,2531.35,2472.33,886422,13681150,1967147727
2023-04-26,2484.83,-4.19,-0.17,2489.49,2498.56,2481.38,1089216,12397514,1964553908
2023-04-27,2495.81,10.98,0.44,2484.31,2499.01,2465.83,733500,11142115,1974101090
2023-04-28,2501.53,5.72,0.23,2511.79,2517.13,2489.58,777535,14024831,1979839469
2023-05-02,2524.39,22.86,0.91,2504.01,2524.42,2503.21,701399,9942387,1997496493
2023-05-03,2501.4,-22.99,-0.91,2510.19,2514.37,2497.83,889609,9865861,1979410345
2023-05-04,2500.94,-0.46,-0.02,2494.82,2502.14,2486.09,810178,10020006,1978572080
2023-05-08,2513.21,12.27,0.49,2518.53,2525.84,2511.13,655536,9213044,1989045053
2023-05-09,2510.06,-3.15,-0.13,2512.34,2514.81,2495.63,751647,9351367,1986578324
2023-05-10,2496.51,-13.55,-0.54,2505.96,2510.13,2488.42,635635,8906697,1976264333
2023-05-11,2491,-5.51,-0.22,2505.57,2513.82,2490.08,648134,9002407,1971727645
2023-05-12,2475.42,-15.58,-0.63,2487.35,2487.35,2472.45,798230,8589238,1959471273
2023-05-15,2479.35,3.93,0.16,2469.8,2479.35,2455.99,484565,6920285,1962067054
2023-05-16,2480.24,0.89,0.04,2494.4,2498.54,2474.9,628744,8086956,1963631010
2023-05-17,2494.66,14.42,0.58,2479.65,2498.37,2475.02,564412,7218306,1975030171
2023-05-18,2515.4,20.74,0.83,2511.09,2515.4,2500.01,572765,7782864,1992171060
2023-05-19,2537.79,22.39,0.89,2530.83,2538.31,2524.89,570097,9199949,2010735983
2023-05-22,2557.08,19.29,0.76,2540.03,2564.09,2533.5,593620,8214575,2025540377
2023-05-23,2567.55,10.47,0.41,2565.8,2577.32,2561.1,576045,7443353,2033435646
2023-05-24,2567.45,-0.1,0,2557.11,2572.21,2555.04,1072440,7900596,2032739545
2023-05-25,2554.69,-12.76,-0.5,2570.64,2575.05,2551.49,917553,9416539,2022841850
2023-05-26,2558.81,4.12,0.16,2561.94,2567.5,2553.79,634759,9401899,2027393064
2023-05-30,2585.52,26.71,1.04,2582.41,2586.22,2574.82,641647,11066254,2048101559
2023-05-31,2577.12,-8.4,-0.32,2586.03,2596.31,2575.98,686187,15135111,2039961430
2023-06-01,2569.17,-7.95,-0.31,2572.56,2580.15,2565,675233,9168502,2034185276
2023-06-02,2601.36,32.19,1.25,2586.27,2601.38,2583.88,569620,9383535,2059938046
2023-06-05,2615.41,14.05,0.54,2617.43,2618.62,2608.01,545880,8566307,2070761232
2023-06-07,2615.6,0.19,0.01,2623.46,2629.92,2613.68,537617,10152915,2070757365
2023-06-08,2610.85,-4.75,-0.18,2609.21,2612.39,2595.33,581325,11473710,2067265952
2023-06-09,2641.16,30.31,1.16,2624.15,2644.7,2618.45,583219,11128065,2091571203
2023-06-12,2629.35,-11.81,-0.45,2647.49,2650.45,2623.43,557056,9365137,2082259638
2023-06-13,2637.95,8.6,0.33,2644.43,2645.62,2633.52,694321,11153307,2092104301
2023-06-14,2619.08,-18.87,-0.72,2640.81,2642.86,2614.25,654404,13100475,2077106422
2023-06-15,2608.54,-10.54,-0.4,2629.24,2634.22,2602.52,582437,11513807,2068930296
2023-06-16,2625.79,17.25,0.66,2623.57,2625.79,2612.21,673673,12620602,2083070963
2023-06-19,2609.5,-16.29,-0.62,2618.06,2619.44,2600.49,719549,11096633,2069459013
2023-06-20,2604.91,-4.59,-0.18,2602.83,2610.03,2596.82,722541,10880372,2066709393
2023-06-21,2582.63,-22.28,-0.86,2599.19,2600.97,2579.52,659798,10654263,2049490171
2023-06-22,2593.7,11.07,0.43,2575.65,2597.76,2575.65,613221,8937920,2058310974
2023-06-23,2570.1,-23.6,-0.91,2599.04,2600.81,2568.07,528307,8548517,2039950788
2023-06-26,2582.2,12.1,0.47,2568.65,2585.31,2562.03,481751,8437663,2050227832
2023-06-27,2581.39,-0.81,-0.03,2581.02,2582,2568.52,538509,8592192,2049390123
2023-06-28,2564.19,-17.2,-0.67,2590.52,2590.52,2559.46,488768,8814329,2036006512
2023-06-29,2550.02,-14.17,-0.55,2564.02,2577.69,2550.02,604509,8824942,2024884368
2023-06-30,2564.28,14.26,0.56,2558.43,2571.03,2541.72,510934,8209121,2035090950
2023-07-03,2602.47,38.19,1.49,2580.89,2604.63,2580.49,618006,8973590,2065043586
2023-07-04,2593.31,-9.16,-0.35,2604.72,2607.66,2591.86,674411,9160796,2057900765
2023-07-05,2579,-14.31,-0.55,2593.47,2601.99,2578.66,601089,10257664,2046820451
2023-07-06,2556.29,-22.71,-0.88,2574.75,2575.45,2550.67,531900,10291029,2028715708
2023-07-07,2526.71,-29.58,-1.16,2547.41,2547.41,2515.07,613265,10367353,2005107083
2023-07-10,2520.7,-6.01,-0.24,2528.08,2539.63,2517.67,561821,9698696,2000075615
2023-07-11,2562.49,41.79,1.66,2538.84,2562.49,2534.48,594135,10596471,2033589694
2023-07-12,2574.72,12.23,0.48,2557.61,2574.73,2554.26,696924,13229938,2043134139
2023-07-13,2591.23,16.51,0.64,2589.89,2602.21,2587.75,585661,13258010,2056144810
2023-07-14,2628.3,37.07,1.43,2607.47,2628.3,2603.36,569815,14285300,2085155475
2023-07-17,2619,-9.3,-0.35,2617.67,2627.12,2611.55,550570,11732182,2077680980
2023-07-18,2607.62,-11.38,-0.43,2624.59,2626.89,2600.67,493202,12003817,2068793756
2023-07-19,2608.24,0.62,0.02,2622.24,2622.54,2598.52,440074,11231686,2069336034
2023-07-20,2600.23,-8.01,-0.31,2595.38,2611.34,2589.29,372365,9473224,2063004507
2023-07-21,2609.76,9.53,0.37,2581.06,2609.76,2570.58,501872,12258800,2069758933
2023-07-24,2628.53,18.77,0.72,2608.47,2636.06,2595.21,529363,19050421,2083819625
2023-07-25,2636.46,7.93,0.3,2643.35,2646.71,2621.6,723472,19204605,2090016052
2023-07-26,2592.36,-44.1,-1.67,2638.76,2639.21,2580.98,834107,36348206,2054936941
2023-07-27,2603.81,11.45,0.44,2599.82,2617.61,2586.36,594163,24076449,2064695783
2023-07-28,2608.32,4.51,0.17,2593.67,2609.54,2586.33,503267,16807324,2068133763
2023-07-31,2632.58,24.26,0.93,2628.87,2639.45,2622.21,454243,15688014,2085912205
2023-08-01,2667.07,34.49,1.31,2644.34,2668.21,2639.1,493643,15851941,2113135323
2023-08-02,2616.47,-50.6,-1.9,2651.53,2660.9,2611.77,704674,16001904,2073668620
2023-08-03,2605.39,-11.08,-0.42,2624.76,2625.45,2591.3,789416,14921529,2064281827
2023-08-04,2602.8,-2.59,-0.1,2606.17,2612.3,2598.38,645750,10971353,2061747668
2023-08-07,2580.71,-22.09,-0.85,2591.58,2607.36,2580.71,504071,11894471,2044894112
2023-08-08,2573.98,-6.73,-0.26,2598.29,2601.41,2568.15,638419,12435382,2039632194
2023-08-09,2605.12,31.14,1.21,2580.6,2608.98,2576.21,467527,10326262,2064557283
2023-08-10,2601.56,-3.56,-0.14,2592.4,2601.56,2590.02,568155,11349005,2061336432
2023-08-11,2591.26,-10.3,-0.4,2611.25,2616.84,2589.94,675390,10513466,2053371191
2023-08-14,2570.87,-20.39,-0.79,2586.51,2592.91,2561.88,624378,9995329,2037188540
2023-08-16,2525.64,-45.23,-1.76,2550.13,2550.53,2520.87,685136,12025529,2001820771
2023-08-17,2519.85,-5.79,-0.23,2512.92,2520.56,2482.06,735133,10727642,1997270646
2023-08-18,2504.5,-15.35,-0.61,2495.18,2519.6,2489.63,557785,10776836,1985148457
2023-08-21,2508.8,4.3,0.17,2511.7,2524.41,2505.59,399459,8524818,1988814382
2023-08-22,2515.74,6.94,0.28,2528.39,2533.43,2509.53,471809,9270272,1994100741
2023-08-23,2505.5,-10.24,-0.41,2510,2517.51,2499.89,547170,8577994,1986575329
2023-08-24,2537.68,32.18,1.28,2531.78,2539.44,2520.73,441140,10099466,2012082433
2023-08-25,2519.14,-18.54,-0.73,2505.39,2526.37,2502.05,577384,8302851,1997701491
2023-08-28,2543.41,24.27,0.96,2534.42,2543.41,2525.64,483588,8221906,2015825900
2023-08-29,2552.16,8.75,0.34,2550.76,2556.98,2545.27,441366,8275017,2022518944
2023-08-30,2561.22,9.06,0.35,2575.42,2578.62,2561.22,364003,7765445,2029672345
2023-08-31,2556.27,-4.95,-0.19,2564.45,2568.06,2547.72,473169,11334961,2025220695
2023-09-01,2563.71,7.44,0.29,2551.93,2568.42,2551.04,493367,10029746,2033321986
2023-09-04,2584.55,20.84,0.81,2566.93,2584.55,2560.32,342073,8699609,2050034096
2023-09-05,2582.18,-2.37,-0.09,2578.91,2586.65,2575.19,384579,7590069,2048141825
2023-09-06,2563.34,-18.84,-0.73,2577.41,2585.98,2560.09,422126,7626693,2033216059
2023-09-07,2548.26,-15.08,-0.59,2554.87,2562.42,2539.24,377271,8325827,2021630331
2023-09-08,2547.68,-0.58,-0.02,2546.07,2550.96,2530.05,396289,7718993,2020844444
2023-09-11,2556.88,9.2,0.36,2549.88,2556.89,2540.44,411070,8340733,2027845902
2023-09-12,2536.58,-20.3,-0.79,2566.42,2568.55,2535.15,359410,8927207,2012514265
2023-09-13,2534.7,-1.88,-0.07,2536.22,2549.38,2528.18,417576,9270999,2011458185
2023-09-14,2572.89,38.19,1.51,2544.89,2572.89,2541.11,412509,9577503,2041171664
2023-09-15,2601.28,28.39,1.1,2574.98,2611,2572.37,441730,11995227,2063455243
2023-09-18,2574.72,-26.56,-1.02,2588.69,2596.55,2573.26,416290,8772091,2042003996
2023-09-19,2559.21,-15.51,-0.6,2579.36,2583.25,2555.46,462342,7827325,2030125918
2023-09-20,2559.74,0.53,0.02,2556.55,2566.62,2551.12,414668,7571716,2030281560
2023-09-21,2514.97,-44.77,-1.75,2544.81,2549.63,2514.96,394676,7803097,1995558491
2023-09-22,2508.13,-6.84,-0.27,2491.45,2513.26,2486.14,433184,7063028,1988872133
2023-09-25,2495.76,-12.37,-0.49,2504.1,2509.38,2486.44,438615,7459545,1979048155
2023-09-26,2462.97,-32.79,-1.31,2493.64,2495,2461.59,427476,7060837,1953462573
2023-09-27,2465.07,2.1,0.09,2447.99,2469.72,2445.51,366241,6761281,1955817975
2023-10-04,2405.69,-59.38,-2.41,2435.78,2435.78,2402.84,424859,10244656,1909055584
2023-10-05,2403.6,-2.09,-0.09,2423.35,2426.61,2402.5,451722,9141361,1912222092
2023-10-06,2408.73,5.13,0.21,2408.81,2421.18,2403.92,289392,6522751,1916147548
2023-10-10,2402.58,-6.15,-0.26,2436.58,2448.24,2402.44,416004,9505946,1912039051
2023-10-11,2450.08,47.5,1.98,2436.52,2463.56,2436.52,446949,9140843,1949663797
2023-10-12,2479.82,29.74,1.21,2465.19,2479.82,2464.84,515452,8929118,1973336799
2023-10-13,2456.15,-23.67,-0.95,2460.85,2466.62,2452.83,582884,7164460,1955250761
2023-10-16,2436.24,-19.91,-0.81,2442.43,2453.77,2422.52,788356,8393100,1939007777
2023-10-17,2460.17,23.93,0.98,2454.14,2466.87,2449.42,509375,7711250,1958109580
2023-10-18,2462.6,2.43,0.1,2452.05,2465.33,2450.78,911546,8897571,1960050711
2023-10-19,2415.8,-46.8,-1.9,2431.92,2433.45,2412.55,756947,9054474,1923750596
2023-10-20,2375,-40.8,-1.69,2391.54,2394.67,2364.01,521208,9295958,1892280648
2023-10-23,2357.02,-17.98,-0.76,2370.07,2375.79,2354.7,395930,7117567,1877779360
2023-10-24,2383.51,26.49,1.12,2371.55,2384.14,2326.67,444165,7949285,1898106190
2023-10-25,2363.17,-20.34,-0.85,2389.23,2389.9,2362.69,440807,7832203,1882419020
2023-10-26,2299.08,-64.09,-2.71,2325.82,2330.55,2299.08,531073,9251519,1832032727
2023-10-27,2302.81,3.73,0.16,2311.59,2321.84,2293.05,514876,8009948,1834541641
2023-10-30,2310.55,7.74,0.34,2292.34,2317.75,2292.34,444842,6954633,1840684679
2023-10-31,2277.99,-32.56,-1.41,2318.39,2322.45,2273.97,394982,8233073,1815424104
2023-11-01,2301.56,23.57,1.03,2292.89,2312.15,2288.64,358157,6739278,1835317636
2023-11-02,2343.12,41.56,1.81,2334.96,2351.91,2333.41,377462,7679305,1868116867
2023-11-03,2368.34,25.22,1.08,2365.59,2370.28,2351.83,578662,8040958,1887967827
2023-11-06,2502.37,134.03,5.66,2399.8,2502.37,2395.03,528585,15225480,1991919718
2023-11-07,2443.96,-58.41,-2.33,2476.35,2476.35,2418.74,457676,12086570,1947075247
2023-11-08,2421.62,-22.34,-0.91,2460.22,2468.43,2418.14,467217,7667332,1929362640
2023-11-09,2427.08,5.46,0.23,2425.93,2437.9,2413.04,395031,7288448,1933622736
2023-11-10,2409.66,-17.42,-0.72,2406.4,2413.62,2393.64,312468,5825602,1923177297
2023-11-13,2403.76,-5.9,-0.24,2431.24,2435.32,2399.04,307123,5934173,1918619319
2023-11-14,2433.25,29.49,1.23,2424.93,2442.37,2422.97,306964,6382101,1942197248
2023-11-15,2486.67,53.42,2.2,2482.21,2487.42,2468.43,419843,9328219,1984033041
2023-11-16,2488.18,1.51,0.06,2483.48,2491.98,2472.69,407441,6806414,1985488314
2023-11-17,2469.85,-18.33,-0.74,2477.43,2481.1,2463.59,388974,8129523,1974347791
2023-11-20,2491.2,21.35,0.86,2464.72,2499.75,2464.04,323806,6586445,1990537959
2023-11-21,2510.42,19.22,0.77,2504.7,2517.74,2500.91,345055,7713377,2005723542
2023-11-22,2511.7,1.28,0.05,2493.17,2516.72,2490.43,439485,7755316,2006109850
2023-11-23,2514.96,3.26,0.13,2515.83,2522.2,2507.3,360874,6577868,2009135900
2023-11-24,2496.63,-18.33,-0.73,2517.88,2521.56,2496.63,359383,6537961,1995161446
2023-11-27,2495.66,-0.97,-0.04,2501.83,2511.37,2489.18,364744,8376476,1994294785
2023-11-28,2521.76,26.1,1.05,2506.14,2522.45,2502.26,443090,8753424,2017729236
2023-11-29,2519.81,-1.95,-0.08,2518.8,2523.98,2501.44,579271,9428200,2015729696
2023-11-30,2535.29,15.48,0.61,2512.11,2535.29,2507.8,664284,11992488,2027777361
2023-12-01,2505.01,-30.28,-1.19,2520.49,2520.49,2504.06,516596,8837750,2004297453
2023-12-04,2514.95,9.94,0.4,2522.22,2525.63,2510.52,498861,8772367,2012605764
2023-12-05,2494.28,-20.67,-0.82,2507.45,2509.74,2492.55,427067,8300522,1995841255
2023-12-06,2495.38,1.1,0.04,2503.57,2509.67,2495.38,390989,7685320,1996748972
2023-12-07,2492.07,-3.31,-0.13,2493.14,2499.73,2481,446877,8127636,1993881027
2023-12-08,2517.85,25.78,1.03,2510.24,2521.58,2507.14,431797,7916793,2014785075
2023-12-11,2525.36,7.51,0.3,2524.79,2528.89,2512.45,435004,8260508,2021014752
2023-12-12,2535.27,9.91,0.39,2535.11,2543.06,2529.74,378034,7732530,2029469553
2023-12-13,2510.66,-24.61,-0.97,2531.23,2531.23,2509.89,377934,7513617,2010099879
2023-12-14,2544.18,33.52,1.34,2547.74,2549.65,2532.16,530123,12960671,2036471107
2023-12-15,2563.56,19.38,0.76,2558.44,2574.23,2555.3,465314,12873295,2052134144
2023-12-18,2566.86,3.3,0.13,2568.77,2573.13,2556.05,384828,10181568,2053934297
2023-12-19,2568.55,1.69,0.07,2564.81,2570.06,2556.52,392497,8418111,2054764999
2023-12-20,2614.3,45.75,1.78,2586.99,2615.38,2584.85,570423,11202543,2091168204
2023-12-21,2600.02,-14.28,-0.55,2598.37,2610.81,2587.16,578335,9467809,2080482828
2023-12-22,2599.51,-0.51,-0.02,2617.72,2621.37,2599.51,465967,8848288,2082855845
2023-12-26,2602.59,3.08,0.12,2609.44,2612.14,2594.65,440428,9582766,2085608165
2023-12-27,2613.5,10.91,0.42,2599.35,2613.5,2590.08,349733,10359764,2093997127
2023-12-28,2655.28,41.78,1.6,2616.27,2655.28,2611.72,460087,9418930,2126372516
2024-01-02,2669.81,14.53,0.55,2645.47,2675.8,2641.88,409872,9628190,2147223895
2024-01-03,2607.31,-62.5,-2.34,2643.54,2643.72,2607.31,463132,10121578,2096573474
2024-01-04,2587.02,-20.29,-0.78,2592.44,2602.64,2580.09,770176,8992274,2081862660
2024-01-05,2578.08,-8.94,-0.35,2586.89,2592.29,2572.6,522290,8384473,2075148803
2024-01-08,2567.82,-10.26,-0.4,2584.23,2591.68,2566.34,320144,6763632,2067290656
2024-01-09,2561.24,-6.58,-0.26,2598.31,2599.37,2556,791214,8896714,2061575746
2024-01-10,2541.98,-19.26,-0.75,2563.97,2568.19,2539.82,570021,8795835,2045533566
2024-01-11,2540.27,-1.71,-0.07,2543.03,2557.3,2540.27,788423,13669890,2043896295
2024-01-12,2525.05,-15.22,-0.6,2536.55,2543.83,2517.76,790177,8368766,2047248114
2024-01-15,2525.99,0.94,0.04,2525.69,2536.06,2515.84,802102,8182707,2047779701
2024-01-16,2497.59,-28.4,-1.12,2516.27,2524.35,2491.13,659579,8828509,2024555061
2024-01-17,2435.9,-61.69,-2.47,2501.23,2503.91,2435.34,965595,11281598,1975074608
2024-01-18,2440.04,4.14,0.17,2439.96,2453.97,2429.12,571507,8300178,1978349881
2024-01-19,2472.74,32.7,1.34,2468.43,2479,2455.5,518807,9174537,2005853267
2024-01-22,2464.35,-8.39,-0.34,2489.57,2490.69,2464.35,388046,8419916,1999139798
2024-01-23,2478.61,14.26,0.58,2478.32,2482.84,2464.24,472284,8029400,2010744286
2024-01-24,2469.69,-8.92,-0.36,2476.22,2476.22,2454.34,395464,7446527,2003932327
2024-01-25,2470.34,0.65,0.03,2467.73,2474.01,2452.36,357234,8124338,2003599595
2024-01-26,2478.56,8.22,0.33,2458.05,2502.61,2453.45,292662,7144493,2009937343
2024-01-29,2500.65,22.09,0.89,2490.93,2516.92,2483.81,427440,8958521,2034462573
2024-01-30,2498.81,-1.84,-0.07,2523.68,2528.54,2498.81,481809,8734431,2032788176
2024-01-31,2497.09,-1.72,-0.07,2487.9,2502.45,2486.97,454574,9000430,2030032669
2024-02-01,2542.46,45.37,1.82,2491.93,2542.46,2491.93,751075,13462482,2067112302
2024-02-02,2615.31,72.85,2.87,2559.4,2615.34,2559.39,596121,14368150,2126219526
2024-02-05,2591.31,-24,-0.92,2612.77,2612.77,2562.5,511678,12476233,2107741573
2024-02-06,2576.2,-15.11,-0.58,2584.2,2599.18,2563.87,411618,10386506,2095645931
2024-02-07,2609.58,33.38,1.3,2592.59,2625.24,2588.09,518182,11491680,2123763208
2024-02-08,2620.32,10.74,0.41,2620.26,2629.51,2610.21,430009,12493448,2132384708
2024-02-13,2649.64,29.32,1.12,2644.17,2656.87,2640.96,559385,13294429,2157419255
2024-02-14,2620.42,-29.22,-1.1,2609.6,2627.31,2601.99,543525,10107666,2134335215
2024-02-15,2613.8,-6.62,-0.25,2643.81,2643.86,2613.8,621363,10691024,2128007410
2024-02-16,2648.76,34.96,1.34,2635.63,2648.76,2625.01,593842,10221804,2156678844
2024-02-19,2680.26,31.5,1.19,2653.12,2683.39,2653.12,422699,9820891,2182000860
2024-02-20,2657.79,-22.47,-0.84,2671.55,2673.84,2643.93,612668,9999238,2164246684
2024-02-21,2653.31,-4.48,-0.17,2656.92,2670.95,2644.04,562144,9150151,2160613141
2024-02-22,2664.27,10.96,0.41,2671.69,2671.69,2653.99,456397,10278919,2169296821
2024-02-23,2667.7,3.43,0.13,2681.03,2694.8,2665.21,415376,10282074,2172012828
2024-02-26,2647.08,-20.62,-0.77,2657.35,2659.6,2629.78,531661,10950641,2154285533
2024-02-27,2625.05,-22.03,-0.83,2654.76,2654.76,2619.38,574302,12634502,2138605309
2024-02-28,2652.29,27.24,1.04,2629.11,2657.32,2623.15,421553,10266443,2160300899
2024-02-29,2642.36,-9.93,-0.37,2643.48,2647.56,2628.62,496064,12975398,2154501763
2024-03-04,2674.27,31.91,1.21,2664.52,2682.8,2662.32,404014,12680158,2180068722
2024-03-05,2649.4,-24.87,-0.93,2660.8,2684.83,2649.35,457237,12207053,2159737908
2024-03-06,2641.49,-7.91,-0.3,2638.84,2649.78,2630.16,378994,10533006,2152385363
2024-03-07,2647.62,6.13,0.23,2653.98,2660.26,2633.57,462911,10871921,2157093122
2024-03-08,2680.35,32.73,1.24,2676.79,2688,2668.38,454260,11479441,2183434414
2024-03-11,2659.84,-20.51,-0.77,2665.58,2677.21,2658.74,391385,8856059,2165991240
2024-03-12,2681.81,21.97,0.83,2673.47,2686.14,2659.72,403969,9731031,2183694627
2024-03-13,2693.57,11.76,0.44,2694.71,2701.45,2679.54,498760,10957571,2193638399
2024-03-14,2718.76,25.19,0.94,2698.37,2718.76,2696.31,609288,14142603,2214176884
2024-03-15,2666.84,-51.92,-1.91,2701.91,2705.59,2666.84,584948,13235768,2171246911
2024-03-18,2685.84,19,0.71,2678.52,2688.07,2665.28,408182,9523806,2186414425
2024-03-19,2656.17,-29.67,-1.1,2673.57,2673.57,2645.14,695866,10702805,2162284635
2024-03-20,2690.14,33.97,1.28,2680.7,2692.52,2674.09,720452,12739395,2190991693
2024-03-21,2754.86,64.72,2.41,2731.18,2755.45,2724.25,825227,14013557,2244169944
2024-03-22,2748.56,-6.3,-0.23,2751.15,2763.06,2738.18,509545,11532687,2240018471
2024-03-25,2737.57,-10.99,-0.4,2756.59,2763.63,2731.7,489620,9979717,2230450710
2024-03-26,2757.09,19.52,0.71,2756.42,2779.4,2752.27,448301,12188273,2248074960
2024-03-27,2755.11,-1.98,-0.07,2745,2762.03,2745,510644,12461944,2246759369
2024-03-28,2745.82,-9.29,-0.34,2753.22,2756.86,2742.68,419278,11925009,2239561710
2024-03-29,2746.63,0.81,0.03,2757.27,2757.55,2739.12,495496,11190103,2240537708
2024-04-01,2747.86,1.23,0.04,2766.24,2769.87,2747.4,397601,10066835,2241082878
2024-04-02,2753.16,5.3,0.19,2744.15,2760.33,2737.19,630393,13116888,2247045532
2024-04-03,2706.97,-46.19,-1.68,2730.68,2732.29,2706.97,640806,13257040,2209038427
2024-04-04,2742,35.03,1.29,2738.24,2746.39,2727.1,477953,11978194,2238039851
2024-04-05,2714.21,-27.79,-1.01,2713.96,2730.47,2705.31,621031,11293864,2215451533
2024-04-08,2717.65,3.44,0.13,2718.76,2725.58,2706.74,620653,10560913,2218358194
2024-04-09,2705.16,-12.49,-0.46,2733.23,2741.23,2703.96,470184,10037705,2207593683
2024-04-11,2706.96,1.8,0.07,2665.4,2718.07,2661.92,561333,12789893,2209845127
2024-04-12,2681.82,-25.14,-0.93,2710.89,2712.45,2678.21,514575,11903471,2189191730
2024-04-15,2670.43,-11.39,-0.42,2661.36,2673.26,2641.16,561950,10506647,2179146669
2024-04-16,2609.63,-60.8,-2.28,2644.17,2647.6,2601.45,570212,12257739,2129095534
2024-04-17,2584.18,-25.45,-0.98,2619.15,2626.63,2584.18,414348,9779318,2108636206
2024-04-18,2634.7,50.52,1.95,2595.46,2642.03,2593.26,478786,10571080,2148591607
2024-04-19,2591.86,-42.84,-1.63,2600.69,2609.9,2553.55,809473,14044807,2113960518
2024-04-22,2629.44,37.58,1.45,2615.72,2629.44,2604.37,401892,11021071,2143157216
2024-04-23,2623.02,-6.42,-0.24,2632.15,2641.78,2619.72,430276,9948338,2137640963
2024-04-24,2675.75,52.73,2.01,2662.84,2677.85,2662.84,325740,10227695,2180629130
2024-04-25,2628.62,-47.13,-1.76,2646.8,2656.51,2628.62,334062,8987959,2142440795
2024-04-26,2656.33,27.71,1.05,2650.94,2662.1,2641.35,450521,10148866,2164477451
2024-04-29,2687.44,31.11,1.17,2675.46,2687.44,2665.21,470546,10491388,2189691726
2024-04-30,2692.06,4.62,0.17,2693.22,2710.23,2687.29,460084,11347130,2193843858
2024-05-02,2683.65,-8.41,-0.31,2679.04,2692.47,2678.84,351087,9059053,2186876850
2024-05-03,2676.63,-7.02,-0.26,2704.31,2705.26,2676.63,338612,7850447,2180854242
2024-05-07,2734.36,57.73,2.16,2718.17,2734.36,2716.62,532203,11153672,2228259503
2024-05-08,2745.05,10.69,0.39,2732.11,2745.05,2727.93,436315,10293633,2243933671
2024-05-09,2712.14,-32.91,-1.2,2743.29,2749.14,2710.25,423811,11102793,2216794076
2024-05-10,2727.63,15.49,0.57,2737.95,2743.58,2723.21,586133,11566879,2226624819
2024-05-13,2727.21,-0.42,-0.02,2735.2,2738.38,2713.92,625278,13054660,2226373173
2024-05-14,2730.34,3.13,0.11,2732.98,2735.82,2722.74,443296,9491100,2228236341
2024-05-16,2753,22.66,0.83,2770.27,2773.46,2748.22,521841,13253186,2246492513
2024-05-17,2724.62,-28.38,-1.03,2751.47,2752.17,2724.62,575936,11008339,2223763414
2024-05-20,2742.14,17.52,0.64,2741.24,2756.41,2734.64,582071,12502254,2237911832
2024-05-21,2724.18,-17.96,-0.65,2733.03,2734.48,2719.74,560819,10490361,2223367540
2024-05-22,2723.46,-0.72,-0.03,2723.46,2733.07,2707.87,484724,12378510,2223391188
2024-05-23,2721.81,-1.65,-0.06,2719.03,2734.27,2704,428079,11449262,2222186906
2024-05-24,2687.6,-34.21,-1.26,2693.65,2696.99,2681.17,501639,12363445,2193712334
2024-05-27,2722.99,35.39,1.32,2697.16,2725.08,2693.66,556710,15847768,2222058046
2024-05-28,2722.85,-0.14,-0.01,2715.52,2730.12,2714.34,440957,11586996,2221981776
2024-05-29,2677.3,-45.55,-1.67,2719.56,2721.63,2677.07,438981,13076461,2184383957
2024-05-30,2635.44,-41.86,-1.56,2666.63,2666.63,2635.44,372742,11132063,2150594912
2024-05-31,2636.52,1.08,0.04,2657.87,2664.48,2635.77,613718,16353907,2151017465
2024-06-03,2682.52,46,1.74,2657.81,2690.73,2657.81,782329,13995552,2188764088
2024-06-04,2662.1,-20.42,-0.76,2668.73,2679.47,2659.43,773460,12649033,2171834477
2024-06-05,2689.5,27.4,1.03,2681.11,2697.43,2667.63,881481,13624988,2194822320
2024-06-07,2722.67,33.17,1.23,2718.25,2729.63,2705.23,783871,12465270,2221091056
2024-06-10,2701.17,-21.5,-0.79,2698.71,2718.89,2689.19,506892,11327687,2203848895
2024-06-11,2705.32,4.15,0.15,2716.72,2718.88,2702.17,558893,11776520,2206744123
2024-06-12,2728.17,22.85,0.84,2709.65,2730.3,2707.44,511009,11839576,2224929133
2024-06-13,2754.89,26.72,0.98,2764.18,2776.72,2752.61,700027,19135858,2247116757
2024-06-14,2758.42,3.53,0.13,2759.22,2769.16,2750.86,644979,16187046,2250826809
2024-06-17,2744.1,-14.32,-0.52,2754.83,2759.86,2741.03,593985,12457646,2237952931
2024-06-18,2763.92,19.82,0.72,2765.7,2772.35,2759.03,561975,13269478,2254082532
2024-06-19,2797.33,33.41,1.21,2786.16,2799.32,2786.16,646706,14069564,2280984108
2024-06-20,2807.63,10.3,0.37,2802.1,2812.62,2796.37,758166,13576970,2289946832
2024-06-21,2784.26,-23.37,-0.83,2794.87,2797,2777.33,631143,14492985,2270593310
2024-06-24,2764.73,-19.53,-0.7,2772.85,2782.9,2758.09,594166,11082707,2257243669
2024-06-25,2774.39,9.66,0.35,2765.76,2780.42,2765.76,714242,11767748,2265008234
2024-06-26,2792.05,17.66,0.64,2767.43,2792.07,2762.98,535034,11325143,2279120474
2024-06-27,2784.06,-7.99,-0.29,2767.62,2784.33,2761.55,397169,10271109,2273422811
2024-06-28,2797.82,13.76,0.49,2792.79,2797.82,2782.4,610550,11020138,2283888694
2024-07-01,2804.31,6.49,0.23,2792.96,2805.95,2783.98,459218,9945337,2289631234
2024-07-02,2780.86,-23.45,-0.84,2798.65,2805.42,2776.62,538842,11648477,2270445338
2024-07-03,2794.01,13.15,0.47,2797.14,2799.7,2774.71,340338,10243957,2281636129
2024-07-04,2824.94,30.93,1.11,2817.06,2824.94,2808.88,393739,13067110,2307278993
2024-07-05,2862.23,37.29,1.32,2836.21,2871.96,2836.21,378159,13142275,2338315470
2024-07-08,2857.76,-4.47,-0.16,2862.58,2868.99,2855.53,425056,9938577,2335361801
2024-07-09,2867.38,9.62,0.34,2872.63,2875.37,2854.13,456429,11241864,2339688644
2024-07-10,2867.99,0.61,0.02,2863.05,2871.56,2858.87,472473,11841459,2340811915
2024-07-11,2891.35,23.36,0.81,2888.76,2896.43,2879.28,462217,14649701,2363627179
2024-07-12,2857,-34.35,-1.19,2867.75,2872.25,2844.88,408178,14085703,2329431205
2024-07-15,2860.92,3.92,0.14,2869.15,2872.9,2848.93,424458,12165673,2334446313
2024-07-16,2866.09,5.17,0.18,2861.71,2872.21,2857.07,677905,12660326,2338465519
2024-07-17,2843.29,-22.8,-0.8,2865.9,2868.58,2841.33,549094,13923509,2320318935
2024-07-18,2824.35,-18.94,-0.67,2805.64,2824.35,2799.02,658375,15548196,2304940337
2024-07-19,2795.46,-28.89,-1.02,2800.21,2802.68,2776.99,426208,9585235,2280949590
2024-07-22,2763.51,-31.95,-1.14,2790.99,2795.12,2752.63,463878,10499644,2255636584
2024-07-23,2774.29,10.78,0.39,2788.83,2796.92,2765.81,423403,11526842,2265131154
2024-07-24,2758.71,-15.58,-0.56,2755.5,2778.31,2748.65,469221,11053910,2251624859
2024-07-25,2710.65,-48.06,-1.74,2721.29,2725.15,2703.86,440318,13673709,2212260229
2024-07-26,2731.9,21.25,0.78,2724.99,2738.4,2715.75,516468,12971732,2228963595
2024-07-29,2765.53,33.63,1.23,2748.32,2776.86,2742.69,456516,10963603,2257406067
2024-07-30,2738.19,-27.34,-0.99,2744.4,2754.53,2732.82,392868,10199651,2235428827
2024-07-31,2770.69,32.5,1.19,2745.58,2770.7,2733.63,557090,12197992,2262832341
2024-08-01,2777.68,6.99,0.25,2787.27,2794.11,2772.97,480834,10904975,2268412040
2024-08-02,2676.19,-101.49,-3.65,2719.39,2725.05,2666.4,531785,13102123,2189768948
2024-08-05,2441.55,-234.64,-8.77,2611.3,2611.3,2386.96,763778,18781701,1997745883
2024-08-06,2522.15,80.6,3.3,2533.34,2578.77,2491.47,567266,15535849,2063686211
2024-08-07,2568.41,46.26,1.83,2515.27,2594.83,2510.82,476991,13081660,2102251051
2024-08-08,2556.73,-11.68,-0.45,2530.21,2570.34,2518.52,495299,11463675,2092077568
2024-08-09,2588.43,31.7,1.24,2603.08,2603.08,2575.9,475012,9721687,2118139216
2024-08-12,2618.3,29.87,1.15,2602.16,2622.86,2602.01,293084,7601222,2142430302
2024-08-13,2621.5,3.2,0.12,2624.5,2636.12,2607.52,378532,8965946,2145433740
2024-08-14,2644.5,23,0.88,2649.11,2653.71,2632.44,328748,8867077,2164754883
2024-08-16,2697.23,52.73,1.99,2695.49,2699.61,2680.74,385852,11192930,2208881288
2024-08-19,2674.36,-22.87,-0.85,2697.97,2699.84,2664.28,395637,9262568,2189820559
2024-08-20,2696.63,22.27,0.83,2699.74,2706.05,2686.06,484188,8954163,2206940382
2024-08-21,2701.13,4.5,0.17,2687.2,2704.98,2684.61,417330,9378558,2210561176
2024-08-22,2707.67,6.54,0.24,2710.95,2711.38,2690.35,441756,8946317,2215412799
2024-08-23,2701.69,-5.98,-0.22,2690.8,2712.84,2689.54,330592,8285768,2210797299
2024-08-26,2698.01,-3.68,-0.14,2716.88,2718.47,2688.79,333688,9087411,2206549659
2024-08-27,2689.25,-8.76,-0.32,2696.24,2700.18,2681.92,264057,8050720,2199479584
2024-08-28,2689.83,0.58,0.02,2690.59,2695.51,2671.59,280774,10567478,2200592607
2024-08-29,2662.28,-27.55,-1.02,2657.18,2672.9,2649.56,288836,11464720,2178258767
2024-08-30,2674.31,12.03,0.45,2676.72,2686.51,2668.66,278845,10340761,2187461756
2024-09-02,2681,6.69,0.25,2683.8,2686.98,2658.31,266993,8669963,2192680031
2024-09-03,2664.63,-16.37,-0.61,2683.12,2695.59,2664.63,303460,8978417,2178330436
2024-09-04,2580.8,-83.83,-3.15,2589.94,2608.13,2578.07,455469,11370290,2109693405
2024-09-05,2575.5,-5.3,-0.21,2598.36,2615.8,2560.65,379003,10189751,2103967318
2024-09-06,2544.28,-31.22,-1.21,2576.66,2576.94,2529.31,374782,8685310,2079144168
2024-09-09,2535.93,-8.35,-0.33,2498.67,2543.22,2491.3,270231,7454381,2071956885
2024-09-10,2523.43,-12.5,-0.49,2542.69,2544.83,2522.48,347650,8421867,2061808623
2024-09-11,2513.37,-10.06,-0.4,2524.86,2526.13,2493.37,302561,9623016,2051977998
2024-09-12,2572.09,58.72,2.34,2547.5,2572.09,2537.87,340479,11282357,2099101130
2024-09-13,2575.41,3.32,0.13,2571.81,2584.11,2562.91,358263,8422029,2101346639
2024-09-19,2580.8,5.39,0.21,2594.67,2598.68,2550.09,385081,12871059,2106110322
2024-09-20,2593.37,12.57,0.49,2603.83,2619.55,2591.4,495964,14276593,2116582293
2024-09-23,2602.01,8.64,0.33,2596.47,2603.57,2588.49,339140,9526459,2122839425
2024-09-24,2631.68,29.67,1.14,2612.45,2631.68,2597.81,355097,10338361,2146552075
2024-09-25,2596.32,-35.36,-1.34,2652.71,2663.36,2596.32,454472,11671497,2118800294
2024-09-26,2671.57,75.25,2.9,2630.91,2671.57,2630.3,324889,11602406,2179114311
2024-09-27,2649.78,-21.79,-0.82,2674.58,2681.45,2649.78,413004,11987018,2162827764
2024-09-30,2593.27,-56.51,-2.13,2665.24,2668.66,2593.27,358916,10806867,2115975531
2024-10-02,2561.69,-31.58,-1.22,2566.55,2591.61,2555.46,351004,9607877,2091253055
2024-10-04,2569.71,8.02,0.31,2563.7,2585.59,2555.57,414329,10016557,2097299170
2024-10-07,2610.38,40.67,1.58,2579.2,2611.93,2561.46,343671,10378944,2129898509
2024-10-08,2594.36,-16.02,-0.61,2592.65,2601.96,2581.79,318240,9168276,2116186428
2024-10-10,2599.16,4.8,0.19,2611.65,2613.61,2596.86,618560,13867594,2118769902
2024-10-11,2596.91,-2.25,-0.09,2612.02,2621.93,2594.43,491276,9548436,2116899470
2024-10-14,2623.29,26.38,1.02,2602.63,2628.54,2602.63,401706,8525414,2138449590
2024-10-15,2633.45,10.16,0.39,2632.37,2635.32,2615.47,438293,10054356,2147319523
2024-10-16,2610.36,-23.09,-0.88,2606.7,2622.33,2601.35,437553,10053097,2129276601
2024-10-17,2609.3,-1.06,-0.04,2620.74,2622.71,2603.52,331265,9953645,2127416627
2024-10-18,2593.82,-15.48,-0.59,2616.04,2618.32,2587.96,265201,8274854,2115279710
2024-10-21,2604.92,11.1,0.43,2600.77,2618.71,2594.05,240675,7757214,2124505397
2024-10-22,2570.7,-34.22,-1.31,2600.87,2604.16,2564.46,343318,8958061,2096600928
2024-10-23,2599.62,28.92,1.12,2575.25,2607.79,2567.42,352421,9430155,2120697376
2024-10-24,2581.03,-18.59,-0.72,2591.69,2600.26,2578.8,343098,9733937,2104042768
2024-10-25,2583.27,2.24,0.09,2597.44,2611.27,2577,462898,10286877,2105651493
2024-10-28,2612.43,29.16,1.13,2588.45,2612.96,2587.2,333736,9133006,2129841276
2024-10-29,2617.8,5.37,0.21,2606.94,2617.8,2595.86,363290,9341171,2134424480
2024-10-30,2593.79,-24.01,-0.92,2606.99,2613.47,2586.88,487359,9067046,2114675138
2024-10-31,2556.15,-37.64,-1.45,2575.24,2579.65,2552.36,406613,10980673,2083807734
2024-11-01,2542.36,-13.79,-0.54,2542.96,2559.3,2536.84,319849,7944318,2072677283
2024-11-04,2588.97,46.61,1.83,2549.04,2588.97,2542.68,373943,8064749,2110215065
2024-11-05,2576.88,-12.09,-0.47,2570.24,2586.73,2564.66,310875,7716008,2100113789
2024-11-06,2563.51,-13.37,-0.52,2591.9,2592.75,2544.04,548506,11791888,2089044037
2024-11-07,2564.63,1.12,0.04,2557.23,2579.81,2540.48,465146,10809704,2089840469
2024-11-08,2561.15,-3.48,-0.14,2586.7,2593.15,2553.42,448734,9921212,2087229090
2024-11-11,2531.66,-29.49,-1.15,2562.05,2562.05,2525.56,572197,11290168,2062998744
2024-11-12,2482.57,-49.09,-1.94,2527.94,2532.44,2481.53,735813,12848018,2022644867
2024-11-13,2417.08,-65.49,-2.64,2468.27,2478.87,2415.77,619176,11208360,1970663209
2024-11-14,2418.86,1.78,0.07,2430.26,2441.43,2410.93,639990,13017388,1972611776
2024-11-15,2416.86,-2,-0.08,2413.05,2433.18,2390.56,623327,12365759,1973513510
2024-11-18,2469.07,52.21,2.16,2440.31,2480.01,2437.53,443926,10621301,2017377527
2024-11-19,2471.95,2.88,0.12,2469.13,2479.39,2465.15,410856,9085861,2019146279
2024-11-20,2482.29,10.34,0.42,2475.76,2489.15,2471.79,408790,7820085,2033134230
2024-11-21,2480.63,-1.66,-0.07,2474.62,2496.97,2474.62,451119,8356409,2032824143
2024-11-22,2501.24,20.61,0.83,2493.42,2511.23,2492.21,543518,8017171,2048900260
2024-11-25,2534.34,33.1,1.32,2524.11,2541.76,2517.98,564692,13495228,2075112932
2024-11-26,2520.36,-13.98,-0.55,2521.39,2526.62,2512.21,441709,8709923,2064372966
2024-11-27,2503.06,-17.3,-0.69,2518.82,2526.32,2498.32,414339,8586049,2049072450
2024-11-28,2504.67,1.61,0.06,2499.69,2513.63,2495.64,342571,7572753,2050357986
2024-11-29,2455.91,-48.76,-1.95,2496.93,2496.93,2446.96,384278,9106482,2011421419
2024-12-02,2454.48,-1.43,-0.06,2479.02,2483.29,2448.45,328110,7591740,2009713878
2024-12-03,2500.1,45.62,1.86,2472.06,2500.67,2471.55,324138,9145173,2046261046
2024-12-04,2464,-36.1,-1.44,2450.76,2483.04,2442.46,670284,13296925,2016934530
2024-12-05,2441.85,-22.15,-0.9,2471.45,2471.45,2434.78,519352,9720716,1999305298
2024-12-06,2428.16,-13.69,-0.56,2451.6,2459.24,2397.73,630409,10726880,1988510021
2024-12-09,2360.58,-67.58,-2.78,2392.37,2399.52,2360.18,591644,10004535,1933161935
2024-12-10,2417.84,57.26,2.43,2384.51,2419.06,2384.51,598770,9303804,1979769347
2024-12-11,2442.51,24.67,1.02,2412.15,2443.34,2411.38,617716,7745861,1999754742
2024-12-12,2482.12,39.61,1.62,2456.63,2487.95,2448.76,664187,12259144,2032250619
2024-12-13,2494.46,12.34,0.5,2473.75,2500.32,2470.24,577737,8849455,2042115884
2024-12-16,2488.97,-5.49,-0.22,2511.08,2515.62,2483.43,526708,8466422,2037825063
2024-12-17,2456.81,-32.16,-1.29,2487.31,2487.31,2455.05,559040,9284836,2010343833
2024-12-18,2484.43,27.62,1.12,2463.06,2492,2462.82,441678,8338566,2033135713
2024-12-19,2435.93,-48.5,-1.95,2426.55,2450.05,2423.59,504467,8443750,1993417138
2024-12-20,2404.15,-31.78,-1.3,2429.63,2430.69,2389.86,617782,9347348,1967064817
2024-12-23,2442.01,37.86,1.57,2423.36,2446.97,2413.62,428167,7375540,1998047401
2024-12-24,2440.52,-1.49,-0.06,2450.55,2452.85,2432.42,386778,6740790,1997825854
2024-12-26,2429.67,-10.85,-0.44,2449.52,2449.52,2428.82,322800,6410407,1989005161
2024-12-27,2404.77,-24.9,-1.02,2419.46,2423.86,2388.33,311291,6339607,1966956733
2024-12-30,2399.49,-5.28,-0.22,2397.49,2429.75,2390.44,303964,5315451,1963328801
2025-01-02,2398.94,-0.55,-0.02,2400.87,2410.99,2386.84,350692,6958649,1963454272
2025-01-03,2441.92,42.98,1.79,2402.58,2454.67,2402.58,407536,8230070,1998126925
2025-01-06,2488.64,46.72,1.91,2453.3,2489.1,2446.82,302761,8142308,2036394312
2025-01-07,2492.1,3.46,0.14,2513.49,2521.86,2492.09,407693,9405964,2038522933
2025-01-08,2521.05,28.95,1.16,2481.25,2526.77,2481.25,362909,10391058,2062626682
2025-01-09,2521.9,0.85,0.03,2526.1,2535.87,2515.82,404290,11524454,2063837693
2025-01-10,2515.78,-6.12,-0.24,2528.42,2535.24,2506.29,377587,9691008,2058638842
2025-01-13,2489.56,-26.22,-1.04,2508.15,2513.93,2483.73,578565,9049053,2036397075
2025-01-14,2497.4,7.84,0.31,2501.49,2504.89,2482.74,414488,8199245,2042488522
2025-01-15,2496.81,-0.59,-0.02,2511.07,2524.36,2493.1,538534,9176244,2041769171
2025-01-16,2527.49,30.68,1.23,2528.27,2534.01,2519.86,451063,9432261,2065809158
2025-01-17,2523.55,-3.94,-0.16,2520.85,2528.48,2513.84,445885,10011840,2062320504
2025-01-20,2520.05,-3.5,-0.14,2533.68,2536.72,2516.28,437546,8663519,2059663885
2025-01-21,2518.03,-2.02,-0.08,2533.23,2548.44,2507.95,572011,9323574,2058259490
2025-01-22,2547.06,29.03,1.15,2535.8,2552.57,2526.89,583737,11074515,2081713985
2025-01-23,2515.49,-31.57,-1.24,2541.24,2541.6,2515.49,609742,9907821,2056088892
2025-01-24,2536.8,21.31,0.85,2529.29,2542.83,2522.64,602015,10179284,2073049460
2025-01-31,2517.37,-19.43,-0.77,2534.33,2537.98,2496.95,454403,13759431,2057132279
2025-02-03,2453.95,-63.42,-2.52,2468.74,2468.74,2437.61,522848,11649963,2005228762
2025-02-04,2481.69,27.74,1.13,2481.44,2508.35,2471.63,479377,11000938,2028588345
2025-02-05,2509.27,27.58,1.11,2503.94,2514.71,2498.74,437344,9949595,2056473641
2025-02-06,2536.75,27.48,1.1,2521.82,2536.75,2515.34,479697,11863048,2078576668
2025-02-07,2521.92,-14.83,-0.58,2532.09,2537.63,2519.01,419872,10240141,2066649816
2025-02-10,2521.27,-0.65,-0.03,2510.64,2527.33,2499.18,393564,10582466,2067049976
2025-02-11,2539.05,17.78,0.71,2532.87,2549.44,2527.74,451093,11023156,2081311466
2025-02-12,2548.39,9.34,0.37,2534.71,2549.58,2528.74,464894,13668984,2088883960
2025-02-13,2583.17,34.78,1.36,2558.95,2583.74,2555.98,680342,17104156,2116865565
2025-02-14,2591.05,7.88,0.31,2588.2,2600.57,2582.84,499365,13917626,2123295637
2025-02-17,2610.42,19.37,0.75,2595.99,2612.8,2592.57,366340,11017333,2138576065
2025-02-18,2626.81,16.39,0.63,2613.25,2628.47,2605.15,421993,12618242,2152414940
2025-02-19,2671.52,44.71,1.7,2633.91,2680.7,2633.91,525799,14851622,2190321477
2025-02-20,2654.06,-17.46,-0.65,2661.72,2667.59,2645.53,529303,14551191,2176898821
2025-02-21,2654.58,0.52,0.02,2653.76,2656.04,2638.44,444704,11381060,2176175331
2025-02-24,2645.27,-9.31,-0.35,2636.12,2645.27,2626.88,536354,10802085,2167788263
2025-02-25,2630.29,-14.98,-0.57,2617.64,2641.49,2617.12,410285,10508476,2155255659
2025-02-26,2641.09,10.8,0.41,2629.86,2648.06,2620.16,386763,11218720,2163540431
2025-02-27,2621.75,-19.34,-0.73,2637.63,2638.47,2610.47,513910,10802121,2147708335
2025-02-28,2532.78,-88.97,-3.39,2585.61,2586.78,2531.24,588572,15637225,2074378682
2025-03-04,2528.92,-3.86,-0.15,2522.2,2548.78,2513.31,484081,13115384,2071277909
2025-03-05,2558.13,29.21,1.16,2548.45,2561.47,2535.18,569412,13021642,2094580712
2025-03-06,2576.16,18.03,0.7,2573.55,2583.65,2565.57,609616,11319665,2105642394
2025-03-07,2563.48,-12.68,-0.49,2553.44,2575.48,2541.49,567191,12155165,2095892197
2025-03-10,2570.39,6.91,0.27,2555.4,2579.76,2549.99,435695,9881354,2101439969
2025-03-11,2537.6,-32.79,-1.28,2516.69,2547.88,2505.91,399016,10917541,2074862208
2025-03-12,2574.82,37.22,1.47,2552.6,2579.69,2541.66,401645,12284769,2105091421
2025-03-13,2573.64,-1.18,-0.05,2598.06,2600.07,2561.02,427292,13112911,2103969036
2025-03-14,2566.36,-7.28,-0.28,2565.18,2576.74,2559.24,362329,9941800,2100287748
2025-03-17,2610.69,44.33,1.73,2588.32,2610.69,2587.52,396574,11995073,2137307330
2025-03-18,2612.34,1.65,0.06,2627.27,2638.56,2606.91,555527,12034579,2138918441
2025-03-19,2628.62,16.28,0.62,2613.48,2642.83,2613.48,653327,11841495,2153080834
2025-03-20,2637.1,8.48,0.32,2648.16,2650.72,2629.2,455019,11989258,2160968151
2025-03-21,2643.13,6.03,0.23,2633.9,2645.82,2617.78,497529,14188128,2166240031
2025-03-24,2632.07,-11.06,-0.42,2636.43,2648.82,2629.38,372432,6924064,2156710254
2025-03-25,2615.81,-16.26,-0.62,2653.04,2654.63,2612.74,439279,8305060,2143539657
2025-03-26,2643.94,28.13,1.08,2628.09,2649.15,2618.05,507916,7655330,2166757904
2025-03-27,2607.15,-36.79,-1.39,2620.28,2633.03,2603.41,403314,7676249,2137689098
2025-03-28,2557.98,-49.17,-1.89,2592.63,2592.63,2549.26,513561,7150422,2097055968
2025-03-31,2481.12,-76.86,-3,2513.44,2514.22,2479.46,391593,8236353,2033508108
2025-04-01,2521.39,40.27,1.62,2511.24,2530.61,2494.43,453394,6939450,2066091544
2025-04-02,2505.86,-15.53,-0.62,2525.62,2532.15,2499.83,515600,7316125,2053517298
2025-04-03,2486.7,-19.16,-0.76,2437.43,2488.92,2437.43,480057,8267471,2037334829
2025-04-04,2465.42,-21.28,-0.86,2450.49,2506.71,2438.02,695075,10742834,2019896587
2025-04-07,2328.2,-137.22,-5.57,2359.25,2369.4,2327.01,619501,10505493,1907591513
2025-04-08,2334.23,6.03,0.26,2381.2,2381.31,2328.94,557018,9122474,1912870142
2025-04-09,2293.7,-40.53,-1.74,2329.99,2337.58,2284.72,699642,9560333,1880172677
2025-04-10,2445.06,151.36,6.6,2395.13,2445.06,2391.39,670388,11055426,2002786361
2025-04-11,2432.72,-12.34,-0.5,2400.74,2433.18,2394.25,369703,7687103,1991847800
2025-04-14,2455.89,23.17,0.95,2454.28,2465.56,2449.48,488618,6687794,2011102253
2025-04-15,2477.41,21.52,0.88,2464.51,2482.56,2461.23,560340,6510809,2027996670
2025-04-16,2447.43,-29.98,-1.21,2472.78,2475.83,2442.72,613174,6725688,2004854313
2025-04-17,2470.41,22.98,0.94,2451.7,2473.24,2447.4,601739,6606299,2023188316
2025-04-18,2483.42,13.01,0.53,2473.3,2486.37,2466.9,450985,5649647,2033957407
2025-04-21,2488.42,5,0.2,2486.38,2498.84,2479.23,428977,5239733,2038270655
2025-04-22,2486.64,-1.78,-0.07,2481.18,2494.59,2476.14,416680,6182471,2036867826
2025-04-23,2525.56,38.92,1.57,2520.56,2526.72,2507.1,538116,7764180,2068411538
2025-04-24,2522.33,-3.23,-0.13,2525.34,2530.61,2507.21,327935,7272322,2066148877
2025-04-25,2546.3,23.97,0.95,2544.59,2553.33,2534.94,403528,8760600,2085721221
2025-04-28,2548.86,2.56,0.1,2551.23,2558.69,2541.97,454102,7803355,2087208356
2025-04-29,2565.42,16.56,0.65,2550.25,2571.41,2542.25,547081,9215174,2100881633
2025-04-30,2556.61,-8.81,-0.34,2561.04,2570.83,2544.46,487489,8435602,2094129065
2025-05-02,2559.79,3.18,0.12,2556.52,2567.04,2540.57,585492,8327449,2095822346
2025-05-07,2573.8,14.01,0.55,2577.04,2581.85,2559.17,546755,8935449,2106864658
2025-05-08,2579.48,5.68,0.22,2581.27,2590.9,2575.78,471636,10270131,2111359746
2025-05-09,2577.27,-2.21,-0.09,2587.93,2589.58,2571.2,485550,8034853,2110382907
2025-05-12,2607.33,30.06,1.17,2593.94,2607.33,2585.6,409749,8527540,2135960504
2025-05-13,2608.42,1.09,0.04,2601.76,2620.64,2601.58,422460,8746089,2139365846
2025-05-14,2640.57,32.15,1.23,2625.36,2646.01,2619.15,390504,8893192,2165384001
2025-05-15,2621.36,-19.21,-0.73,2634.5,2643.83,2618.08,339579,7254025,2150748687
2025-05-16,2626.87,5.51,0.21,2630.64,2633.98,2619.1,359707,8025032,2154435500
2025-05-19,2603.42,-23.45,-0.89,2613.7,2619.43,2593.44,313296,6752438,2134853767
2025-05-20,2601.8,-1.62,-0.06,2622.68,2622.91,2598.1,456989,7661430,2133507447
2025-05-21,2625.58,23.78,0.91,2615.9,2633.41,2614.73,371527,7441129,2151605514
2025-05-22,2593.67,-31.91,-1.22,2614.66,2616.53,2588.09,358064,8965468,2126011919
2025-05-23,2592.09,-1.58,-0.06,2603.57,2604.14,2589.51,434024,8659674,2124299598
2025-05-26,2644.4,52.31,2.02,2598.45,2644.4,2595.96,380173,8342810,2166285732
2025-05-27,2637.22,-7.18,-0.27,2630.29,2642.63,2625.66,318286,7908808,2160239944
2025-05-28,2670.15,32.93,1.25,2648.86,2692.47,2643.5,405474,11238814,2188074979
2025-05-29,2720.64,50.49,1.89,2691.06,2720.64,2686.64,448341,10895570,2229208578
2025-05-30,2697.67,-22.97,-0.84,2713.24,2717.54,2689.87,525661,14803606,2210646191
2025-06-02,2698.97,1.3,0.05,2692.91,2719.87,2685.14,323604,8062944,2211661470
2025-06-04,2770.84,71.87,2.66,2737.92,2771.03,2734.02,489937,12106350,2270569998
2025-06-05,2812.05,41.21,1.49,2790.33,2831.11,2787.76,556013,13293000,2302942060
2025-06-09,2855.77,43.72,1.55,2841.56,2867.27,2841.39,537617,14030331,2337790729
2025-06-10,2871.85,16.08,0.56,2872.62,2885.67,2849.67,508185,14289818,2350164580
2025-06-11,2907.04,35.19,1.23,2887.32,2908.16,2879.92,393930,12475003,2378921385
2025-06-12,2920.03,12.99,0.45,2909.99,2934.31,2909.99,713706,17344656,2389048717
2025-06-13,2894.62,-25.41,-0.87,2930.57,2932.38,2877.07,931658,17462764,2369323120
2025-06-16,2946.66,52.04,1.8,2903.5,2947.07,2886.13,726352,14401114,2410638878
2025-06-17,2950.3,3.64,0.12,2959.93,2998.62,2925.79,939594,17915935,2414138075
2025-06-18,2972.19,21.89,0.74,2933.63,2979.32,2933.63,576548,14668323,2432540490
2025-06-19,2977.74,5.55,0.19,2989.56,2996.04,2954.47,433311,13786566,2436368787
2025-06-20,3021.84,44.1,1.48,2986.52,3022.06,2972.37,484865,17974844,2471814407
2025-06-23,3014.47,-7.37,-0.24,2992.2,3019.81,2971.36,625651,17879770,2465283336
2025-06-24,3103.64,89.17,2.96,3061.14,3105.04,3061.14,579201,19107340,2538235151
2025-06-25,3108.25,4.61,0.15,3127.79,3129.09,3084.86,644761,19662628,2543092930
2025-06-26,3079.56,-28.69,-0.92,3108.34,3113.03,3036.55,460612,17030574,2519593952
2025-06-27,3055.94,-23.62,-0.77,3077.87,3093.56,3041.85,381634,13970283,2500663765
2025-06-30,3071.7,15.76,0.52,3072.75,3086,3063.42,464163,13333814,2512091649
2025-07-01,3089.65,17.95,0.58,3089.64,3133.52,3088.45,576017,15184804,2527488234
2025-07-02,3075.06,-14.59,-0.47,3083.82,3090.61,3032.47,696798,14829870,2516192194
2025-07-03,3116.27,41.21,1.34,3100.33,3116.27,3085.98,539120,14883214,2551106276
2025-07-04,3054.28,-61.99,-1.99,3122.28,3123.84,3052.91,520763,13571164,2501091815
2025-07-07,3059.47,5.19,0.17,3044.78,3068.43,3032.99,359405,10204543,2504046206
2025-07-08,3114.95,55.48,1.81,3071.74,3115.86,3066.03,745793,13491405,2548966093
2025-07-09,3133.74,18.79,0.6,3123.22,3137.17,3111.02,642961,12654910,2563422971
2025-07-10,3183.23,49.49,1.58,3144.14,3183.23,3133.81,596572,14124821,2603739245
2025-07-11,3175.77,-7.46,-0.23,3186.35,3216.69,3170.46,465292,13342066,2598982928
2025-07-14,3202.03,26.26,0.83,3175.59,3202.06,3170.72,444036,11565586,2620057063
2025-07-15,3215.28,13.25,0.41,3194.82,3216.01,3183.83,419652,12238772,2631087507
2025-07-16,3186.38,-28.9,-0.9,3207.48,3209.2,3178.42,531499,11328776,2608342484
2025-07-17,3192.29,5.91,0.19,3201.42,3201.42,3152.42,424788,15365406,2613900036
2025-07-18,3188.07,-4.22,-0.13,3200.44,3204.75,3169.69,393449,11939230,2610008447
2025-07-21,3210.81,22.74,0.71,3191.11,3211.14,3188.87,343911,10662279,2632829589
2025-07-22,3169.94,-40.87,-1.27,3210.12,3220.27,3155.25,378486,11604659,2599056210
2025-07-23,3183.77,13.83,0.44,3189.65,3199.86,3141.93,664826,12201365,2610788646
2025-07-24,3190.45,6.68,0.21,3209.43,3237.97,3183.05,425500,12993187,2615776094
2025-07-25,3196.05,5.6,0.18,3184.37,3205.82,3184.37,389291,9822238,2621558326
2025-07-28,3209.52,13.47,0.42,3228.61,3228.61,3180.18,502720,13872945,2634028945
2025-07-29,3230.57,21.05,0.66,3192.17,3232.31,3169.03,373203,12769213,2651327887
2025-07-30,3254.47,23.9,0.74,3233.31,3269.4,3227.28,338074,12968500,2671786676
2025-07-31,3245.44,-9.03,-0.28,3275.78,3288.26,3227.46,540324,16455572,2662743381
2025-08-01,3119.41,-126.03,-3.88,3210.32,3210.32,3117.92,507776,15281249,2563576815
2025-08-04,3147.75,28.34,0.91,3114.27,3157.45,3105.63,293454,9724691,2587242951
2025-08-05,3198,50.25,1.6,3187.15,3212.31,3174.23,273440,10950201,2627767157
2025-08-06,3198.14,0.14,0,3182.06,3200.15,3176.61,327358,11128302,2627785497
2025-08-07,3227.68,29.54,0.92,3214.81,3227.68,3200.28,327048,11201368,2652059094
2025-08-08,3210.01,-17.67,-0.55,3220.58,3227.28,3198.31,341443,11401117,2640295717
2025-08-11,3206.77,-3.24,-0.1,3220.72,3223.23,3199.9,304968,10338941,2637340170
2025-08-12,3189.91,-16.86,-0.53,3209.75,3242.17,3189.58,373217,10165450,2623723769
2025-08-13,3224.37,34.46,1.08,3225.4,3226.37,3192.17,320070,10352060,2652083637
2025-08-14,3225.66,1.29,0.04,3226.52,3239.55,3210.83,441468,10002173,2652623804
2025-08-18,3177.28,-48.38,-1.5,3202.63,3206.77,3177.28,326133,8941932,2612867378
2025-08-19,3151.56,-25.72,-0.81,3185.04,3185.48,3142.48,285291,8624170,2592063275
2025-08-20,3130.09,-21.47,-0.68,3121.52,3132.83,3079.27,335285,11773563,2574971562
2025-08-21,3141.74,11.65,0.37,3140.71,3166.54,3134.86,276915,10893275,2584834309
2025-08-22,3168.73,26.99,0.86,3165.41,3181.95,3159.45,236797,8337524,2606520881
2025-08-25,3209.86,41.13,1.3,3195.14,3209.86,3180.12,220165,8091673,2639930147
2025-08-26,3179.36,-30.5,-0.95,3199.92,3199.92,3175.31,325353,12954910,2614613563
2025-08-27,3187.16,7.8,0.25,3185.87,3189.31,3165.77,281721,8851872,2621003592
2025-08-28,3196.32,9.16,0.29,3175.33,3211.34,3164.08,312188,9875760,2627849619
2025-08-29,3186.01,-10.31,-0.32,3208.8,3212.69,3184.48,245132,8969308,2619011117
2025-09-01,3142.93,-43.08,-1.35,3164.58,3177.4,3135.02,260138,8003231,2583440143
2025-09-02,3172.35,29.42,0.94,3155.73,3174.16,3151.93,310678,8676468,2608214267
2025-09-03,3184.42,12.07,0.38,3177.75,3187.48,3167.23,335816,8811869,2618478733
2025-09-04,3200.83,16.41,0.52,3188.84,3205.61,3185.49,286256,7977947,2631602508
2025-09-05,3205.12,4.29,0.13,3208.83,3214.64,3196.19,323845,10942042,2636841421
2025-09-08,3219.59,14.47,0.45,3209.81,3221.14,3206.34,372300,8217818,2648880278
2025-09-09,3260.05,40.46,1.26,3231.31,3260.05,3221.98,439946,10628641,2682471396
2025-09-10,3314.53,54.48,1.67,3272.2,3317.77,3272.07,564707,13703545,2726778752
2025-09-11,3344.2,29.67,0.9,3336.6,3344.7,3311.86,435589,14947009,2750487884
2025-09-12,3395.54,51.34,1.54,3374.65,3395.54,3362.86,448857,13932277,2792432471
2025-09-15,3407.31,11.77,0.35,3407.78,3420.23,3391.33,378854,12792738,2802795682
2025-09-16,3449.62,42.31,1.24,3421.13,3452.5,3418.1,406214,14058945,2838180011
2025-09-17,3413.4,-36.22,-1.05,3433.83,3433.83,3406.75,326610,11611597,2808274006
2025-09-18,3461.3,47.9,1.4,3432.77,3461.3,3422.77,391177,12409117,2848188126
2025-09-19,3445.24,-16.06,-0.46,3461.23,3467.89,3434.61,348845,15111283,2834490036
2025-09-22,3468.65,23.41,0.68,3463.84,3482.25,3458.87,287867,11996187,2855488315
2025-09-23,3486.19,17.54,0.51,3489.46,3494.49,3467.83,358335,12152383,2869842571
2025-09-24,3472.14,-14.05,-0.4,3492.03,3497.95,3442.41,287145,11806998,2858429846
2025-09-25,3471.11,-1.03,-0.03,3458.98,3479.42,3454.08,293075,12640781,2857634253
2025-09-26,3386.05,-85.06,-2.45,3440.39,3441.91,3365.73,399150,12606212,2787520692
2025-09-29,3431.21,45.16,1.33,3414.43,3439.12,3413.33,416480,10008859,2824950734
2025-09-30,3424.6,-6.61,-0.19,3436,3443.38,3421.89,526402,11157443,2817769969
2025-10-01,3455.83,31.23,0.91,3444.06,3459.74,3440.42,493641,12344643,2845543747
2025-10-02,3549.21,93.38,2.7,3525.48,3565.96,3512.16,402107,19456117,2922226398
2025-10-10,3610.6,61.39,1.73,3598.11,3617.86,3569.44,407411,19600845,2974646442
2025-10-13,3584.55,-26.05,-0.72,3550.08,3584.55,3522.54,408033,14270856,2952828805
2025-10-14,3561.81,-22.74,-0.63,3604.12,3646.77,3535.52,734085,18926398,2933878249
2025-10-15,3657.28,95.47,2.68,3580.64,3659.91,3577.06,543607,13879932,3011908107
2025-10-16,3748.37,91.09,2.49,3675.82,3748.37,3675.82,495791,17664818,3086315776
2025-10-17,3748.89,0.52,0.01,3732.76,3794.87,3722.07,420770,17268693,3086895729
2025-10-20,3814.69,65.8,1.76,3775.4,3814.69,3728.38,410147,14190573,3141020446
2025-10-21,3823.84,9.15,0.24,3851.01,3893.06,3816.19,526854,19373491,3150160277
2025-10-22,3883.68,59.84,1.56,3827.23,3883.68,3794.52,597216,15451169,3197177009
2025-10-23,3845.56,-38.12,-0.98,3835.79,3902.21,3822.33,423588,16255706,3164799755
2025-10-24,3941.59,96.03,2.5,3893.23,3951.07,3886.64,426897,17800794,3242987678
2025-10-27,4042.83,101.24,2.57,3999.79,4042.83,3999.79,516999,20122806,3325893588
2025-10-28,4010.41,-32.42,-0.8,4010.47,4018.22,3972.56,408225,19719873,3298578951
2025-10-29,4081.15,70.74,1.76,4061.54,4084.09,4014.84,466898,22033182,3357610184
2025-10-30,4086.89,5.74,0.14,4105.95,4146.72,4070.79,566538,24198287,3364689798
2025-10-31,4107.5,20.61,0.5,4083.25,4122.09,4059.74,408275,22950425,3383447874
2025-11-03,4221.87,114.37,2.78,4123.36,4221.92,4123.36,472676,22728715,3477046106
2025-11-04,4121.74,-100.13,-2.37,4219.24,4226.75,4117.91,423543,20785687,3392104995
2025-11-05,4004.42,-117.32,-2.85,4055.47,4055.47,3867.81,594163,29186234,3294411883
2025-11-06,4026.45,22.03,0.55,4092.46,4111.96,3985.29,423421,21483949,3311622923
2025-11-07,3953.76,-72.69,-1.81,3963.72,4037.61,3887.32,377050,18794296,3252007791
2025-11-10,4073.24,119.48,3.02,3991.87,4092.91,3984.24,339514,16685676,3349850859
2025-11-11,4106.39,33.15,0.81,4124.3,4187.46,4066.58,377554,20118819,3378037315
2025-11-12,4150.39,44,1.07,4097.44,4154.62,4088.86,334584,15670659,3413518795
2025-11-13,4170.63,20.24,0.49,4127.57,4188.54,4123.84,424189,17517048,3430213937
2025-11-14,4011.57,-159.06,-3.81,4061.91,4092.76,4011.4,399992,17968602,3298648292
2025-11-17,4089.25,77.68,1.94,4078.57,4089.88,4045.4,344097,14352977,3363116830
2025-11-18,3953.62,-135.63,-3.32,4044.47,4072.41,3953.26,319660,14077478,3251067248
2025-11-19,3929.51,-24.11,-0.61,3966.64,3966.64,3854.95,338242,14586911,3230586001
2025-11-20,4004.85,75.34,1.92,4030.97,4059.37,4001.31,360282,15143579,3293299591
2025-11-21,3853.26,-151.59,-3.79,3908.7,3911.55,3838.46,319324,14166906,3168593846
2025-11-24,3846.06,-7.2,-0.19,3915.16,3917.16,3838.2,373120,21411253,3169272356
2025-11-25,3857.78,11.72,0.3,3942.36,3946.61,3833.35,279294,13275808,3180590413
2025-11-26,3960.87,103.09,2.67,3891.88,3960.87,3866.66,295327,15777743,3265922270
2025-11-27,3986.91,26.04,0.66,3989.45,4023.42,3968.43,257855,13008961,3286294871
2025-11-28,3926.59,-60.32,-1.51,3995.3,3995.3,3921.89,241923,11927326,3235761043
2025-12-01,3920.37,-6.22,-0.16,3967.92,3977.31,3892.08,296915,11805573,3232050936
2025-12-02,3994.93,74.56,1.9,3939.09,3994.93,3935.14,319035,12439175,3293510639
2025-12-03,4036.3,41.37,1.04,4010.26,4052.83,3987.76,290896,13375748,3326804887
2025-12-04,4028.51,-7.79,-0.19,4018.91,4028.53,3982.54,352043,13716193,3321694380
2025-12-05,4100.05,71.54,1.78,4023.5,4100.05,4003.29,478513,16308815,3380661222
2025-12-08,4154.85,54.8,1.34,4109.25,4154.85,4081.26,395583,15207839,3424712364
2025-12-09,4143.55,-11.3,-0.27,4129.77,4152.18,4121.21,400643,13328759,3415203835
2025-12-10,4135,-8.55,-0.21,4159.05,4172.64,4123.6,317902,12625783,3408198245
2025-12-11,4110.62,-24.38,-0.59,4163.32,4170.77,4103.2,539843,20308403,3389085401
2025-12-12,4167.16,56.54,1.38,4123.83,4168.17,4120.73,426616,16545775,3435670898
2025-12-15,4090.59,-76.57,-1.84,4053.74,4123.19,4052.65,346845,15438300,3373508124
2025-12-16,3999.13,-91.46,-2.24,4093.32,4099.01,3996.23,373990,16525588,3298788270
2025-12-17,4056.41,57.28,1.43,4019.43,4060.24,3994.65,360956,12968280,3348121947
2025-12-18,3994.51,-61.9,-1.53,3989.6,4030.65,3975.5,581445,13077588,3297132527
2025-12-19,4020.55,26.04,0.65,4055.78,4055.78,3997.05,442664,16470368,3318795643
2025-12-22,4105.93,85.38,2.12,4096.26,4105.93,4083.13,315627,13013702,3389012795
2025-12-23,4117.32,11.39,0.28,4127.4,4140.84,4110.25,385848,13460734,3398648765
2025-12-24,4108.62,-8.7,-0.21,4136.24,4137.2,4106.62,363614,12114977,3391545827
2025-12-26,4129.68,21.06,0.51,4130.37,4143.14,4116.53,510162,16273592,3409552386
2025-12-29,4220.56,90.88,2.2,4146.48,4220.56,4146.48,502394,14535158,3483297659
2025-12-30,4214.17,-6.39,-0.15,4193.75,4226.36,4186.95,408198,13213492,3477839535
2026-01-02,4309.63,95.46,2.27,4224.53,4313.55,4216.68,406339,17521809,3558736495
2026-01-05,4457.52,147.89,3.43,4385.92,4457.52,4381.93,513870,22783803,3683501015
2026-01-06,4525.48,67.96,1.52,4446.08,4525.48,4395,498391,25518237,3738188652
2026-01-07,4551.06,25.58,0.57,4566.34,4611.72,4488.2,553654,29139900,3759722549
2026-01-08,4552.37,1.31,0.03,4531.46,4622.32,4527.5,440086,27476982,3759062722
2026-01-09,4586.32,33.95,0.75,4530.03,4590.03,4500.48,399220,23478838,3790229810
2026-01-12,4624.79,38.47,0.84,4639.89,4652.54,4567.55,394753,23073768,3822227586
2026-01-13,4692.64,67.85,1.47,4662.44,4693.07,4641.58,429151,25240608,3877443682
2026-01-14,4723.1,30.46,0.65,4685.11,4723.1,4669.32,550416,24217478,3903166781
2026-01-15,4797.55,74.45,1.58,4710.28,4797.55,4705.44,545175,23826144,3966237189
2026-01-16,4840.74,43.19,0.9,4820.66,4855.61,4797.75,720906,26948188,4004879774
2026-01-19,4904.66,63.92,1.32,4829.4,4917.37,4827.95,570841,25214738,4056832202
2026-01-20,4885.75,-18.91,-0.39,4900.28,4935.48,4823.88,667709,27148847,4038612917
2026-01-21,4909.93,24.18,0.49,4808.94,4910.54,4807.13,600101,30093032,4061917379
2026-01-22,4952.53,42.6,0.87,4987.06,5019.54,4934.17,568624,32919611,4095874148
2026-01-23,4990.07,37.54,0.76,4984.08,5021.13,4926.22,612602,30017138,4125555097
2026-01-26,4949.59,-40.48,-0.81,4997.54,5023.76,4940.78,446903,22842957,4093032391
2026-01-27,5084.85,135.26,2.73,4932.89,5084.85,4890.72,476156,28496381,4203734778
2026-01-28,5170.81,85.96,1.69,5145.39,5183.44,5124.8,593109,30856467,4276044578
2026-01-29,5221.25,50.44,0.98,5243.42,5252.61,5073.12,699659,35870201,4315677778
2026-01-30,5224.36,3.11,0.06,5210.35,5321.68,5199.78,862541,35493399,4318647136
2026-02-02,4949.67,-274.69,-5.26,5122.62,5196.71,4933.58,572544,32090618,4091111654
2026-02-03,5288.08,338.41,6.84,5114.81,5288.08,5101.31,672610,30015962,4372100336
2026-02-04,5371.1,83.02,1.57,5260.71,5376.92,5243.11,789920,30433498,4438841137
2026-02-05,5163.57,-207.53,-3.86,5251.03,5304.4,5142.2,911910,32385641,4264766371
2026-02-06,5089.14,-74.43,-1.44,5013.15,5120.77,4899.3,745764,29912342,4203477721
2026-02-09,5298.04,208.9,4.1,5299.1,5322.35,5265.08,617658,26454139,4374057800
2026-02-10,5301.69,3.65,0.07,5350.21,5363.62,5286.67,712268,23275930,4376615585
2026-02-11,5354.49,52.8,1,5293.75,5374.23,5257.53,753767,25625897,4421255293
2026-02-12,5522.27,167.78,3.13,5425.39,5522.27,5399.52,750615,32322625,4560825989
2026-02-13,5507.01,-15.26,-0.28,5513.71,5583.74,5480.92,1290659,30820999,4553532159
2026-02-19,5677.25,170.24,3.09,5642.09,5681.65,5614.97,1185838,28945961,4696588120
2026-02-20,5808.53,131.28,2.31,5696.89,5809.91,5684.58,1749303,33119679,4803601346
2026-02-23,5846.09,37.56,0.65,5903.11,5931.86,5792.57,1477789,32044129,4820058734
2026-02-24,5969.64,123.55,2.11,5853.48,5969.64,5775.61,1602005,31372731,4922736641
2026-02-25,6083.86,114.22,1.91,6022.7,6144.71,5984.28,1415255,35284563,5016888867
2026-02-26,6307.27,223.41,3.67,6121.03,6313.27,6107.41,1409623,38930015,5199961589
2026-02-27,6244.13,-63.14,-1,6197.49,6347.41,6153.87,1166058,54939339,5146373108
2026-03-03,5791.91,-452.22,-7.24,6165.15,6180.45,5791.65,1227193,52800573,4769433446
2026-03-04,5093.54,-698.37,-12.06,5592.59,5672.12,5059.45,1637606,62882735,4194946819
2026-03-05,5583.9,490.36,9.63,5250.92,5715.3,5248.13,1660710,45308990,4604357689
2026-03-06,5584.87,0.97,0.02,5491.02,5609.98,5381.27,1223020,31402462,4605057308
2026-03-09,5251.87,-333,-5.96,5265.37,5327.42,5096.16,1026238,33163873,4331264222
2026-03-10,5532.59,280.72,5.35,5523.21,5595.88,5427.88,923210,28713303,4567316826
2026-03-11,5609.95,77.36,1.4,5658.72,5746.36,5559.69,1050946,26619234,4633384476
2026-03-12,5583.25,-26.7,-0.48,5567.65,5629.07,5527.47,801306,23698184,4608099993
2026-03-13,5487.24,-96.01,-1.72,5412.39,5537.59,5392.52,907656,23719676,4530330571
2026-03-16,5549.85,62.61,1.14,5510.82,5561.42,5448.75,1073860,21760270,4583556928
2026-03-17,5640.48,90.63,1.63,5711.8,5717.13,5632.86,1135071,22303804,4657727422
2026-03-18,5925.03,284.55,5.04,5767.1,5934.35,5766.14,1143772,26851759,4892835712
2026-03-19,5763.22,-161.81,-2.73,5761.4,5863.39,5738.95,1184170,22994678,4757685123
2026-03-20,5781.2,17.98,0.31,5813.35,5833.68,5764.64,1490805,34025854,4768189155
2026-03-23,5405.75,-375.45,-6.49,5580.15,5580.15,5397.94,1125620,27243225,4459320432
2026-03-24,5553.92,148.17,2.74,5638.2,5643,5395.17,1170518,24932388,4580524887
2026-03-25,5642.21,88.29,1.59,5680.33,5740.97,5630.07,763224,24642072,4651600138
2026-03-26,5460.46,-181.75,-3.22,5594.06,5598.37,5448.12,925093,25615327,4499612828
2026-03-27,5438.87,-21.59,-0.4,5300.61,5462.51,5220.1,900081,23659342,4482729458
2026-03-30,5277.3,-161.57,-2.97,5181.8,5297.35,5151.22,727391,20827490,4347926049
2026-03-31,5052.46,-224.84,-4.26,5143.75,5233.99,5042.99,1163312,29837663,4159085895
2026-04-01,5478.7,426.24,8.44,5330.04,5512.33,5272.45,958953,28902428,4512166156
2026-04-02,5234.05,-244.65,-4.47,5551.69,5574.62,5170.27,1428160,33290078,4308380471
2026-04-03,5377.3,143.25,2.74,5375.5,5419.45,5316.42,1185178,22234607,4427756587
2026-04-06,5450.33,73.03,1.36,5423.35,5505.61,5404.91,1110507,21761182,4489659931
2026-04-07,5494.78,44.45,0.82,5552.19,5594.9,5424.46,990449,23719394,4526464918
2026-04-08,5872.34,377.56,6.87,5804.7,5919.6,5774,932610,36306961,4836941534
2026-04-09,5778.01,-94.33,-1.61,5826.45,5862.41,5757.49,1026733,33473404,4759726732
2026-04-10,5858.87,80.86,1.4,5876.12,5918.59,5850.83,1002354,23746055,4825746498
2026-04-13,5808.62,-50.25,-0.86,5737.28,5827.73,5730.23,1083211,21456576,4781539435
2026-04-14,5967.75,159.13,2.74,5960,6026.52,5938.33,889491,27128584,4894528507
2026-04-15,6091.39,123.64,2.07,6141.6,6183.21,6064.23,923846,31615609,4995512345
2026-04-16,6226.05,134.66,2.21,6149.49,6231.03,6126.06,925695,27046823,5106020840
2026-04-17,6191.92,-34.13,-0.55,6227.33,6230.32,6159.88,689740,24619562,5076379138
2026-04-20,6219.09,27.17,0.44,6213.92,6278.36,6176.75,692878,23576476,5097490312
2026-04-21,6388.47,169.38,2.72,6302.54,6388.47,6302.54,792022,31105972,5236207010
2026-04-22,6417.93,29.46,0.46,6387.57,6423.29,6318.51,900140,31029075,5260014101
2026-04-23,6475.81,57.88,0.9,6488.83,6557.76,6309.1,1042392,40604235,5308398011
2026-04-24,6475.63,-0.18,0,6496.1,6516.54,6403.74,878201,30202933,5305337787
2026-04-27,6615.03,139.4,2.15,6533.6,6657.22,6529.19,842664,33410305,5421554159
2026-04-28,6641.02,25.99,0.39,6646.8,6712.73,6621.73,1139472,37622679,5443059491
2026-04-29,6690.9,49.88,0.75,6619,6702.38,6596.03,717859,31453311,5485580895
2026-04-30,6598.87,-92.03,-1.38,6739.39,6750.27,6597.83,685459,35808594,5407467825
2026-05-04,6936.99,338.12,5.12,6782.93,6937,6741.63,873009,42696033,5685804113
2026-05-06,7384.56,447.57,6.45,7093.01,7426.6,7093.01,995692,60000375,6057599952
2026-05-07,7490.05,105.49,1.43,7499.07,7531.88,7257.89,767462,51112463,6138256451
2026-05-08,7498,7.95,0.11,7353.94,7511.01,7318.96,523091,40792656,6143249543
2026-05-11,7822.24,324.24,4.32,7775.31,7899.32,7713.49,731279,51843449,6410880165
2026-05-12,7643.15,-179.09,-2.29,7953.41,7999.67,7421.71,1021136,67114560,6261455441
2026-05-13,7844.01,200.86,2.63,7513.65,7855.47,7402.36,738739,50464007,6423360481
2026-05-14,7981.41,137.4,1.75,7873.91,7991.04,7842.72,849942,51696927,6536711923
2026-05-15,7493.18,-488.23,-6.12,7951.75,8046.78,7371.68,885627,59548489,6134715796
2026-05-18,7516.04,22.86,0.31,7443.29,7636.2,7142.71,566618,44609164,6156484428
2026-05-19,7271.66,-244.38,-3.25,7425.66,7446.57,7141.91,533509,37960990,5956875323
2026-05-20,7208.95,-62.71,-0.86,7324.52,7324.52,7053.84,492494,40401033,5903882554
2026-05-21,7815.59,606.64,8.42,7486.37,7819.23,7486.37,621082,43187054,6396239934
2026-05-22,7847.71,32.12,0.41,7873.12,7886.64,7780.13,435533,31229425,6421467816
2026-05-26,8047.51,199.8,2.55,8070.91,8131.15,8008.19,519551,40802699,6580529391
2026-05-27,8228.7,181.19,2.25,8242.12,8457.09,8220.04,619451,56832099,6727882017
2026-05-28,8185.29,-43.41,-0.53,8165.73,8253.6,7841.01,668951,53241794,6691609257
2026-05-29,8476.15,290.86,3.55,8384.31,8476.15,8273.74,735127,80332511,6933143272
2026-06-01,8788.38,312.23,3.68,8485.67,8874.16,8485.67,636175,74330045,7204509361
2026-06-02,8801.49,13.11,0.15,8883.19,8933.62,8503.12,632553,69109666,7215300730
2026-06-04,8639.41,-162.08,-1.84,8623.82,8759.05,8577.3,437896,47638553,7073751550
2026-06-05,8160.59,-478.82,-5.54,8323.2,8382.16,8038.1,463197,48519528,6685559130
2026-06-08,7484.41,-676.18,-8.29,8048.09,8048.09,7442.73,452204,48338891,6132411531
2026-06-09,8096.93,612.52,8.18,7697.76,8119.09,7598.87,448537,46715419,6625921097
2026-06-10,7730.82,-366.11,-4.52,7899.77,7996.68,7541.11,460877,39944843,6324686063
2026-06-11,7763.95,33.13,0.43,7509.62,7800.62,7394.46,478730,46400773,6352556164
2026-06-12,8123.62,359.67,4.63,8263.85,8434.4,8079.77,493406,52257644,6649271030
2026-06-15,8545.98,422.36,5.2,8526.12,8603.48,8450.24,516648,39992232,6992867782
2026-06-16,8726.6,180.62,2.11,8696.55,8753.82,8540.41,586337,40568508,7142513389
2026-06-17,8864.24,137.64,1.58,8622.13,8872.18,8605.66,571194,35846048,7253100054
2026-06-18,9063.84,199.6,2.25,8884.92,9106.07,8867.34,510940,50780257,7413247265
2026-06-19,9052.42,-11.42,-0.13,9288.89,9385.59,8831.72,517248,67255170,7398874683
2026-06-22,9114.55,62.13,0.69,8954.43,9253,8900.68,381081,41909520,7449592793
2026-06-23,8203.84,-910.71,-9.99,9083.54,9175.45,8203.84,488742,61428586,6706835470
2026-06-24,8471.02,267.18,3.26,8356.79,8577.52,8080.99,418169,55499071,6927816046
2026-06-25,8930.3,459.28,5.42,8703.42,9044.04,8693.62,456880,51973680,7310414589
2026-06-26,8411.21,-519.09,-5.81,8813.18,8861.7,8126.84,518473,53997506,6885382218
2026-06-29,8394.65,-16.56,-0.2,8334.28,8525.53,8127.99,371223,42684474,6864567783
2026-06-30,8476.48,81.83,0.97,8416.7,8667.73,8220.8,449824,42099366,6929540848
2026-07-01,8303.41,-173.07,-2.04,8591.5,8620.15,8143.33,468193,39998686,6785431956
2026-07-02,7648.09,-655.32,-7.89,7933.1,8136.28,7616.33,505157,49900911,6251410554
2026-07-03,8088.34,440.25,5.76,7739.75,8136.28,7378.1,465821,45492055,6617011063
2026-07-06,8051.33,-37.01,-0.46,8186.82,8327.26,7815.53,448691,32002818,6591595226
2026-07-07,7656.31,-395.02,-4.91,7919.2,7954.55,7389.22,516366,40717403,6266412201
2026-07-08,7246.79,-409.52,-5.35,7452.48,7791.66,7186.21,501071,42465431,5931056231
2026-07-09,7291.91,45.12,0.62,7486.64,7543.86,7063.76,582791,39556658,5964859974
2026-07-10,7475.94,184.03,2.52,7552.49,7704.93,7429.51,453242,31576971,6118604296
2026-07-13,6806.93,-669.01,-8.95,7412.03,7529.07,6783.43,474085,40143820,5572485080
2026-07-14,6856.83,49.9,0.73,6769.06,6979.92,6448.86,491599,46697967,5616749704
2026-07-15,7284.41,427.58,6.24,7082.91,7424.18,7082.91,397854,34488296,5961100249
2026-07-16,6820.6,-463.81,-6.37,6960.5,6995.93,6730.87,424280,29820663,5576917785
2026-07-20,6516.27,-304.33,-4.46,6643.58,6814.86,6472.8,345825,29690576,5331388996
2026-07-21,6747.95,231.68,3.56,6553.88,6836.86,6429.03,391092,24810735,5525145834
2026-07-22,6797.7,49.75,0.74,7052.09,7166,6791.06,373810,28574069,5568155813
2026-07-23,7096.89,299.19,4.4,6963.35,7108.44,6892.64,397346,26856061,5814274125
2026-07-24,6690.62,-406.27,-5.72,7000.78,7000.78,6650.41,397655,30991959,5479519589
2026-07-27,6755.75,65.13,0.97,6806.27,6806.27,6557.39,275718,24294696,5533628393
2026-07-28,6023.66,-732.09,-10.84,6400.27,6413.57,5992.91,331261,36073927,4933296613
2026-07-29,5663.24,-360.42,-5.98,6089.11,6228.52,5262.77,457385,49217357,4669101404
2026-07-30,5593.56,-69.68,-1.23,5681.77,5976.82,5547.41,378859,38320902,4611484788
2026-07-31,6595.45,1001.89,17.91,5657.79,6630.77,5629.76,434445,49567651,5445193658
