date,close,change,change_pct,per,pbr,dividend_yield_pct
2007-01-02,1435.26,0.8,0.06,11.4,1.47,1.66
2007-01-03,1409.35,-25.91,-1.81,11.2,1.44,1.69
2007-01-04,1397.29,-12.06,-0.86,11.11,1.43,1.7
2007-01-05,1385.76,-11.53,-0.83,11.02,1.42,1.72
2007-01-08,1370.81,-14.95,-1.08,10.9,1.4,1.73
2007-01-09,1374.34,3.53,0.26,10.92,1.4,1.73
2007-01-10,1355.79,-18.55,-1.35,10.78,1.38,1.75
2007-01-11,1365.31,9.52,0.7,10.86,1.39,1.74
2007-01-12,1388.37,23.06,1.69,11.05,1.42,1.71
2007-01-15,1390.96,2.59,0.19,11.07,1.42,1.71
2007-01-16,1389.71,-1.25,-0.09,11.06,1.42,1.71
2007-01-17,1379.48,-10.23,-0.74,10.97,1.41,1.72
2007-01-18,1383.21,3.73,0.27,11,1.41,1.72
2007-01-19,1360.56,-22.65,-1.64,10.82,1.39,1.75
2007-01-22,1363.41,2.85,0.21,10.84,1.39,1.74
2007-01-23,1363.09,-0.32,-0.02,10.84,1.39,1.74
2007-01-24,1383.06,19.97,1.47,11,1.41,1.72
2007-01-25,1382.36,-0.7,-0.05,11,1.41,1.72
2007-01-26,1371.33,-11.03,-0.8,10.92,1.4,1.73
2007-01-29,1363.1,-8.23,-0.6,10.85,1.39,1.74
2007-01-30,1370.72,7.62,0.56,10.91,1.4,1.73
2007-01-31,1360.23,-10.49,-0.77,10.82,1.39,1.75
2007-02-01,1382.9,22.67,1.67,11,1.41,1.72
2007-02-02,1413.14,30.24,2.19,11.25,1.44,1.68
2007-02-05,1417.95,4.81,0.34,11.28,1.45,1.68
2007-02-06,1428.58,10.63,0.75,11.38,1.46,1.66
2007-02-07,1426.29,-2.29,-0.16,11.36,1.46,1.67
2007-02-08,1423.58,-2.71,-0.19,11.33,1.45,1.67
2007-02-09,1427.68,4.1,0.29,11.37,1.46,1.66
2007-02-12,1414.29,-13.39,-0.94,11.26,1.44,1.68
2007-02-13,1418.44,4.15,0.29,11.29,1.45,1.67
2007-02-14,1436.1,17.66,1.25,11.42,1.47,1.65
2007-02-15,1443.63,7.53,0.52,11.47,1.47,1.65
2007-02-16,1448.81,5.18,0.36,11.52,1.48,1.64
2007-02-20,1452.96,4.15,0.29,11.55,1.48,1.63
2007-02-21,1451.38,-1.58,-0.11,11.54,1.48,1.64
2007-02-22,1465.41,14.03,0.97,11.66,1.5,1.62
2007-02-23,1469.88,4.47,0.31,11.69,1.5,1.62
2007-02-26,1470.03,0.15,0.01,11.72,1.5,1.62
2007-02-27,1454.6,-15.43,-1.05,11.6,1.48,1.63
2007-02-28,1417.34,-37.26,-2.56,11.3,1.45,1.68
2007-03-02,1414.47,-2.87,-0.2,11.28,1.44,1.68
2007-03-05,1376.15,-38.32,-2.71,10.98,1.4,1.73
2007-03-06,1402.93,26.78,1.95,11.19,1.43,1.69
2007-03-07,1410.95,8.02,0.57,11.26,1.44,1.68
2007-03-08,1423.89,12.94,0.92,11.36,1.45,1.67
2007-03-09,1423.58,-0.31,-0.02,11.36,1.45,1.67
2007-03-12,1441.33,17.75,1.25,11.5,1.47,1.65
2007-03-13,1436.05,-5.28,-0.37,11.46,,1.65
2007-03-14,1407.37,-28.68,-2,11.24,1.44,1.69
2007-03-15,1426.93,19.56,1.39,11.39,1.46,1.66
2007-03-16,1427.88,0.95,0.07,11.4,1.46,1.66
2007-03-19,1443.39,15.51,1.09,11.53,1.47,1.65
2007-03-20,1444.17,0.78,0.05,11.53,1.47,1.64
2007-03-21,1442.85,-1.32,-0.09,11.53,1.47,1.65
2007-03-22,1448.53,5.68,0.39,11.57,1.48,1.64
2007-03-23,1447.38,-1.15,-0.08,11.57,1.48,1.64
2007-03-26,1449.77,2.39,0.17,11.59,1.48,1.64
2007-03-27,1453.23,3.46,0.24,11.62,1.49,1.63
2007-03-28,1439.74,-13.49,-0.93,11.51,1.47,1.65
2007-03-29,1450.95,11.21,0.78,11.61,1.48,1.64
2007-03-30,1452.55,1.6,0.11,11.62,1.48,1.64
2007-04-02,1459.53,6.98,0.48,11.68,1.49,1.63
2007-04-03,1463.75,4.22,0.29,11.71,1.5,1.62
2007-04-04,1483.41,19.66,1.34,11.87,1.52,1.6
2007-04-05,1482.04,-1.37,-0.09,11.86,1.52,1.6
2007-04-06,1484.15,2.11,0.14,11.88,1.52,1.6
2007-04-09,1501.06,16.91,1.14,12.02,1.54,1.58
2007-04-10,1499.16,-1.9,-0.13,12,1.53,1.58
2007-04-11,1513.42,14.26,0.95,12.11,1.55,1.57
2007-04-12,1525.61,12.19,0.81,12.21,1.56,1.55
2007-04-13,1520.78,-4.83,-0.32,12.18,1.56,1.56
2007-04-16,1532.04,11.26,0.74,12.27,1.57,1.55
2007-04-17,1528.66,-3.38,-0.22,12.24,1.56,1.55
2007-04-18,1534.58,5.92,0.39,12.29,1.57,1.54
2007-04-19,1513.66,-20.92,-1.36,12.12,1.55,1.57
2007-04-20,1533.08,19.42,1.28,12.27,1.57,1.55
2007-04-23,1544.35,11.27,0.74,12.36,1.58,1.53
2007-04-24,1556.71,12.36,0.8,12.47,1.59,1.52
2007-04-25,1545.55,-11.16,-0.72,12.33,1.58,1.53
2007-04-26,1553.13,7.58,0.49,12.38,1.59,1.53
2007-04-27,1542.52,-10.61,-0.68,12.29,1.58,1.54
2007-04-30,1542.24,-0.28,-0.02,13.21,1.42,1.78
2007-05-02,1553.3,11.06,0.72,13.3,1.43,1.77
2007-05-03,1559.86,6.56,0.42,13.36,1.44,1.76
2007-05-04,1567.74,7.88,0.51,13.43,1.45,1.75
2007-05-07,1584.46,16.72,1.07,13.57,1.46,1.73
2007-05-08,1582.65,-1.81,-0.11,13.56,1.46,1.73
2007-05-09,1593.42,10.77,0.68,13.65,1.47,1.72
2007-05-10,1599.68,6.26,0.39,13.7,1.48,1.72
2007-05-11,1603.56,3.88,0.24,13.74,1.48,1.71
2007-05-14,1605.77,2.21,0.14,13.75,1.48,1.71
2007-05-15,1589.37,-16.4,-1.02,13.61,1.47,1.73
2007-05-16,1600.6,11.23,0.71,13.71,1.48,1.71
2007-05-17,1615.58,14.98,0.94,13.84,1.49,1.7
2007-05-18,1612.25,-3.33,-0.21,13.81,1.49,1.7
2007-05-21,1628.2,15.95,0.99,13.86,1.5,1.69
2007-05-22,1642.88,14.68,0.9,13.98,1.51,1.67
2007-05-23,1646.59,3.71,0.23,14.02,1.52,1.67
2007-05-25,1644.56,-2.03,-0.12,14,1.52,1.67
2007-05-28,1657.91,13.35,0.81,14.11,1.53,1.66
2007-05-29,1661.8,3.89,0.23,14.14,1.53,1.65
2007-05-30,1662.72,0.92,0.06,14.15,1.53,1.65
2007-05-31,1700.91,38.19,2.3,14.47,1.57,1.61
2007-06-01,1716.24,15.33,0.9,14.61,1.58,1.6
2007-06-04,1737.59,21.35,1.24,14.79,1.6,1.58
2007-06-05,1742.19,4.6,0.26,14.83,1.61,1.57
2007-06-07,1753.04,10.85,0.62,14.92,1.62,1.56
2007-06-08,1727.28,-25.76,-1.47,14.71,1.59,1.59
2007-06-11,1716.56,-10.72,-0.62,14.61,1.58,1.6
2007-06-12,1729.88,13.32,0.78,14.74,1.59,1.59
2007-06-13,1721.99,-7.89,-0.46,14.67,1.59,1.59
2007-06-14,1769.18,47.19,2.74,15.08,1.63,1.55
2007-06-15,1772.26,3.08,0.17,15.1,1.63,1.55
2007-06-18,1806.88,34.62,1.95,15.4,1.67,1.52
2007-06-19,1807.85,0.97,0.05,15.41,1.67,1.52
2007-06-20,1783.79,-24.06,-1.33,15.2,1.64,1.54
2007-06-21,1794.24,10.45,0.59,15.29,1.65,1.53
2007-06-22,1770.98,-23.26,-1.3,15.09,1.63,1.55
2007-06-25,1757.73,-13.25,-0.75,14.98,1.62,1.56
2007-06-26,1749.55,-8.18,-0.47,14.91,1.61,1.57
2007-06-27,1733.1,-16.45,-0.94,14.77,1.6,1.58
2007-06-28,1751.75,18.65,1.08,14.97,1.62,1.55
2007-06-29,1743.6,-8.15,-0.47,14.9,1.61,1.56
2007-07-02,1771.35,27.75,1.59,15.15,1.64,1.54
2007-07-03,1805.5,34.15,1.93,15.44,1.67,1.51
2007-07-04,1838.41,32.91,1.82,15.72,1.7,1.48
2007-07-05,1847.79,9.38,0.51,15.8,1.71,1.47
2007-07-06,1861.01,13.22,0.72,15.92,1.72,1.46
2007-07-09,1883.59,22.58,1.21,16.11,1.74,1.44
2007-07-10,1894.53,10.94,0.58,16.2,1.75,1.43
2007-07-11,1889.96,-4.57,-0.24,16.16,1.75,1.44
2007-07-12,1909.75,19.79,1.05,16.33,1.77,1.42
2007-07-13,1962.93,53.18,2.78,17.01,1.81,1.38
2007-07-16,1949.51,-13.42,-0.68,16.9,1.8,1.39
2007-07-18,1930.7,-18.81,-0.96,16.74,1.78,1.4
2007-07-19,1937.9,7.2,0.37,16.81,1.79,1.39
2007-07-20,1983.54,45.64,2.36,17.2,1.83,1.36
2007-07-23,1993.05,9.51,0.48,17.28,1.84,1.36
2007-07-24,1992.26,-0.79,-0.04,17.28,1.84,1.36
2007-07-25,2004.22,11.96,0.6,17.48,1.85,1.34
2007-07-26,1963.54,-40.68,-2.03,17.15,1.82,1.35
2007-07-27,1883.22,-80.32,-4.09,16.44,1.74,1.41
2007-07-30,1906.71,23.49,1.25,16.64,1.76,1.39
2007-07-31,1933.27,26.56,1.39,16.88,1.79,1.37
2007-08-01,1856.45,-76.82,-3.97,16.22,1.72,1.43
2007-08-02,1853.07,-3.38,-0.18,16.19,1.72,1.43
2007-08-03,1876.8,23.73,1.28,16.41,1.74,1.41
2007-08-06,1855.05,-21.75,-1.16,16.22,1.72,1.43
2007-08-07,1859.82,4.77,0.26,16.27,1.72,1.43
2007-08-08,1903.41,43.59,2.34,16.65,1.76,1.39
2007-08-09,1908.68,5.27,0.28,16.7,1.77,1.39
2007-08-10,1828.49,-80.19,-4.2,16,1.69,1.45
2007-08-13,1849.26,20.77,1.14,16.18,1.71,1.43
2007-08-14,1817.89,-31.37,-1.7,15.92,1.69,1.46
2007-08-16,1691.98,-125.91,-6.93,14.82,1.57,1.57
2007-08-17,1638.07,-53.91,-3.19,14.33,1.52,1.62
2007-08-20,1731.27,93.2,5.69,15.14,1.6,1.53
2007-08-21,1736.18,4.91,0.28,15.18,1.61,1.53
2007-08-22,1759.5,23.32,1.34,15.39,1.63,1.51
2007-08-23,1799.72,40.22,2.29,15.74,1.67,1.47
2007-08-24,1791.33,-8.39,-0.47,15.66,1.66,1.47
2007-08-27,1803.03,11.7,0.65,15.76,1.67,1.46
2007-08-28,1829.31,26.28,1.46,15.99,1.69,1.44
2007-08-29,1826.19,-3.12,-0.17,15.97,1.69,1.45
2007-08-30,1841.7,15.51,0.85,16.11,1.71,1.43
2007-08-31,1873.24,31.54,1.71,16.35,1.73,1.41
2007-09-03,1881.81,8.57,0.46,16.39,1.74,1.4
2007-09-04,1874.74,-7.07,-0.38,16.34,1.73,1.41
2007-09-05,1865.59,-9.15,-0.49,16.25,1.72,1.41
2007-09-06,1888.81,23.22,1.24,16.44,1.74,1.39
2007-09-07,1884.9,-3.91,-0.21,16.41,1.74,1.4
2007-09-10,1835.87,-49.03,-2.6,15.97,1.69,1.44
2007-09-11,1847.36,11.49,0.63,16.08,1.7,1.43
2007-09-12,1813.52,-33.84,-1.83,15.78,1.67,1.45
2007-09-13,1848.02,34.5,1.9,16.07,1.7,1.43
2007-09-14,1870.02,22,1.19,16.27,1.72,1.41
2007-09-17,1871.68,1.66,0.09,16.29,1.72,1.41
2007-09-18,1838.61,-33.07,-1.77,16.01,1.69,1.43
2007-09-19,1902.65,64.04,3.48,16.57,1.75,1.39
2007-09-20,1908.97,6.32,0.33,16.63,1.76,1.38
2007-09-21,1919.26,10.29,0.54,16.72,1.77,1.37
2007-09-27,1945.28,26.02,1.36,16.97,1.8,1.35
2007-09-28,1946.48,1.2,0.06,16.99,1.8,1.35
2007-10-01,1962.67,16.19,0.83,17.14,1.81,1.34
2007-10-02,2014.09,51.42,2.62,17.59,1.86,1.3
2007-10-04,2003.6,-10.49,-0.52,17.49,1.85,1.31
2007-10-05,1996.03,-7.57,-0.38,17.44,1.85,1.32
2007-10-08,2012.82,16.79,0.84,17.59,1.86,1.3
2007-10-09,2014.13,1.31,0.07,17.6,1.86,1.3
2007-10-10,2041.12,26.99,1.34,18.11,1.89,1.29
2007-10-11,2058.85,17.73,0.87,18.27,1.9,1.28
2007-10-12,2026.44,-32.41,-1.57,17.98,1.87,1.3
2007-10-15,2035.39,8.95,0.44,18.06,1.88,1.3
2007-10-16,2005.76,-29.63,-1.46,17.79,1.85,1.32
2007-10-17,1983.94,-21.82,-1.09,17.58,1.83,1.33
2007-10-18,2005.09,21.15,1.07,17.73,1.85,1.32
2007-10-19,1970.1,-34.99,-1.75,17.43,1.82,1.34
2007-10-22,1903.81,-66.29,-3.36,16.84,1.76,1.39
2007-10-23,1947.98,44.17,2.32,17.24,1.8,1.36
2007-10-24,1933.36,-14.62,-0.75,17.12,1.79,1.37
2007-10-25,1976.75,43.39,2.24,17.49,1.82,1.34
2007-10-26,2028.06,51.31,2.6,17.92,1.87,1.3
2007-10-29,2062.92,34.86,1.72,18.22,1.9,1.28
2007-10-30,2052.37,-10.55,-0.51,18.11,1.89,1.29
2007-10-31,2064.85,12.48,0.61,18.22,1.9,1.28
2007-11-01,2063.14,-1.71,-0.08,18.21,1.9,1.28
2007-11-02,2019.34,-43.8,-2.12,17.81,1.86,1.31
2007-11-05,2015.76,-3.58,-0.18,17.79,1.86,1.31
2007-11-06,2054.24,38.48,1.91,18.13,1.89,1.29
2007-11-07,2043.19,-11.05,-0.54,18.02,1.88,1.29
2007-11-08,1979.56,-63.63,-3.11,17.49,1.82,1.33
2007-11-09,1990.47,10.91,0.55,17.59,1.83,1.33
2007-11-12,1923.42,-67.05,-3.37,17.01,1.77,1.37
2007-11-13,1932.89,9.47,0.49,17.1,1.78,1.37
2007-11-14,1972.58,39.69,2.05,17.46,1.82,1.34
2007-11-15,1947.74,-24.84,-1.26,17.29,1.8,1.35
2007-11-16,1926.2,-21.54,-1.11,17.11,1.78,1.37
2007-11-19,1893.47,-32.73,-1.7,16.8,1.75,1.39
2007-11-20,1872.24,-21.23,-1.12,16.6,1.73,1.41
2007-11-21,1806.99,-65.25,-3.49,15.98,1.67,1.46
2007-11-22,1799.02,-7.97,-0.44,15.92,1.66,1.46
2007-11-23,1772.88,-26.14,-1.45,15.71,1.63,1.48
2007-11-26,1855.33,82.45,4.65,16.44,1.71,1.42
2007-11-27,1859.79,4.46,0.24,16.47,1.71,1.41
2007-11-28,1834.69,-25.1,-1.35,16.26,1.69,1.43
2007-11-29,1877.56,42.87,2.34,16.65,1.73,1.4
2007-11-30,1906,28.44,1.51,16.89,1.76,1.38
2007-12-03,1902.43,-3.57,-0.19,16.87,1.76,1.38
2007-12-04,1917.83,15.4,0.81,17.01,1.77,1.37
2007-12-05,1938.2,20.37,1.06,17.19,1.79,1.36
2007-12-06,1953.17,14.97,0.77,17.34,1.8,1.35
2007-12-07,1934.32,-18.85,-0.97,17.18,1.79,1.36
2007-12-10,1906.42,-27.9,-1.44,16.93,1.76,1.38
2007-12-11,1925.07,18.65,0.98,17.09,1.78,1.37
2007-12-12,1927.45,2.38,0.12,17.11,1.78,1.36
2007-12-13,1915.9,-11.55,-0.6,17,1.77,1.37
2007-12-14,1895.05,-20.85,-1.09,16.89,1.75,1.39
2007-12-17,1839.82,-55.23,-2.91,16.34,1.7,1.43
2007-12-18,1861.47,21.65,1.18,16.54,1.72,1.42
2007-12-20,1844.37,-17.1,-0.92,16.38,1.7,1.43
2007-12-21,1878.32,33.95,1.84,16.68,1.74,1.4
2007-12-24,1919.47,41.15,2.19,17.04,1.77,1.37
2007-12-26,1906.72,-12.75,-0.66,16.94,1.76,1.38
2007-12-27,1908.62,1.9,0.1,16.94,1.76,1.38
2007-12-28,1897.13,-11.49,-0.6,16.84,1.75,1.39
2008-01-02,1853.45,-43.68,-2.3,16.42,1.71,1.42
2008-01-03,1852.73,-0.72,-0.04,16.44,1.71,1.42
2008-01-04,1863.9,11.17,0.6,16.55,1.72,1.41
2008-01-07,1831.14,-32.76,-1.76,16.26,1.69,1.44
2008-01-08,1826.23,-4.91,-0.27,16.2,1.69,1.44
2008-01-09,1844.47,18.24,1,16.36,1.7,1.43
2008-01-10,1824.78,-19.69,-1.07,16.19,1.69,1.44
2008-01-11,1782.27,-42.51,-2.33,15.82,1.65,1.48
2008-01-14,1765.88,-16.39,-0.92,15.67,1.63,1.49
2008-01-15,1746.95,-18.93,-1.07,15.51,1.61,1.51
2008-01-16,1704.97,-41.98,-2.4,15.15,1.58,1.55
2008-01-17,1723.55,18.58,1.09,15.33,1.6,1.53
2008-01-18,1734.72,11.17,0.65,15.43,1.61,1.52
2008-01-21,1683.56,-51.16,-2.95,14.99,1.56,1.56
2008-01-22,1609.02,-74.54,-4.43,14.35,1.49,1.64
2008-01-23,1628.42,19.4,1.21,14.51,1.51,1.62
2008-01-24,1663,34.58,2.12,14.81,1.54,1.58
2008-01-25,1692.41,29.41,1.77,15.07,1.57,1.56
2008-01-28,1627.19,-65.22,-3.85,14.5,1.51,1.62
2008-01-29,1637.91,10.72,0.66,14.6,1.52,1.61
2008-01-30,1589.06,-48.85,-2.98,14.18,1.48,1.66
2008-01-31,1624.68,35.62,2.24,14.48,1.51,1.62
2008-02-01,1634.53,9.85,0.61,14.57,1.52,1.61
2008-02-04,1690.13,55.6,3.4,15.05,1.57,1.56
2008-02-05,1696.57,6.44,0.38,15.12,1.57,1.55
2008-02-11,1640.67,-55.9,-3.29,14.63,1.52,1.61
2008-02-12,1643.29,2.62,0.16,14.66,1.53,1.6
2008-02-13,1631.78,-11.51,-0.7,14.55,1.51,1.61
2008-02-14,1697.45,65.67,4.02,15.13,1.57,1.55
2008-02-15,1694.77,-2.68,-0.16,15.1,1.57,1.55
2008-02-18,1696.24,1.47,0.09,15.12,1.57,1.55
2008-02-19,1720.52,24.28,1.43,15.32,1.59,1.53
2008-02-20,1687.91,-32.61,-1.9,15.03,1.56,1.56
2008-02-21,1704.36,16.45,0.97,15.18,1.58,1.55
2008-02-22,1686.45,-17.91,-1.05,15.02,1.56,1.56
2008-02-25,1709.13,22.68,1.34,15.23,1.58,1.54
2008-02-26,1709.13,0,0,15.22,1.58,1.54
2008-02-27,1720.89,11.76,0.69,15.32,1.59,1.53
2008-02-28,1736.17,15.28,0.89,15.44,1.61,1.52
2008-02-29,1711.62,-24.55,-1.41,15.23,1.58,1.54
2008-03-03,1671.73,-39.89,-2.33,14.87,1.55,1.57
2008-03-04,1676.18,4.45,0.27,14.92,1.55,1.57
2008-03-05,1677.1,0.92,0.05,14.93,1.55,1.57
2008-03-06,1697.44,20.34,1.21,15.12,1.57,1.55
2008-03-07,1663.97,-33.47,-1.97,15.07,1.54,1.58
2008-03-10,1625.17,-38.8,-2.33,14.48,1.51,1.62
2008-03-11,1641.48,16.31,1,14.62,1.52,1.6
2008-03-12,1658.83,17.35,1.06,14.78,1.54,1.59
2008-03-13,1615.62,-43.21,-2.6,14.42,1.5,1.63
2008-03-14,1600.26,-15.36,-0.95,14.28,1.49,1.65
2008-03-17,1574.44,-25.82,-1.61,14.05,1.46,1.67
2008-03-18,1588.75,14.31,0.91,14.17,1.48,1.66
2008-03-19,1622.23,33.48,2.11,14.54,1.51,1.62
2008-03-20,1623.39,1.16,0.07,14.55,1.51,1.62
2008-03-21,1645.69,22.3,1.37,14.76,1.53,1.6
2008-03-24,1655.3,9.61,0.58,14.84,1.54,1.59
2008-03-25,1674.93,19.63,1.19,15.03,1.56,1.57
2008-03-26,1679.67,4.74,0.28,15.07,1.56,1.57
2008-03-27,1676.24,-3.43,-0.2,15.04,1.56,1.57
2008-03-28,1701.83,25.59,1.53,15.28,1.58,1.55
2008-03-31,1703.99,2.16,0.13,15.39,1.59,1.54
2008-04-01,1702.25,-1.74,-0.1,15.39,1.59,1.54
2008-04-02,1742.19,39.94,2.35,15.76,1.62,1.5
2008-04-03,1763.63,21.44,1.23,15.95,1.64,1.48
2008-04-04,1766.49,2.86,0.16,15.97,1.65,1.48
2008-04-07,1773.56,7.07,0.4,16.03,1.65,1.48
2008-04-08,1754.71,-18.85,-1.06,15.86,1.63,1.49
2008-04-10,1764.64,9.93,0.57,15.95,1.64,1.48
2008-04-11,1779.71,15.07,0.85,16.09,1.66,1.47
2008-04-14,1746.71,-33,-1.85,15.78,1.63,1.5
2008-04-15,1742.17,-4.54,-0.26,15.74,1.62,1.5
2008-04-16,1758.56,16.39,0.94,15.88,1.64,1.49
2008-04-17,1768.67,10.11,0.57,15.96,1.65,1.48
2008-04-18,1771.9,3.23,0.18,15.99,1.65,1.48
2008-04-21,1800.48,28.58,1.61,16.25,1.68,1.46
2008-04-22,1787.49,-12.99,-0.72,16.09,1.66,1.47
2008-04-23,1800.79,13.3,0.74,16.21,1.67,1.46
2008-04-24,1799.34,-1.45,-0.08,16.2,1.67,1.46
2008-04-25,1824.68,25.34,1.41,16.43,1.7,1.44
2008-04-28,1823.17,-1.51,-0.08,16.42,1.7,1.44
2008-04-29,1811.51,-11.66,-0.64,16.33,1.68,1.45
2008-04-30,1825.47,13.96,0.77,14.47,1.52,1.67
2008-05-02,1848.27,22.8,1.25,14.65,1.54,1.65
2008-05-06,1859.06,10.79,0.58,14.74,1.55,1.64
2008-05-07,1854.01,-5.05,-0.27,14.71,1.55,1.64
2008-05-08,1848,-6.01,-0.32,14.69,1.54,1.65
2008-05-09,1823.7,-24.3,-1.31,14.5,1.52,1.67
2008-05-13,1842.8,19.1,1.05,14.66,1.54,1.65
2008-05-14,1843.75,0.95,0.05,14.67,1.54,1.65
2008-05-15,1885.71,41.96,2.28,15.01,1.57,1.61
2008-05-16,1888.88,3.17,0.17,15.03,1.58,1.61
2008-05-19,1885.37,-3.51,-0.19,14.99,1.57,1.61
2008-05-20,1873.15,-12.22,-0.65,14.92,1.56,1.62
2008-05-21,1847.51,-25.64,-1.37,14.67,1.54,1.65
2008-05-22,1835.42,-12.09,-0.65,14.58,1.53,1.66
2008-05-23,1827.94,-7.48,-0.41,14.52,1.52,1.66
2008-05-26,1800.58,-27.36,-1.5,14.29,1.5,1.69
2008-05-27,1825.23,24.65,1.37,14.48,1.52,1.67
2008-05-28,1805.64,-19.59,-1.07,14.32,1.5,1.68
2008-05-29,1841.22,35.58,1.97,14.6,1.53,1.65
2008-05-30,1852.02,10.8,0.59,14.69,1.54,1.64
2008-06-02,1847.53,-4.49,-0.24,14.66,1.54,1.65
2008-06-03,1819.39,-28.14,-1.52,14.44,1.51,1.67
2008-06-04,1833.81,14.42,0.79,14.56,1.53,1.66
2008-06-05,1832.31,-1.5,-0.08,14.55,1.53,1.66
2008-06-09,1808.96,-23.35,-1.27,14.38,1.51,1.68
2008-06-10,1774.38,-34.58,-1.91,14.63,1.48,1.71
2008-06-11,1781.67,7.29,0.41,14.19,1.49,1.7
2008-06-12,1739.36,-42.31,-2.37,13.84,1.45,1.74
2008-06-13,1747.35,7.99,0.46,13.91,1.46,1.74
2008-06-16,1760.82,13.47,0.77,14.02,1.47,1.72
2008-06-17,1750.71,-10.11,-0.57,13.94,1.46,1.73
2008-06-18,1774.13,23.42,1.34,14.13,1.48,1.71
2008-06-19,1740.72,-33.41,-1.88,13.85,1.45,1.74
2008-06-20,1731,-9.72,-0.56,13.78,1.44,1.75
2008-06-23,1715.59,-15.41,-0.89,13.65,1.43,1.77
2008-06-24,1710.84,-4.75,-0.28,13.62,1.43,1.77
2008-06-25,1717.79,6.95,0.41,13.68,1.43,1.77
2008-06-26,1717.66,-0.13,-0.01,13.68,1.43,1.77
2008-06-27,1684.45,-33.21,-1.93,13.39,1.4,1.8
2008-06-30,1674.92,-9.53,-0.57,13.31,1.4,1.81
2008-07-01,1666.46,-8.46,-0.51,13.21,1.39,1.82
2008-07-02,1623.6,-42.86,-2.57,12.87,1.35,1.87
2008-07-03,1606.54,-17.06,-1.05,12.74,1.34,1.89
2008-07-04,1577.94,-28.6,-1.78,12.51,1.32,1.92
2008-07-07,1579.72,1.78,0.11,12.52,1.32,1.92
2008-07-08,1533.47,-46.25,-2.93,12.16,1.28,1.98
2008-07-09,1519.38,-14.09,-0.92,12.05,1.27,2
2008-07-10,1537.43,18.05,1.19,12.19,1.28,1.97
2008-07-11,1567.51,30.08,1.96,12.43,1.31,1.94
2008-07-14,1558.62,-8.89,-0.57,12.36,1.3,1.95
2008-07-15,1509.33,-49.29,-3.16,11.97,1.26,2.01
2008-07-16,1507.4,-1.93,-0.13,11.95,1.26,2.01
2008-07-17,1525.56,18.16,1.2,12.09,1.27,1.99
2008-07-18,1509.99,-15.57,-1.02,11.97,1.26,2.01
2008-07-21,1562.92,52.93,3.51,12.4,1.3,1.94
2008-07-22,1561.23,-1.69,-0.11,12.38,1.3,1.94
2008-07-23,1591.76,30.53,1.96,12.63,1.33,1.91
2008-07-24,1626.14,34.38,2.16,12.91,1.36,1.87
2008-07-25,1597.93,-28.21,-1.73,12.68,1.33,1.9
2008-07-28,1598.29,0.36,0.02,12.68,1.33,1.9
2008-07-29,1567.2,-31.09,-1.95,12.43,1.31,1.94
2008-07-30,1577.7,10.5,0.67,12.5,1.31,1.92
2008-07-31,1594.67,16.97,1.08,12.67,1.33,1.9
2008-08-01,1573.77,-20.9,-1.31,12.21,1.3,1.98
2008-08-04,1543.05,-30.72,-1.95,11.98,1.28,2.02
2008-08-05,1535.54,-7.51,-0.49,11.93,1.27,2.03
2008-08-06,1578.71,43.17,2.81,12.26,1.31,1.97
2008-08-07,1564,-14.71,-0.93,12.15,1.29,1.99
2008-08-08,1568.72,4.72,0.3,12.18,1.3,1.99
2008-08-11,1581.09,12.37,0.79,12.28,1.31,1.97
2008-08-12,1577.12,-3.97,-0.25,12.25,1.31,1.98
2008-08-13,1562.72,-14.4,-0.91,12.14,1.29,2
2008-08-14,1572.19,9.47,0.61,12.21,1.3,1.98
2008-08-18,1567.71,-4.48,-0.28,12.18,1.3,1.99
2008-08-19,1541.41,-26.3,-1.68,11.97,1.28,2.02
2008-08-20,1540.71,-0.7,-0.05,11.96,1.28,2.02
2008-08-21,1512.59,-28.12,-1.83,11.75,1.25,2.06
2008-08-22,1496.91,-15.68,-1.04,11.62,1.24,2.08
2008-08-25,1502.11,5.2,0.35,11.67,1.24,2.08
2008-08-26,1490.25,-11.86,-0.79,11.58,1.23,2.09
2008-08-27,1493.92,3.67,0.25,11.61,1.24,2.09
2008-08-28,1474.15,-19.77,-1.32,11.45,1.22,2.12
2008-08-29,1474.24,0.09,0.01,11.46,1.22,2.12
2008-09-01,1414.43,-59.81,-4.06,11,1.17,2.21
2008-09-02,1407.14,-7.29,-0.52,10.95,1.17,2.22
2008-09-03,1426.89,19.75,1.4,11.1,1.18,2.19
2008-09-04,1426.43,-0.46,-0.03,11.09,1.18,2.19
2008-09-05,1404.38,-22.05,-1.55,10.92,1.16,2.22
2008-09-08,1476.65,72.27,5.15,11.48,1.22,2.11
2008-09-09,1454.5,-22.15,-1.5,11.31,1.2,2.15
2008-09-10,1464.98,10.48,0.72,11.39,1.21,2.13
2008-09-11,1443.24,-21.74,-1.48,11.22,1.2,2.16
2008-09-12,1477.92,34.68,2.4,11.48,1.22,2.11
2008-09-16,1387.75,-90.17,-6.1,10.78,1.15,2.25
2008-09-17,1425.26,37.51,2.7,11.07,1.18,2.19
2008-09-18,1392.42,-32.84,-2.3,10.82,1.15,2.24
2008-09-19,1455.78,63.36,4.55,11.31,1.2,2.14
2008-09-22,1460.34,4.56,0.31,11.34,1.21,2.14
2008-09-23,1481.37,21.03,1.44,11.5,1.23,2.11
2008-09-24,1495.98,14.61,0.99,11.62,1.24,2.09
2008-09-25,1501.63,5.65,0.38,11.66,1.24,2.08
2008-09-26,1476.33,-25.3,-1.68,11.46,1.22,2.11
2008-09-29,1456.36,-19.97,-1.35,11.31,1.2,2.14
2008-09-30,1448.06,-8.3,-0.57,11.25,1.2,2.15
2008-10-01,1439.67,-8.39,-0.58,11.18,1.19,2.17
2008-10-02,1419.65,-20.02,-1.39,11.03,1.18,2.2
2008-10-06,1358.75,-60.9,-4.29,10.55,1.13,2.3
2008-10-07,1366.1,7.35,0.54,10.62,1.13,2.28
2008-10-08,1286.69,-79.41,-5.81,10.01,1.07,2.42
2008-10-09,1294.89,8.2,0.64,10.08,1.08,2.41
2008-10-10,1241.47,-53.42,-4.13,9.81,1.03,2.38
2008-10-13,1288.53,47.06,3.79,10.17,1.07,2.29
2008-10-14,1367.69,79.16,6.14,10.8,1.13,2.16
2008-10-15,1340.28,-27.41,-2,10.58,1.11,2.21
2008-10-16,1213.78,-126.5,-9.44,9.58,1.01,2.44
2008-10-17,1180.67,-33.11,-2.73,9.35,0.98,2.5
2008-10-20,1207.63,26.96,2.28,9.57,1,2.45
2008-10-21,1196.1,-11.53,-0.95,9.47,0.99,2.47
2008-10-22,1134.59,-61.51,-5.14,8.98,0.94,2.61
2008-10-23,1049.71,-84.88,-7.48,8.3,0.87,2.82
2008-10-24,938.75,-110.96,-10.57,7.4,0.78,3.15
2008-10-27,946.45,7.7,0.82,7.46,0.78,3.13
2008-10-28,999.16,52.71,5.57,7.9,0.83,2.96
2008-10-29,968.97,-30.19,-3.02,7.68,0.81,3.05
2008-10-30,1084.72,115.75,11.95,8.6,0.9,2.73
2008-10-31,1113.06,28.34,2.61,8.84,0.93,2.66
2008-11-03,1129.08,16.02,1.44,8.99,0.94,2.62
2008-11-04,1153.35,24.27,2.15,9.17,0.96,2.56
2008-11-05,1181.5,28.15,2.44,9.4,0.98,2.5
2008-11-06,1092.22,-89.28,-7.56,8.7,0.91,2.71
2008-11-07,1134.49,42.27,3.87,9.04,0.95,2.61
2008-11-10,1152.46,17.97,1.58,9.18,0.96,2.57
2008-11-11,1128.73,-23.73,-2.06,8.99,0.94,2.62
2008-11-12,1123.86,-4.87,-0.43,8.95,0.94,2.63
2008-11-13,1088.44,-35.42,-3.15,8.68,0.91,2.72
2008-11-14,1088.26,-0.18,-0.02,8.66,0.91,2.72
2008-11-17,1078.32,-9.94,-0.91,8.58,0.9,2.74
2008-11-18,1036.16,-42.16,-3.91,8.25,0.86,2.85
2008-11-19,1016.82,-19.34,-1.87,8.1,0.85,2.91
2008-11-20,948.69,-68.13,-6.7,7.57,0.79,3.12
2008-11-21,1003.73,55.04,5.8,8.01,0.84,2.95
2008-11-24,970.14,-33.59,-3.35,7.75,0.81,3.05
2008-11-25,983.32,13.18,1.36,7.84,0.82,3.01
2008-11-26,1029.78,46.46,4.72,8.2,0.86,2.87
2008-11-27,1063.48,33.7,3.27,8.46,0.88,2.78
2008-11-28,1076.07,12.59,1.18,8.57,0.9,2.71
2008-12-01,1058.62,-17.45,-1.62,8.5,0.89,2.74
2008-12-02,1023.2,-35.42,-3.35,8.21,0.86,2.83
2008-12-03,1022.67,-0.53,-0.05,8.19,0.86,2.83
2008-12-04,1006.54,-16.13,-1.58,8.06,0.85,2.88
2008-12-05,1028.13,21.59,2.14,8.23,0.86,2.82
2008-12-08,1105.05,76.92,7.48,8.84,0.93,2.62
2008-12-09,1105.84,0.79,0.07,8.85,0.93,2.62
2008-12-10,1145.87,40.03,3.62,9.16,0.96,2.53
2008-12-11,1154.43,8.56,0.75,9.22,0.97,2.51
2008-12-12,1103.82,-50.61,-4.38,8.84,0.93,2.63
2008-12-15,1158.19,54.37,4.93,9.27,0.97,2.5
2008-12-16,1161.56,3.37,0.29,9.3,0.98,2.49
2008-12-17,1169.75,8.19,0.71,9.35,0.98,2.48
2008-12-18,1175.91,6.16,0.53,9.4,0.99,2.46
2008-12-19,1180.97,5.06,0.43,9.44,0.99,2.45
2008-12-22,1179.61,-1.36,-0.12,9.43,0.99,2.46
2008-12-23,1144.31,-35.3,-2.99,9.15,0.96,2.53
2008-12-24,1128.51,-15.8,-1.38,9.04,0.95,2.57
2008-12-26,1117.86,-10.65,-0.94,8.94,0.94,2.59
2008-12-29,1117.59,-0.27,-0.02,8.93,0.94,2.6
2008-12-30,1124.47,6.88,0.62,8.99,0.94,2.58
2009-01-02,1157.4,32.93,2.93,9.25,0.97,2.51
2009-01-05,1173.57,16.17,1.4,9.35,0.98,2.47
2009-01-06,1194.28,20.71,1.76,9.52,1,2.43
2009-01-07,1228.17,33.89,2.84,9.81,1.03,2.36
2009-01-08,1205.7,-22.47,-1.83,9.64,1.01,2.41
2009-01-09,1180.96,-24.74,-2.05,9.42,0.99,2.46
2009-01-12,1156.75,-24.21,-2.05,9.23,0.97,2.51
2009-01-13,1167.71,10.96,0.95,9.31,0.98,2.49
2009-01-14,1182.68,14.97,1.28,9.42,0.99,2.46
2009-01-15,1111.34,-71.34,-6.03,8.86,0.93,2.61
2009-01-16,1135.2,23.86,2.15,9.05,0.95,2.56
2009-01-19,1150.65,15.45,1.36,9.18,0.96,2.53
2009-01-20,1126.81,-23.84,-2.07,9,0.95,2.58
2009-01-21,1103.61,-23.2,-2.06,8.82,0.93,2.63
2009-01-22,1116.23,12.62,1.14,8.91,0.94,2.6
2009-01-23,1093.4,-22.83,-2.05,8.73,0.92,2.66
2009-01-28,1157.98,64.58,5.91,9.24,0.97,2.51
2009-01-29,1166.56,8.58,0.74,9.3,0.98,2.49
2009-01-30,1162.11,-4.45,-0.38,9.26,0.97,2.5
2009-02-02,1146.95,-15.16,-1.3,9.15,0.96,2.53
2009-02-03,1163.2,16.25,1.42,9.28,0.97,2.5
2009-02-04,1195.37,32.17,2.77,9.54,1,2.43
2009-02-05,1177.88,-17.49,-1.46,9.4,0.99,2.46
2009-02-06,1210.26,32.38,2.75,9.66,1.01,2.4
2009-02-09,1202.69,-7.57,-0.63,9.6,1.01,2.41
2009-02-10,1198.87,-3.82,-0.32,9.56,1,2.42
2009-02-11,1190.18,-8.69,-0.72,9.5,1,2.44
2009-02-12,1179.84,-10.34,-0.87,9.43,0.99,2.46
2009-02-13,1192.44,12.6,1.07,9.53,1,2.44
2009-02-16,1175.47,-16.97,-1.42,9.39,0.99,2.47
2009-02-17,1127.19,-48.28,-4.11,8.99,0.95,2.58
2009-02-18,1113.19,-14,-1.24,8.89,0.93,2.61
2009-02-19,1107.1,-6.09,-0.55,8.84,0.93,2.63
2009-02-20,1065.95,-41.15,-3.72,8.51,0.9,2.73
2009-02-23,1099.55,33.6,3.15,8.78,0.92,2.64
2009-02-24,1063.88,-35.67,-3.24,8.49,0.89,2.73
2009-02-25,1067.08,3.2,0.3,8.51,0.9,2.72
2009-02-26,1054.79,-12.29,-1.15,8.41,0.88,2.75
2009-02-27,1063.03,8.24,0.78,8.47,0.89,2.73
2009-03-02,1018.81,-44.22,-4.16,8.12,0.85,2.85
2009-03-03,1025.57,6.76,0.66,8.17,0.86,2.83
2009-03-04,1059.26,33.69,3.29,8.44,0.89,2.74
2009-03-05,1058.18,-1.08,-0.1,8.44,0.89,2.75
2009-03-06,1055.03,-3.15,-0.3,8.42,0.89,2.75
2009-03-09,1071.73,16.7,1.58,8.55,0.9,2.71
2009-03-10,1092.2,20.47,1.91,8.7,0.92,2.66
2009-03-11,1127.51,35.31,3.23,8.98,0.94,2.58
2009-03-12,1128.39,0.88,0.08,8.98,0.94,2.57
2009-03-13,1126.03,-2.36,-0.21,8.97,0.94,2.58
2009-03-16,1125.46,-0.57,-0.05,8.96,0.94,2.58
2009-03-17,1163.88,38.42,3.41,9.25,0.97,2.5
2009-03-18,1169.95,6.07,0.52,9.31,0.98,2.48
2009-03-19,1161.81,-8.14,-0.7,9.25,0.97,2.5
2009-03-20,1170.94,9.13,0.79,8.75,0.98,2.6
2009-03-23,1199.5,28.56,2.44,8.96,1,2.54
2009-03-24,1221.7,22.2,1.85,9.12,1.02,2.5
2009-03-25,1229.02,7.32,0.6,9.17,1.03,2.48
2009-03-26,1243.8,14.78,1.2,9.28,1.04,2.46
2009-03-27,1237.51,-6.29,-0.51,9.23,1.03,2.47
2009-03-30,1197.46,-40.05,-3.24,8.94,1,2.54
2009-03-31,1206.26,8.8,0.73,9.01,1.01,2.52
2009-04-01,1233.36,27.1,2.25,9.2,1.03,2.47
2009-04-02,1276.97,43.61,3.54,9.53,1.07,2.39
2009-04-03,1283.75,6.78,0.53,9.57,1.07,2.37
2009-04-06,1297.85,14.1,1.1,9.68,1.09,2.35
2009-04-07,1300.1,2.25,0.17,9.69,1.09,2.35
2009-04-08,1262.07,-38.03,-2.93,9.4,1.06,2.43
2009-04-09,1316.35,54.28,4.3,9.8,1.1,2.33
2009-04-10,1336.04,19.69,1.5,9.96,1.12,2.29
2009-04-13,1338.26,2.22,0.17,9.96,1.12,2.29
2009-04-14,1342.63,4.37,0.33,9.99,1.12,2.29
2009-04-15,1333.09,-9.54,-0.71,9.93,1.12,2.3
2009-04-16,1336.72,3.63,0.27,9.96,1.12,2.29
2009-04-17,1329,-7.72,-0.58,9.91,1.11,2.3
2009-04-20,1336.39,7.39,0.56,10,1.12,2.28
2009-04-21,1336.81,0.42,0.03,10,1.12,2.28
2009-04-22,1356.02,19.21,1.44,10.14,1.14,2.25
2009-04-23,1368.8,12.78,0.94,10.24,1.15,2.23
2009-04-24,1354.1,-14.7,-1.07,10.11,1.14,2.26
2009-04-27,1339.83,-14.27,-1.05,10,1.13,2.28
2009-04-28,1300.24,-39.59,-2.95,9.71,1.09,2.35
2009-04-29,1338.42,38.18,2.94,10.69,1.12,2.29
2009-04-30,1369.36,30.94,2.31,10.93,1.15,2.23
2009-05-04,1397.92,28.56,2.09,11.13,1.17,1.64
2009-05-06,1393.45,-4.47,-0.32,17.99,1.1,1.62
2009-05-07,1401.08,7.63,0.55,18.08,1.11,1.61
2009-05-08,1412.13,11.05,0.79,18.23,1.12,1.6
2009-05-11,1415.16,3.03,0.21,18.27,1.12,1.71
2009-05-12,1403.51,-11.65,-0.82,18.14,1.11,1.46
2009-05-13,1414.52,11.01,0.78,18.36,1.12,1.45
2009-05-14,1380.95,-33.57,-2.37,17.93,1.09,1.49
2009-05-15,1391.73,10.78,0.78,18.07,1.1,1.48
2009-05-18,1386.68,-5.05,-0.36,17.96,1.1,1.49
2009-05-19,1428.21,41.53,2.99,18.49,1.13,1.44
2009-05-20,1435.7,7.49,0.52,18.63,1.14,1.44
2009-05-21,1421.65,-14.05,-0.98,18.44,1.13,1.45
2009-05-22,1403.75,-17.9,-1.26,18.19,1.11,1.47
2009-05-25,1400.9,-2.85,-0.2,18.15,1.11,1.47
2009-05-26,1372.04,-28.86,-2.06,17.8,1.09,1.5
2009-05-27,1362.02,-10.02,-0.73,17.71,1.08,1.51
2009-05-28,1392.17,30.15,2.21,18.1,1.1,1.48
2009-05-29,1395.89,3.72,0.27,18.54,1.11,1.47
2009-06-01,1415.1,19.21,1.38,18.78,1.12,1.45
2009-06-02,1412.85,-2.25,-0.16,18.67,1.12,1.46
2009-06-03,1414.89,2.04,0.14,18.71,1.12,1.45
2009-06-04,1378.14,-36.75,-2.6,18.23,1.09,1.49
2009-06-05,1394.71,16.57,1.2,18.45,1.11,1.47
2009-06-08,1393.3,-1.41,-0.1,18.45,1.11,1.47
2009-06-09,1371.84,-21.46,-1.54,18.17,1.09,1.5
2009-06-10,1414.88,43.04,3.14,18.73,1.12,1.45
2009-06-11,1419.39,4.51,0.32,18.78,1.13,1.45
2009-06-12,1428.59,9.2,0.65,18.91,1.13,1.44
2009-06-15,1412.42,-16.17,-1.13,18.71,1.12,1.45
2009-06-16,1399.15,-13.27,-0.94,18.53,1.11,1.47
2009-06-17,1391.17,-7.98,-0.57,18.44,1.1,1.48
2009-06-18,1375.76,-15.41,-1.11,18.25,1.09,1.49
2009-06-19,1383.34,7.58,0.55,18.34,1.1,1.48
2009-06-22,1399.71,16.37,1.18,18.54,1.11,1.47
2009-06-23,1360.54,-39.17,-2.8,18.01,1.08,1.52
2009-06-24,1363.79,3.25,0.24,18.05,1.08,1.52
2009-06-25,1392.73,28.94,2.12,18.43,1.11,1.48
2009-06-26,1394.53,1.8,0.13,18.45,1.11,1.48
2009-06-29,1388.45,-6.08,-0.44,18.37,1.1,1.49
2009-06-30,1390.07,1.62,0.12,18.39,1.1,1.49
2009-07-01,1411.66,21.59,1.55,18.66,1.12,1.46
2009-07-02,1411.48,-0.18,-0.01,18.66,1.12,1.46
2009-07-03,1420.04,8.56,0.61,18.78,1.13,1.46
2009-07-06,1428.94,8.9,0.63,18.92,1.13,1.45
2009-07-07,1434.2,5.26,0.37,19,1.14,1.44
2009-07-08,1431.02,-3.18,-0.22,18.96,1.14,1.44
2009-07-09,1430.89,-0.13,-0.01,18.94,1.13,1.44
2009-07-10,1428.62,-2.27,-0.16,18.9,1.13,1.45
2009-07-13,1378.12,-50.5,-3.53,18.24,1.09,1.5
2009-07-14,1385.56,7.44,0.54,18.34,1.1,1.49
2009-07-15,1420.86,35.3,2.55,18.79,1.13,1.46
2009-07-16,1432.22,11.36,0.8,18.86,1.13,1.44
2009-07-17,1440.1,7.88,0.55,18.96,1.14,1.44
2009-07-20,1478.51,38.41,2.67,19.45,1.17,1.4
2009-07-21,1488.99,10.48,0.71,19.59,1.18,1.39
2009-07-22,1494.04,5.05,0.34,19.66,1.18,1.39
2009-07-23,1496.49,2.45,0.16,19.7,1.19,1.38
2009-07-24,1502.59,6.1,0.41,19.79,1.19,1.38
2009-07-27,1524.05,21.46,1.43,20.06,1.21,1.36
2009-07-28,1526.03,1.98,0.13,20.07,1.21,1.36
2009-07-29,1524.32,-1.71,-0.11,20.04,1.21,1.36
2009-07-30,1534.74,10.42,0.68,20.17,1.21,1.35
2009-07-31,1557.29,22.55,1.47,20.55,1.23,1.33
2009-08-03,1564.98,7.69,0.49,21.67,1.24,1.27
2009-08-04,1566.37,1.39,0.09,21.69,1.24,1.27
2009-08-05,1559.47,-6.9,-0.44,21.6,1.23,1.28
2009-08-06,1565.04,5.57,0.36,21.72,1.24,1.27
2009-08-07,1576,10.96,0.7,21.86,1.25,1.26
2009-08-10,1576.11,0.11,0.01,21.86,1.25,1.26
2009-08-11,1579.21,3.1,0.2,21.94,1.25,1.26
2009-08-12,1565.35,-13.86,-0.88,21.76,1.24,1.27
2009-08-13,1564.64,-0.71,-0.05,21.76,1.24,1.27
2009-08-14,1591.41,26.77,1.71,22.13,1.26,1.25
2009-08-17,1547.06,-44.35,-2.79,21.48,1.22,1.29
2009-08-18,1550.24,3.18,0.21,21.53,1.23,1.28
2009-08-19,1545.96,-4.28,-0.28,21.48,1.22,1.29
2009-08-20,1576.39,30.43,1.97,21.89,1.25,1.26
2009-08-21,1580.98,4.59,0.29,21.95,1.25,1.26
2009-08-24,1612.22,31.24,1.98,22.31,1.27,1.24
2009-08-25,1601.38,-10.84,-0.67,22.19,1.27,1.24
2009-08-26,1614.12,12.74,0.8,22.36,1.28,1.23
2009-08-27,1599.33,-14.79,-0.92,22.16,1.27,1.25
2009-08-28,1607.94,8.61,0.54,22.29,1.27,1.24
2009-08-31,1591.85,-16.09,-1,22.08,1.26,1.25
2009-09-01,1623.06,31.21,1.96,22.51,1.29,1.23
2009-09-02,1613.16,-9.9,-0.61,22.38,1.28,1.23
2009-09-03,1613.53,0.37,0.02,22.36,1.28,1.23
2009-09-04,1608.9,-4.63,-0.29,22.28,1.27,1.24
2009-09-07,1608.57,-0.33,-0.02,22.29,1.27,1.24
2009-09-08,1619.69,11.12,0.69,22.45,1.28,1.23
2009-09-09,1607.77,-11.92,-0.74,22.28,1.27,1.24
2009-09-10,1644.68,36.91,2.3,22.78,1.3,1.21
2009-09-11,1651.7,7.02,0.43,22.86,1.3,1.21
2009-09-14,1634.91,-16.79,-1.02,22.63,1.29,1.22
2009-09-15,1653.4,18.49,1.13,22.88,1.31,1.21
2009-09-16,1683.33,29.93,1.81,23.29,1.33,1.18
2009-09-17,1695.47,12.14,0.72,23.46,1.34,1.18
2009-09-18,1699.71,4.24,0.25,23.53,1.34,1.17
2009-09-21,1695.5,-4.21,-0.25,23.47,1.34,1.18
2009-09-22,1718.88,23.38,1.38,23.81,1.36,1.16
2009-09-23,1711.47,-7.41,-0.43,23.72,1.35,1.16
2009-09-24,1693.88,-17.59,-1.03,23.48,1.34,1.18
2009-09-25,1691.48,-2.4,-0.14,23.41,1.34,1.18
2009-09-28,1675.55,-15.93,-0.94,23.19,1.32,1.19
2009-09-29,1690.05,14.5,0.87,23.38,1.34,1.18
2009-09-30,1673.14,-16.91,-1,23.13,1.32,1.19
2009-10-01,1644.63,-28.51,-1.7,22.72,1.3,1.21
2009-10-05,1606.9,-37.73,-2.29,22.2,1.27,1.24
2009-10-06,1598.44,-8.46,-0.53,22.09,1.26,1.25
2009-10-07,1598,-0.44,-0.03,22.06,1.26,1.25
2009-10-08,1615.46,17.46,1.09,22.3,1.27,1.23
2009-10-09,1646.79,31.33,1.94,22.76,1.3,1.21
2009-10-12,1639.81,-6.98,-0.42,22.67,1.3,1.21
2009-10-13,1628.93,-10.88,-0.66,22.52,1.29,1.22
2009-10-14,1649.09,20.16,1.24,22.8,1.3,1.21
2009-10-15,1658.99,9.9,0.6,22.94,1.31,1.2
2009-10-16,1640.36,-18.63,-1.12,22.67,1.3,1.21
2009-10-19,1649.07,8.71,0.53,22.79,1.3,1.21
2009-10-20,1659.15,10.08,0.61,22.87,1.31,1.2
2009-10-21,1653.86,-5.29,-0.32,22.8,1.31,1.2
2009-10-22,1630.33,-23.53,-1.42,22.48,1.29,1.22
2009-10-23,1640.17,9.84,0.6,22.61,1.3,1.21
2009-10-26,1657.11,16.94,1.03,22.85,1.31,1.2
2009-10-27,1649.53,-7.58,-0.46,22.74,1.3,1.21
2009-10-28,1609.71,-39.82,-2.41,22.19,1.27,1.24
2009-10-29,1585.85,-23.86,-1.48,21.87,1.25,1.25
2009-10-30,1580.69,-5.16,-0.33,21.8,1.25,1.26
2009-11-02,1559.09,-21.6,-1.37,21.5,1.23,1.28
2009-11-03,1549.92,-9.17,-0.59,21.42,1.23,1.28
2009-11-04,1579.93,30.01,1.94,21.84,1.25,1.26
2009-11-05,1552.24,-27.69,-1.75,21.45,1.23,1.28
2009-11-06,1572.46,20.22,1.3,21.73,1.24,1.26
2009-11-09,1576.79,4.33,0.28,21.79,1.25,1.26
2009-11-10,1582.3,5.51,0.35,21.86,1.25,1.26
2009-11-11,1594.82,12.52,0.79,22.04,1.26,1.24
2009-11-12,1572.73,-22.09,-1.39,21.7,1.24,1.26
2009-11-13,1571.99,-0.74,-0.05,21.67,1.24,1.26
2009-11-16,1592.47,20.48,1.3,21.96,1.26,1.25
2009-11-17,1585.98,-6.49,-0.41,21.89,1.25,1.25
2009-11-18,1603.97,17.99,1.13,22.14,1.27,1.24
2009-11-19,1620.54,16.57,1.03,22.36,1.28,1.23
2009-11-20,1620.6,0.06,0,22.36,1.28,1.23
2009-11-23,1619.05,-1.55,-0.1,22.32,1.28,1.23
2009-11-24,1606.42,-12.63,-0.78,22.15,1.27,1.24
2009-11-25,1611.88,5.46,0.34,22.24,1.28,1.23
2009-11-26,1599.52,-12.36,-0.77,22.07,1.27,1.24
2009-11-27,1524.5,-75.02,-4.69,21.07,1.21,1.3
2009-11-30,1555.6,31.1,2.04,21.47,1.23,1.28
2009-12-01,1569.72,14.12,0.91,21.67,1.24,1.27
2009-12-02,1591.63,21.91,1.4,21.97,1.26,1.25
2009-12-03,1615,23.37,1.47,22.3,1.28,1.23
2009-12-04,1624.76,9.76,0.6,22.44,1.29,1.22
2009-12-07,1632.65,7.89,0.49,22.55,1.29,1.22
2009-12-08,1627.78,-4.87,-0.3,22.48,1.29,1.22
2009-12-09,1634.17,6.39,0.39,22.59,1.29,1.21
2009-12-10,1652.73,18.56,1.14,22.83,1.31,1.2
2009-12-11,1656.9,4.17,0.25,22.9,1.31,1.2
2009-12-14,1664.77,7.87,0.47,23.02,1.32,1.19
2009-12-15,1665.85,1.08,0.06,23.42,1.32,1.19
2009-12-16,1664.24,-1.61,-0.1,23.02,1.32,1.19
2009-12-17,1647.84,-16.4,-0.99,22.8,1.31,1.2
2009-12-18,1647.04,-0.8,-0.05,22.8,1.31,1.2
2009-12-21,1644.23,-2.81,-0.17,22.77,1.31,1.2
2009-12-22,1655.54,11.31,0.69,23.04,1.31,1.2
2009-12-23,1661.35,5.81,0.35,23.13,1.32,1.19
2009-12-24,1682.34,20.99,1.26,23.44,1.34,1.18
2009-12-28,1685.59,3.25,0.19,23.5,1.34,1.17
2009-12-29,1672.48,-13.11,-0.78,23.32,1.33,1.18
2009-12-30,1682.77,10.29,0.62,23.68,1.34,1.17
2010-01-04,1696.14,13.37,0.79,23.87,1.35,1.16
2010-01-05,1690.62,-5.52,-0.33,23.8,1.35,1.17
2010-01-06,1705.32,14.7,0.87,24.01,1.36,1.16
2010-01-07,1683.45,-21.87,-1.28,23.71,1.34,1.17
2010-01-08,1695.26,11.81,0.7,23.88,1.35,1.16
2010-01-11,1694.12,-1.14,-0.07,23.85,1.35,1.17
2010-01-12,1698.64,4.52,0.27,23.92,1.35,1.16
2010-01-13,1671.41,-27.23,-1.6,23.54,1.33,1.18
2010-01-14,1685.77,14.36,0.86,23.69,1.34,1.17
2010-01-15,1701.8,16.03,0.95,23.83,1.36,1.16
2010-01-18,1711.78,9.98,0.59,24.01,1.37,1.15
2010-01-19,1710.22,-1.56,-0.09,23.99,1.37,1.15
2010-01-20,1714.38,4.16,0.24,24.05,1.37,1.15
2010-01-21,1722.01,7.63,0.45,24.16,1.38,1.15
2010-01-22,1684.35,-37.66,-2.19,23.65,1.35,1.17
2010-01-25,1670.2,-14.15,-0.84,23.46,1.34,1.18
2010-01-26,1637.34,-32.86,-1.97,22.99,1.31,1.21
2010-01-27,1625.48,-11.86,-0.72,22.84,1.3,1.21
2010-01-28,1642.43,16.95,1.04,23.06,1.31,1.2
2010-01-29,1602.43,-40,-2.44,22.52,1.28,1.23
2010-02-01,1606.44,4.01,0.25,22.77,1.28,1.23
2010-02-02,1595.81,-10.63,-0.66,22.66,1.27,1.24
2010-02-03,1615.02,19.21,1.2,22.94,1.29,1.22
2010-02-04,1616.42,1.4,0.09,22.98,1.29,1.22
2010-02-05,1567.12,-49.3,-3.05,22.3,1.25,1.26
2010-02-08,1552.79,-14.33,-0.91,22.1,1.24,1.27
2010-02-09,1570.49,17.7,1.14,22.34,1.26,1.25
2010-02-10,1570.12,-0.37,-0.02,22.32,1.26,1.25
2010-02-11,1597.81,27.69,1.76,22.74,1.28,1.23
2010-02-12,1593.66,-4.15,-0.26,22.68,1.27,1.24
2010-02-16,1601.05,7.39,0.46,22.8,1.28,1.23
2010-02-17,1627.43,26.38,1.65,23.16,1.3,1.21
2010-02-18,1621.19,-6.24,-0.38,23.08,1.3,1.21
2010-02-19,1593.9,-27.29,-1.68,22.7,1.27,1.23
2010-02-22,1627.1,33.2,2.08,23.17,1.3,1.21
2010-02-23,1628.9,1.8,0.11,23.2,1.3,1.21
2010-02-24,1612.83,-16.07,-0.99,22.97,1.29,1.22
2010-02-25,1587.51,-25.32,-1.57,22.62,1.27,1.24
2010-02-26,1594.58,7.07,0.45,22.72,1.28,1.23
2010-03-02,1615.12,20.54,1.29,23.02,1.29,1.22
2010-03-03,1622.44,7.32,0.45,23.12,1.3,1.21
2010-03-04,1618.2,-4.24,-0.26,23.05,1.29,1.22
2010-03-05,1634.57,16.37,1.01,23.29,1.31,1.2
2010-03-08,1660.04,25.47,1.56,23.64,1.33,1.19
2010-03-09,1660.83,0.79,0.05,23.65,1.33,1.19
2010-03-10,1662.24,1.41,0.08,23.67,1.33,1.18
2010-03-11,1656.62,-5.62,-0.34,23.57,1.33,1.19
2010-03-12,1662.74,6.12,0.37,23.65,1.33,1.18
2010-03-15,1649.5,-13.24,-0.8,23.5,1.32,1.19
2010-03-16,1648.01,-1.49,-0.09,23.48,1.32,1.19
2010-03-17,1682.86,34.85,2.11,23.96,1.35,1.16
2010-03-18,1675.17,-7.69,-0.46,24,1.34,1.16
2010-03-19,1686.11,10.94,0.65,24.16,1.35,1.16
2010-03-22,1672.67,-13.44,-0.8,23.98,1.34,1.17
2010-03-23,1681.82,9.15,0.55,24.11,1.35,1.16
2010-03-24,1681.01,-0.81,-0.05,24.1,1.35,1.16
2010-03-25,1688.39,7.38,0.44,24.2,1.35,1.15
2010-03-26,1697.72,9.33,0.55,24.34,1.36,1.15
2010-03-29,1691.99,-5.73,-0.34,24.25,1.36,1.15
2010-03-30,1700.19,8.2,0.48,24.36,1.36,1.15
2010-03-31,1692.85,-7.34,-0.43,24.35,1.36,1.15
2010-04-01,1719.17,26.32,1.55,24.13,1.38,1.14
2010-04-02,1723.49,4.32,0.25,24.19,1.38,1.13
2010-04-05,1724.99,1.5,0.09,24.22,1.38,1.13
2010-04-06,1726.09,1.1,0.06,24.24,1.38,1.13
2010-04-07,1726.6,0.51,0.03,24.26,1.39,1.13
2010-04-08,1733.78,7.18,0.42,24.42,1.39,1.12
2010-04-09,1724.47,-9.31,-0.54,24.28,1.38,1.13
2010-04-12,1710.3,-14.17,-0.82,24.05,1.37,1.14
2010-04-13,1710.59,0.29,0.02,24.06,1.37,1.14
2010-04-14,1735.33,24.74,1.45,24.4,1.39,1.13
2010-04-15,1743.91,8.58,0.49,24.54,1.4,1.12
2010-04-16,1734.49,-9.42,-0.54,24.41,1.39,1.13
2010-04-19,1705.3,-29.19,-1.68,24,1.37,1.15
2010-04-20,1718.03,12.73,0.75,24.18,1.38,1.14
2010-04-21,1747.58,29.55,1.72,24.61,1.4,1.12
2010-04-22,1739.52,-8.06,-0.46,24.51,1.39,1.12
2010-04-23,1737.03,-2.49,-0.14,24.47,1.39,1.12
2010-04-26,1752.2,15.17,0.87,24.68,1.4,1.11
2010-04-27,1749.55,-2.65,-0.15,24.64,1.4,1.12
2010-04-28,1733.91,-15.64,-0.89,24.44,1.39,1.13
2010-04-29,1728.42,-5.49,-0.32,15.28,1.26,1.31
2010-04-30,1741.56,13.14,0.76,15.4,1.27,1.3
2010-05-03,1721.21,-20.35,-1.17,15.23,1.26,1.32
2010-05-04,1718.75,-2.46,-0.14,15.21,1.26,1.32
2010-05-06,1684.71,-34.04,-1.98,14.89,1.23,1.34
2010-05-07,1647.5,-37.21,-2.21,14.56,1.2,1.37
2010-05-10,1677.63,30.13,1.83,14.8,1.23,1.35
2010-05-11,1670.24,-7.39,-0.44,14.73,1.22,1.36
2010-05-12,1663.03,-7.21,-0.43,14.67,1.22,1.33
2010-05-13,1694.58,31.55,1.9,15.32,1.26,1.31
2010-05-14,1695.63,1.05,0.06,15.33,1.26,1.31
2010-05-17,1651.51,-44.12,-2.6,14.93,1.23,1.34
2010-05-18,1643.24,-8.27,-0.5,14.86,1.22,1.35
2010-05-19,1630.08,-13.16,-0.8,14.74,1.21,1.36
2010-05-20,1600.18,-29.9,-1.83,14.47,1.19,1.38
2010-05-24,1604.93,4.75,0.3,14.51,1.19,1.38
2010-05-25,1560.83,-44.1,-2.75,14.12,1.16,1.42
2010-05-26,1582.12,21.29,1.36,14.31,1.18,1.4
2010-05-27,1607.5,25.38,1.6,14.54,1.2,1.37
2010-05-28,1622.78,15.28,0.95,14.68,1.21,1.36
2010-05-31,1641.25,18.47,1.14,14.84,1.22,1.35
2010-06-01,1630.4,-10.85,-0.66,14.75,1.21,1.36
2010-06-03,1661.84,31.44,1.93,15.05,1.24,1.33
2010-06-04,1664.13,2.29,0.14,15.07,1.24,1.33
2010-06-07,1637.97,-26.16,-1.57,14.84,1.22,1.35
2010-06-08,1651.48,13.51,0.82,14.96,1.23,1.34
2010-06-09,1647.22,-4.26,-0.26,14.92,1.23,1.34
2010-06-10,1651.7,4.48,0.27,14.96,1.23,1.34
2010-06-11,1675.34,23.64,1.43,15.18,1.25,1.32
2010-06-14,1690.6,15.26,0.91,15.32,1.26,1.31
2010-06-15,1690.03,-0.57,-0.03,15.31,1.26,1.31
2010-06-16,1705.33,15.3,0.91,15.45,1.27,1.3
2010-06-17,1707.92,2.59,0.15,15.24,1.27,1.29
2010-06-18,1711.95,4.03,0.24,15.28,1.27,1.29
2010-06-21,1739.68,27.73,1.62,15.53,1.29,1.27
2010-06-22,1731.48,-8.2,-0.47,15.46,1.29,1.28
2010-06-23,1725.82,-5.66,-0.33,15.4,1.28,1.28
2010-06-24,1739.87,14.05,0.81,15.57,1.29,1.27
2010-06-25,1729.84,-10.03,-0.58,15.48,1.28,1.28
2010-06-28,1732.03,2.19,0.13,15.5,1.29,1.28
2010-06-29,1707.76,-24.27,-1.4,15.25,1.27,1.29
2010-06-30,1698.29,-9.47,-0.55,15.17,1.26,1.3
2010-07-01,1686.24,-12.05,-0.71,15.06,1.25,1.31
2010-07-02,1671.82,-14.42,-0.86,14.93,1.24,1.32
2010-07-05,1675.37,3.55,0.21,14.96,1.24,1.32
2010-07-06,1684.94,9.57,0.57,15.05,1.25,1.31
2010-07-07,1675.65,-9.29,-0.55,14.97,1.24,1.32
2010-07-08,1698.64,22.99,1.37,15.17,1.26,1.3
2010-07-09,1723.01,24.37,1.43,14.71,1.26,1.34
2010-07-12,1734.05,11.04,0.64,14.81,1.27,1.33
2010-07-13,1735.08,1.03,0.06,14.81,1.27,1.33
2010-07-14,1758.01,22.93,1.32,15.02,1.29,1.31
2010-07-15,1751.29,-6.72,-0.38,14.96,1.28,1.31
2010-07-16,1738.45,-12.84,-0.73,14.85,1.27,1.32
2010-07-19,1731.95,-6.5,-0.37,14.79,1.27,1.33
2010-07-20,1736.77,4.82,0.28,14.82,1.27,1.33
2010-07-21,1748.78,12.01,0.69,14.92,1.28,1.32
2010-07-22,1735.53,-13.25,-0.76,14.81,1.27,1.33
2010-07-23,1758.06,22.53,1.3,15,1.29,1.31
2010-07-26,1769.07,11.01,0.63,15.09,1.29,1.3
2010-07-27,1768.31,-0.76,-0.04,15.1,1.29,1.3
2010-07-28,1773.47,5.16,0.29,15.14,1.3,1.3
2010-07-29,1770.88,-2.59,-0.15,15.12,1.3,1.3
2010-07-30,1759.33,-11.55,-0.65,15.01,1.29,1.31
2010-08-02,1782.27,22.94,1.3,15.23,1.31,1.29
2010-08-03,1790.6,8.33,0.47,15.3,1.31,1.28
2010-08-04,1789.26,-1.34,-0.07,15.28,1.31,1.29
2010-08-05,1783.86,-5.4,-0.3,15.23,1.31,1.29
2010-08-06,1783.83,-0.03,0,15.24,1.31,1.29
2010-08-09,1790.17,6.34,0.36,15.29,1.31,1.29
2010-08-10,1781.13,-9.04,-0.5,15.21,1.3,1.29
2010-08-11,1758.19,-22.94,-1.29,15.02,1.29,1.31
2010-08-12,1721.75,-36.44,-2.07,14.7,1.26,1.34
2010-08-13,1746.24,24.49,1.42,14.91,1.28,1.32
2010-08-16,1743.31,-2.93,-0.17,14.89,1.28,1.32
2010-08-17,1755.03,11.72,0.67,14.98,1.28,1.31
2010-08-18,1761.99,6.96,0.4,15.03,1.29,1.31
2010-08-19,1779.64,17.65,1,15.2,1.3,1.29
2010-08-20,1775.54,-4.1,-0.23,15.17,1.3,1.3
2010-08-23,1767.71,-7.83,-0.44,15.1,1.29,1.3
2010-08-24,1760.53,-7.18,-0.41,15.04,1.29,1.31
2010-08-25,1734.79,-25.74,-1.46,14.82,1.27,1.33
2010-08-26,1729.76,-5.03,-0.29,14.78,1.27,1.33
2010-08-27,1729.56,-0.2,-0.01,14.78,1.27,1.33
2010-08-30,1760.13,30.57,1.77,15.1,1.29,1.31
2010-08-31,1742.75,-17.38,-0.99,14.94,1.28,1.32
2010-09-01,1764.69,21.94,1.26,15.13,1.29,1.3
2010-09-02,1775.73,11.04,0.63,15.23,1.3,1.3
2010-09-03,1780.02,4.29,0.24,15.27,1.3,1.29
2010-09-06,1792.42,12.4,0.7,15.37,1.31,1.28
2010-09-07,1787.74,-4.68,-0.26,15.34,1.31,1.29
2010-09-08,1779.22,-8.52,-0.48,15.3,1.3,1.29
2010-09-09,1784.36,5.14,0.29,15.35,1.31,1.29
2010-09-10,1802.58,18.22,1.02,15.5,1.32,1.28
2010-09-13,1818.86,16.28,0.9,15.64,1.33,1.26
2010-09-14,1815.25,-3.61,-0.2,15.61,1.33,1.27
2010-09-15,1823.88,8.63,0.48,15.69,1.33,1.26
2010-09-16,1811.85,-12.03,-0.66,15.58,1.33,1.27
2010-09-17,1827.35,15.5,0.86,15.71,1.34,1.26
2010-09-20,1832.63,5.28,0.29,15.76,1.34,1.26
2010-09-24,1846.6,13.97,0.76,15.88,1.35,1.25
2010-09-27,1860.83,14.23,0.77,16,1.36,1.24
2010-09-28,1855.97,-4.86,-0.26,15.96,1.36,1.24
2010-09-29,1866.45,10.48,0.56,16.06,1.37,1.23
2010-09-30,1872.81,6.36,0.34,16.11,1.37,1.23
2010-10-01,1876.73,3.92,0.21,16.15,1.37,1.23
2010-10-04,1879.29,2.56,0.14,16.17,1.38,1.22
2010-10-05,1878.94,-0.35,-0.02,16.17,1.38,1.22
2010-10-06,1903.95,25.01,1.33,16.39,1.39,1.21
2010-10-07,1900.85,-3.1,-0.16,16.36,1.39,1.21
2010-10-08,1897.07,-3.78,-0.2,16.33,1.39,1.21
2010-10-11,1889.91,-7.16,-0.38,16.29,1.39,1.22
2010-10-12,1868.04,-21.87,-1.16,16.09,1.37,1.23
2010-10-13,1876.15,8.11,0.43,16.16,1.38,1.23
2010-10-14,1899.76,23.61,1.26,16.36,1.39,1.21
2010-10-15,1902.29,2.53,0.13,16.38,1.39,1.21
2010-10-18,1875.42,-26.87,-1.41,16.15,1.37,1.23
2010-10-19,1857.32,-18.1,-0.97,16,1.36,1.24
2010-10-20,1870.44,13.12,0.71,16.12,1.37,1.23
2010-10-21,1874.69,4.25,0.23,16.15,1.37,1.23
2010-10-22,1897.31,22.62,1.21,16.35,1.39,1.21
2010-10-25,1915.71,18.4,0.97,16.51,1.4,1.2
2010-10-26,1919.41,3.7,0.19,16.54,1.41,1.2
2010-10-27,1909.54,-9.87,-0.51,16.45,1.4,1.2
2010-10-28,1907.87,-1.67,-0.09,16.44,1.4,1.21
2010-10-29,1882.95,-24.92,-1.31,16.22,1.38,1.22
2010-11-01,1914.74,31.79,1.69,16.5,1.4,1.2
2010-11-02,1918.04,3.3,0.17,16.54,1.41,1.2
2010-11-03,1935.97,17.93,0.93,16.69,1.42,1.19
2010-11-04,1942.5,6.53,0.34,16.75,1.42,1.18
2010-11-05,1938.96,-3.54,-0.18,16.72,1.42,1.19
2010-11-08,1942.41,3.45,0.18,16.75,1.42,1.18
2010-11-09,1947.46,5.05,0.26,16.84,1.43,1.18
2010-11-10,1967.85,20.39,1.05,17.01,1.44,1.17
2010-11-11,1914.73,-53.12,-2.7,16.55,1.4,1.2
2010-11-12,1913.12,-1.61,-0.08,16.54,1.4,1.2
2010-11-15,1913.81,0.69,0.04,16.55,1.4,1.2
2010-11-16,1899.13,-14.68,-0.77,16.45,1.39,1.21
2010-11-17,1897.11,-2.02,-0.11,16.41,1.39,1.21
2010-11-18,1927.86,30.75,1.62,16.67,1.41,1.19
2010-11-19,1940.96,13.1,0.68,16.79,1.42,1.18
2010-11-22,1944.34,3.38,0.17,16.82,1.42,1.18
2010-11-23,1928.94,-15.4,-0.79,16.68,1.41,1.19
2010-11-24,1925.98,-2.96,-0.15,16.66,1.41,1.19
2010-11-25,1927.68,1.7,0.09,16.67,1.41,1.19
2010-11-26,1901.8,-25.88,-1.34,16.46,1.39,1.21
2010-11-29,1895.54,-6.26,-0.33,16.4,1.39,1.21
2010-11-30,1904.63,9.09,0.48,16.47,1.39,1.21
2010-12-01,1929.32,24.69,1.3,16.69,1.41,1.19
2010-12-02,1950.26,20.94,1.09,16.88,1.43,1.18
2010-12-03,1957.26,7,0.36,16.95,1.43,1.17
2010-12-06,1953.64,-3.62,-0.18,16.91,1.43,1.18
2010-12-07,1962.52,8.88,0.45,16.99,1.44,1.17
2010-12-08,1955.72,-6.8,-0.35,16.92,1.43,1.17
2010-12-09,1988.96,33.24,1.7,17.21,1.46,1.16
2010-12-10,1986.14,-2.82,-0.14,17.18,1.46,1.16
2010-12-13,1996.59,10.45,0.53,17.28,1.46,1.15
2010-12-14,2009.05,12.46,0.62,17.38,1.47,1.14
2010-12-15,2017.48,8.43,0.42,17.47,1.48,1.14
2010-12-16,2009.24,-8.24,-0.41,17.41,1.47,1.14
2010-12-17,2026.3,17.06,0.85,17.55,1.48,1.13
2010-12-20,2020.28,-6.02,-0.3,17.5,1.48,1.14
2010-12-21,2037.09,16.81,0.83,17.64,1.49,1.13
2010-12-22,2038.11,1.02,0.05,17.65,1.49,1.13
2010-12-23,2037.53,-0.58,-0.03,17.65,1.49,1.13
2010-12-24,2029.6,-7.93,-0.39,17.58,1.49,1.13
2010-12-27,2022.19,-7.41,-0.37,17.55,1.48,1.14
2010-12-28,2033.32,11.13,0.55,17.65,1.49,1.13
2010-12-29,2043.49,10.17,0.5,17.73,1.5,1.13
2010-12-30,2051,7.51,0.37,17.8,1.5,1.12
2011-01-03,2070.08,19.08,0.93,17.96,1.52,1.11
2011-01-04,2085.14,15.06,0.73,18.09,1.53,1.1
2011-01-05,2082.55,-2.59,-0.12,18.26,1.53,1.1
2011-01-06,2077.61,-4.94,-0.24,18.22,1.52,1.11
2011-01-07,2086.2,8.59,0.41,18.29,1.53,1.1
2011-01-10,2080.81,-5.39,-0.26,18.25,1.53,1.1
2011-01-11,2088.32,7.51,0.36,18.31,1.53,1.1
2011-01-12,2094.95,6.63,0.32,18.37,1.54,1.1
2011-01-13,2089.48,-5.47,-0.26,18.33,1.53,1.1
2011-01-14,2108.17,18.69,0.89,18.49,1.55,1.09
2011-01-17,2099.85,-8.32,-0.39,18.42,1.54,1.09
2011-01-18,2096.48,-3.37,-0.16,18.41,1.54,1.09
2011-01-19,2115.69,19.21,0.92,18.58,1.55,1.08
2011-01-20,2106.66,-9.03,-0.43,18.5,1.55,1.09
2011-01-21,2069.92,-36.74,-1.74,18.18,1.52,1.11
2011-01-24,2082.16,12.24,0.59,18.29,1.53,1.1
2011-01-25,2086.67,4.51,0.22,18.33,1.53,1.1
2011-01-26,2110.46,23.79,1.14,18.28,1.55,1.09
2011-01-27,2115.01,4.55,0.22,18.31,1.55,1.08
2011-01-28,2107.87,-7.14,-0.34,18.25,1.55,1.09
2011-01-31,2069.73,-38.14,-1.81,17.92,1.52,1.11
2011-02-01,2072.03,2.3,0.11,17.94,1.52,1.11
2011-02-07,2081.74,9.71,0.47,17.99,1.53,1.11
2011-02-08,2069.7,-12.04,-0.58,17.88,1.52,1.11
2011-02-09,2045.58,-24.12,-1.17,17.67,1.5,1.13
2011-02-10,2008.5,-37.08,-1.81,17.35,1.48,1.15
2011-02-11,1977.19,-31.31,-1.56,17.07,1.45,1.17
2011-02-14,2014.59,37.4,1.89,17.44,1.48,1.14
2011-02-15,2010.52,-4.07,-0.2,17.36,1.48,1.15
2011-02-16,1989.11,-21.41,-1.06,17.18,1.46,1.16
2011-02-17,1977.22,-11.89,-0.6,17.08,1.45,1.17
2011-02-18,2013.14,35.92,1.82,17.39,1.48,1.15
2011-02-21,2005.3,-7.84,-0.39,17.32,1.47,1.15
2011-02-22,1969.92,-35.38,-1.76,17.03,1.45,1.17
2011-02-23,1961.63,-8.29,-0.42,16.95,1.44,1.17
2011-02-24,1949.88,-11.75,-0.6,16.85,1.43,1.18
2011-02-25,1963.43,13.55,0.69,16.97,1.44,1.17
2011-02-28,1939.3,-24.13,-1.23,16.76,1.43,1.18
2011-03-02,1928.24,-11.06,-0.57,16.67,1.42,1.19
2011-03-03,1970.66,42.42,2.2,17.04,1.45,1.16
2011-03-04,2004.68,34.02,1.73,17.33,1.47,1.14
2011-03-07,1980.27,-24.41,-1.22,17.13,1.46,1.16
2011-03-08,1996.32,16.05,0.81,17.26,1.47,1.15
2011-03-09,2001.47,5.15,0.26,17.31,1.47,1.15
2011-03-10,1981.58,-19.89,-0.99,17.14,1.46,1.16
2011-03-11,1955.54,-26.04,-1.31,16.91,1.44,1.18
2011-03-14,1971.23,15.69,0.8,17.04,1.45,1.17
2011-03-15,1923.92,-47.31,-2.4,16.63,1.41,1.19
2011-03-16,1957.97,34.05,1.77,16.93,1.44,1.17
2011-03-17,1959.03,1.06,0.05,16.96,1.44,1.17
2011-03-18,1981.13,22.1,1.13,17.15,1.46,1.16
2011-03-21,2003.42,22.29,1.13,17.34,1.47,1.14
2011-03-22,2013.66,10.24,0.51,17.43,1.48,1.14
2011-03-23,2012.18,-1.48,-0.07,17.41,1.48,1.14
2011-03-24,2036.78,24.6,1.22,17.63,1.5,1.13
2011-03-25,2054.04,17.26,0.85,17.82,1.51,1.12
2011-03-28,2056.39,2.35,0.11,17.86,1.51,1.12
2011-03-29,2072.13,15.74,0.77,18,1.52,1.11
2011-03-30,2091.38,19.25,0.93,18.2,1.54,1.1
2011-03-31,2106.7,15.32,0.73,18.39,1.55,1.09
2011-04-01,2121.01,14.31,0.68,18.52,1.56,1.08
2011-04-04,2115.87,-5.14,-0.24,18.47,1.56,1.09
2011-04-05,2130.43,14.56,0.69,18.6,1.57,1.08
2011-04-06,2126.71,-3.72,-0.17,18.57,1.56,1.08
2011-04-07,2122.14,-4.57,-0.21,18.54,1.56,1.08
2011-04-08,2127.97,5.83,0.27,18.59,1.57,1.08
2011-04-11,2122.39,-5.58,-0.26,18.54,1.56,1.08
2011-04-12,2089.4,-32.99,-1.55,18.27,1.54,1.09
2011-04-13,2121.92,32.52,1.56,18.56,1.56,1.08
2011-04-14,2141.06,19.14,0.9,18.73,1.58,1.07
2011-04-15,2140.5,-0.56,-0.03,18.72,1.58,1.07
2011-04-18,2137.72,-2.78,-0.13,18.71,1.58,1.07
2011-04-19,2122.68,-15.04,-0.7,18.57,1.56,1.08
2011-04-20,2169.91,47.23,2.23,18.99,1.6,1.05
2011-04-21,2198.54,28.63,1.32,19.24,1.62,1.04
2011-04-22,2197.82,-0.72,-0.03,19.24,1.62,1.04
2011-04-25,2216,18.18,0.83,19.39,1.63,1.03
2011-04-26,2206.3,-9.7,-0.44,19.31,1.63,1.04
2011-04-27,2206.7,0.4,0.02,13.33,1.45,1.24
2011-04-28,2208.35,1.65,0.07,13.33,1.45,1.24
2011-04-29,2192.36,-15.99,-0.72,13.23,1.44,1.25
2011-05-02,2228.96,36.6,1.67,13.45,1.46,1.23
2011-05-03,2200.73,-28.23,-1.27,13.28,1.44,1.25
2011-05-04,2180.64,-20.09,-0.91,13.16,1.43,1.26
2011-05-06,2147.45,-33.19,-1.52,12.96,1.41,1.28
2011-05-09,2139.17,-8.28,-0.39,12.91,1.4,1.28
2011-05-11,2166.63,27.46,1.28,13.08,1.42,1.27
2011-05-12,2122.65,-43.98,-2.03,12.84,1.39,1.29
2011-05-13,2120.08,-2.57,-0.12,12.83,1.39,1.29
2011-05-16,2104.18,-15.9,-0.75,12.73,1.38,1.3
2011-05-17,2102.41,-1.77,-0.08,12.72,1.38,1.3
2011-05-18,2135.78,33.37,1.59,12.92,1.4,1.28
2011-05-19,2095.51,-40.27,-1.89,12.68,1.38,1.31
2011-05-20,2111.5,15.99,0.76,12.78,1.39,1.3
2011-05-23,2055.71,-55.79,-2.64,12.45,1.35,1.33
2011-05-24,2061.76,6.05,0.29,12.49,1.35,1.33
2011-05-25,2035.87,-25.89,-1.26,12.33,1.34,1.35
2011-05-26,2091.91,56.04,2.75,12.67,1.37,1.31
2011-05-27,2100.24,8.33,0.4,12.72,1.38,1.31
2011-05-30,2093.79,-6.45,-0.31,12.68,1.37,1.31
2011-05-31,2142.47,48.68,2.32,12.98,1.41,1.28
2011-06-01,2141.34,-1.13,-0.05,12.97,1.41,1.28
2011-06-02,2114.2,-27.14,-1.27,12.81,1.39,1.3
2011-06-03,2113.47,-0.73,-0.03,12.8,1.39,1.3
2011-06-07,2099.71,-13.76,-0.65,12.73,1.38,1.3
2011-06-08,2083.35,-16.36,-0.78,12.63,1.37,1.31
2011-06-09,2071.42,-11.93,-0.57,12.56,1.36,1.32
2011-06-10,2046.67,-24.75,-1.19,12.41,1.35,1.34
2011-06-13,2048.74,2.07,0.1,12.46,1.35,1.34
2011-06-14,2076.83,28.09,1.37,12.64,1.37,1.32
2011-06-15,2086.53,9.7,0.47,12.69,1.37,1.31
2011-06-16,2046.63,-39.9,-1.91,12.45,1.35,1.34
2011-06-17,2031.93,-14.7,-0.72,12.36,1.34,1.35
2011-06-20,2019.65,-12.28,-0.6,12.29,1.33,1.36
2011-06-21,2048.17,28.52,1.41,12.46,1.35,1.34
2011-06-22,2063.9,15.73,0.77,12.56,1.36,1.33
2011-06-23,2055.86,-8.04,-0.39,12.51,1.35,1.33
2011-06-24,2090.81,34.95,1.7,12.72,1.38,1.31
2011-06-27,2070.29,-20.52,-0.98,12.59,1.36,1.32
2011-06-28,2062.91,-7.38,-0.36,12.55,1.36,1.33
2011-06-29,2094.42,31.51,1.53,12.74,1.38,1.31
2011-06-30,2100.69,6.27,0.3,12.76,1.38,1.3
2011-07-01,2125.74,25.05,1.19,12.93,1.4,1.29
2011-07-04,2145.3,19.56,0.92,13.04,1.41,1.27
2011-07-05,2161.75,16.45,0.77,13.15,1.42,1.26
2011-07-06,2171.19,9.44,0.44,13.2,1.43,1.26
2011-07-07,2180.59,9.4,0.43,13.26,1.44,1.25
2011-07-08,2180.35,-0.24,-0.01,13.26,1.43,1.25
2011-07-11,2157.16,-23.19,-1.06,13.11,1.42,1.27
2011-07-12,2109.73,-47.43,-2.2,12.82,1.39,1.3
2011-07-13,2129.64,19.91,0.94,12.95,1.4,1.28
2011-07-14,2130.07,0.43,0.02,12.95,1.4,1.28
2011-07-15,2145.2,15.13,0.71,13.04,1.41,1.27
2011-07-18,2130.48,-14.72,-0.69,12.95,1.4,1.28
2011-07-19,2130.21,-0.27,-0.01,12.95,1.4,1.28
2011-07-20,2154.95,24.74,1.16,13.1,1.42,1.27
2011-07-21,2145.04,-9.91,-0.46,13.03,1.41,1.28
2011-07-22,2171.23,26.19,1.22,13.2,1.43,1.26
2011-07-25,2150.48,-20.75,-0.96,12.95,1.4,1.3
2011-07-26,2168.7,18.22,0.85,13.06,1.41,1.29
2011-07-27,2174.31,5.61,0.26,13.1,1.42,1.29
2011-07-28,2155.85,-18.46,-0.85,12.98,1.41,1.3
2011-07-29,2133.21,-22.64,-1.05,12.84,1.39,1.31
2011-08-01,2172.31,39.1,1.83,12.91,1.42,1.29
2011-08-02,2121.27,-51.04,-2.35,12.6,1.38,1.32
2011-08-03,2066.26,-55.01,-2.59,12.28,1.35,1.36
2011-08-04,2018.47,-47.79,-2.31,11.99,1.32,1.39
2011-08-05,1943.75,-74.72,-3.7,11.54,1.27,1.44
2011-08-08,1869.45,-74.3,-3.82,11.1,1.22,1.5
2011-08-09,1801.35,-68.1,-3.64,10.7,1.17,1.56
2011-08-10,1806.24,4.89,0.27,10.72,1.18,1.55
2011-08-11,1817.44,11.2,0.62,10.79,1.18,1.54
2011-08-12,1793.31,-24.13,-1.33,10.64,1.17,1.56
2011-08-16,1879.87,86.56,4.83,11.16,1.23,1.49
2011-08-17,1892.67,12.8,0.68,11.24,1.23,1.48
2011-08-18,1860.58,-32.09,-1.7,11.04,1.21,1.51
2011-08-19,1744.88,-115.7,-6.22,10.35,1.14,1.61
2011-08-22,1710.7,-34.18,-1.96,10.14,1.11,1.64
2011-08-23,1776.68,65.98,3.86,10.54,1.16,1.58
2011-08-24,1754.78,-21.9,-1.23,10.41,1.14,1.6
2011-08-25,1764.58,9.8,0.56,10.47,1.15,1.59
2011-08-26,1778.95,14.37,0.81,10.56,1.16,1.58
2011-08-29,1829.5,50.55,2.84,10.86,1.19,1.53
2011-08-30,1843.82,14.32,0.78,10.95,1.2,1.52
2011-08-31,1880.11,36.29,1.97,11.16,1.22,1.49
2011-09-01,1880.7,0.59,0.03,11.16,1.22,1.49
2011-09-02,1867.75,-12.95,-0.69,11.08,1.22,1.5
2011-09-05,1785.83,-81.92,-4.39,10.6,1.16,1.57
2011-09-06,1766.71,-19.12,-1.07,10.48,1.15,1.59
2011-09-07,1833.46,66.75,3.78,10.88,1.19,1.53
2011-09-08,1846.64,13.18,0.72,10.96,1.2,1.52
2011-09-09,1812.93,-33.71,-1.83,10.76,1.18,1.55
2011-09-14,1749.16,-63.77,-3.52,10.38,1.14,1.6
2011-09-15,1774.08,24.92,1.42,10.53,1.16,1.58
2011-09-16,1840.1,66.02,3.72,10.92,1.2,1.53
2011-09-19,1820.94,-19.16,-1.04,10.8,1.19,1.54
2011-09-20,1837.97,17.03,0.94,10.91,1.2,1.53
2011-09-21,1854.28,16.31,0.89,11,1.21,1.51
2011-09-22,1800.55,-53.73,-2.9,10.68,1.17,1.56
2011-09-23,1697.44,-103.11,-5.73,10.08,1.1,1.65
2011-09-26,1652.71,-44.73,-2.64,9.81,1.08,1.7
2011-09-27,1735.71,83,5.02,10.31,1.13,1.62
2011-09-28,1723.09,-12.62,-0.73,10.23,1.12,1.63
2011-09-29,1769.29,46.2,2.68,10.47,1.15,1.59
2011-09-30,1769.65,0.36,0.02,10.48,1.15,1.59
2011-10-04,1706.19,-63.46,-3.59,10.1,1.11,1.65
2011-10-05,1666.52,-39.67,-2.33,9.87,1.08,1.69
2011-10-06,1710.32,43.8,2.63,10.14,1.11,1.64
2011-10-07,1759.77,49.45,2.89,10.42,1.15,1.6
2011-10-10,1766.44,6.67,0.38,10.46,1.15,1.59
2011-10-11,1795.02,28.58,1.62,10.63,1.17,1.57
2011-10-12,1809.5,14.48,0.81,10.72,1.18,1.55
2011-10-13,1823.1,13.6,0.75,10.8,1.19,1.54
2011-10-14,1835.4,12.3,0.67,10.88,1.19,1.53
2011-10-17,1865.18,29.78,1.62,11.06,1.21,1.51
2011-10-18,1838.9,-26.28,-1.41,10.9,1.2,1.53
2011-10-19,1855.92,17.02,0.93,11,1.21,1.51
2011-10-20,1805.09,-50.83,-2.74,10.7,1.18,1.56
2011-10-21,1838.38,33.29,1.84,10.9,1.2,1.53
2011-10-24,1898.32,59.94,3.26,11.29,1.24,1.48
2011-10-25,1888.65,-9.67,-0.51,11.22,1.23,1.49
2011-10-26,1894.31,5.66,0.3,11.27,1.23,1.48
2011-10-27,1922.04,27.73,1.46,11.44,1.25,1.46
2011-10-28,1929.48,7.44,0.39,11.49,1.26,1.45
2011-10-31,1909.03,-20.45,-1.06,11.36,1.24,1.47
2011-11-01,1909.63,0.6,0.03,11.37,1.24,1.47
2011-11-02,1898.01,-11.62,-0.61,11.29,1.24,1.48
2011-11-03,1869.96,-28.05,-1.48,11.13,1.22,1.5
2011-11-04,1928.41,58.45,3.13,11.48,1.26,1.46
2011-11-07,1919.1,-9.31,-0.48,11.43,1.25,1.46
2011-11-08,1903.14,-15.96,-0.83,11.33,1.24,1.48
2011-11-09,1907.53,4.39,0.23,11.36,1.24,1.47
2011-11-10,1813.25,-94.28,-4.94,10.79,1.18,1.55
2011-11-11,1863.45,50.2,2.77,11.09,1.21,1.51
2011-11-14,1902.81,39.36,2.11,11.33,1.24,1.48
2011-11-15,1886.12,-16.69,-0.88,11.23,1.23,1.49
2011-11-16,1856.07,-30.05,-1.59,11.05,1.21,1.52
2011-11-17,1876.67,20.6,1.11,11.18,1.22,1.5
2011-11-18,1839.17,-37.5,-2,10.96,1.2,1.53
2011-11-21,1820.03,-19.14,-1.04,10.84,1.19,1.55
2011-11-22,1826.28,6.25,0.34,10.89,1.19,1.54
2011-11-23,1783.1,-43.18,-2.36,10.63,1.16,1.58
2011-11-24,1795.06,11.96,0.67,10.69,1.17,1.57
2011-11-25,1776.4,-18.66,-1.04,10.58,1.16,1.59
2011-11-28,1815.28,38.88,2.19,10.82,1.18,1.55
2011-11-29,1856.52,41.24,2.27,11.07,1.21,1.52
2011-11-30,1847.51,-9.01,-0.49,11.01,1.2,1.52
2011-12-01,1916.18,68.67,3.72,11.43,1.25,1.47
2011-12-02,1916.04,-0.14,-0.01,11.43,1.25,1.47
2011-12-05,1922.9,6.86,0.36,11.47,1.25,1.46
2011-12-06,1902.82,-20.08,-1.04,11.36,1.24,1.48
2011-12-07,1919.42,16.6,0.87,11.45,1.25,1.47
2011-12-08,1912.39,-7.03,-0.37,11.41,1.25,1.47
2011-12-09,1874.75,-37.64,-1.97,11.19,1.22,1.5
2011-12-12,1899.76,25.01,1.33,11.34,1.24,1.48
2011-12-13,1864.06,-35.7,-1.88,11.13,1.22,1.51
2011-12-14,1857.75,-6.31,-0.34,11.08,1.21,1.52
2011-12-15,1819.11,-38.64,-2.08,10.85,1.19,1.55
2011-12-16,1839.96,20.85,1.15,10.98,1.2,1.53
2011-12-19,1776.93,-63.03,-3.43,10.6,1.16,1.59
2011-12-20,1793.06,16.13,0.91,10.7,1.17,1.57
2011-12-21,1848.41,55.35,3.09,11.03,1.2,1.52
2011-12-22,1847.49,-0.92,-0.05,11.02,1.2,1.53
2011-12-23,1867.22,19.73,1.07,11.15,1.22,1.51
2011-12-26,1856.7,-10.52,-0.56,11.09,1.21,1.52
2011-12-27,1842.02,-14.68,-0.79,11,1.2,1.53
2011-12-28,1825.12,-16.9,-0.92,10.89,1.19,1.54
2011-12-29,1825.74,0.62,0.03,10.9,1.19,1.54
2012-01-02,1826.37,0.63,0.03,10.9,1.19,1.54
2012-01-03,1875.41,49.04,2.69,11.2,1.22,1.5
2012-01-04,1866.22,-9.19,-0.49,11.14,1.22,1.51
2012-01-05,1863.74,-2.48,-0.13,11.14,1.22,1.51
2012-01-06,1843.14,-20.6,-1.11,11.02,1.2,1.53
2012-01-09,1826.49,-16.65,-0.9,10.92,1.19,1.54
2012-01-10,1853.22,26.73,1.46,11.08,1.21,1.52
2012-01-11,1845.55,-7.67,-0.41,11.05,1.2,1.53
2012-01-12,1864.57,19.02,1.03,11.17,1.22,1.51
2012-01-13,1875.68,11.11,0.6,11.24,1.22,1.5
2012-01-16,1859.27,-16.41,-0.87,11.14,1.21,1.51
2012-01-17,1892.74,33.47,1.8,11.34,1.23,1.49
2012-01-18,1892.39,-0.35,-0.02,11.34,1.23,1.49
2012-01-19,1914.97,22.58,1.19,11.47,1.25,1.47
2012-01-20,1949.89,34.92,1.82,11.68,1.27,1.44
2012-01-25,1952.23,2.34,0.12,11.7,1.27,1.44
2012-01-26,1957.18,4.95,0.25,11.73,1.28,1.44
2012-01-27,1964.83,7.65,0.39,11.77,1.28,1.43
2012-01-30,1940.55,-24.28,-1.24,11.63,1.26,1.45
2012-01-31,1955.79,15.24,0.79,11.72,1.27,1.44
2012-02-01,1959.24,3.45,0.18,11.74,1.28,1.44
2012-02-02,1984.3,25.06,1.28,11.89,1.29,1.42
2012-02-03,1972.34,-11.96,-0.6,11.82,1.29,1.43
2012-02-06,1973.13,0.79,0.04,11.82,1.29,1.43
2012-02-07,1981.59,8.46,0.43,11.87,1.29,1.42
2012-02-08,2003.73,22.14,1.12,12,1.31,1.4
2012-02-09,2014.62,10.89,0.54,12.08,1.31,1.4
2012-02-10,1993.71,-20.91,-1.04,11.95,1.3,1.41
2012-02-13,2005.74,12.03,0.6,12.02,1.31,1.4
2012-02-14,2002.64,-3.1,-0.15,12,1.31,1.4
2012-02-15,2025.32,22.68,1.13,12.14,1.32,1.39
2012-02-16,1997.45,-27.87,-1.38,11.97,1.3,1.41
2012-02-17,2023.47,26.02,1.3,12.13,1.32,1.39
2012-02-20,2024.9,1.43,0.07,12.14,1.32,1.39
2012-02-21,2024.24,-0.66,-0.03,12.13,1.32,1.39
2012-02-22,2028.65,4.41,0.22,12.16,1.32,1.39
2012-02-23,2007.8,-20.85,-1.03,12.01,1.31,1.4
2012-02-24,2019.89,12.09,0.6,12.08,1.32,1.39
2012-02-27,1991.16,-28.73,-1.42,11.91,1.3,1.41
2012-02-28,2003.69,12.53,0.63,11.98,1.31,1.4
2012-02-29,2030.25,26.56,1.33,12.16,1.33,1.38
2012-03-02,2034.63,4.38,0.22,12.17,1.33,1.38
2012-03-05,2016.06,-18.57,-0.91,12.06,1.32,1.39
2012-03-06,2000.36,-15.7,-0.78,11.97,1.31,1.4
2012-03-07,1982.15,-18.21,-0.91,11.87,1.29,1.42
2012-03-08,2000.76,18.61,0.94,11.98,1.31,1.4
2012-03-09,2018.3,17.54,0.88,12.09,1.32,1.39
2012-03-12,2002.5,-15.8,-0.78,11.99,1.31,1.4
2012-03-13,2025.04,22.54,1.13,12.13,1.32,1.39
2012-03-14,2045.08,20.04,0.99,12.25,1.34,1.37
2012-03-15,2043.76,-1.32,-0.06,12.24,1.33,1.37
2012-03-16,2034.44,-9.32,-0.46,12.18,1.33,1.38
2012-03-19,2047,12.56,0.62,12.89,1.33,1.37
2012-03-20,2042.15,-4.85,-0.24,12.86,1.33,1.37
2012-03-21,2027.23,-14.92,-0.73,12.77,1.32,1.38
2012-03-22,2026.12,-1.11,-0.05,12.76,1.32,1.38
2012-03-23,2026.83,0.71,0.04,12.77,1.32,1.38
2012-03-26,2019.19,-7.64,-0.38,12.72,1.32,1.39
2012-03-27,2039.76,20.57,1.02,12.85,1.33,1.37
2012-03-28,2031.74,-8.02,-0.39,12.8,1.33,1.38
2012-03-29,2014.41,-17.33,-0.85,12.69,1.31,1.39
2012-03-30,2014.04,-0.37,-0.02,12.69,1.31,1.39
2012-04-02,2029.29,15.25,0.76,12.75,1.32,1.38
2012-04-03,2049.28,19.99,0.99,12.88,1.34,1.37
2012-04-04,2018.61,-30.67,-1.5,12.68,1.32,1.39
2012-04-05,2028.77,10.16,0.5,12.75,1.32,1.38
2012-04-06,2029.03,0.26,0.01,12.75,1.32,1.38
2012-04-09,1997.08,-31.95,-1.57,12.55,1.3,1.4
2012-04-10,1994.41,-2.67,-0.13,12.53,1.3,1.4
2012-04-12,1986.63,-7.78,-0.39,12.47,1.3,1.41
2012-04-13,2008.91,22.28,1.12,12.61,1.31,1.39
2012-04-16,1992.63,-16.28,-0.81,12.51,1.3,1.41
2012-04-17,1985.3,-7.33,-0.37,12.47,1.3,1.41
2012-04-18,2004.53,19.23,0.97,12.35,1.31,1.4
2012-04-19,1999.86,-4.67,-0.23,12.32,1.3,1.4
2012-04-20,1974.65,-25.21,-1.26,12.16,1.29,1.42
2012-04-23,1972.63,-2.02,-0.1,12.15,1.29,1.42
2012-04-24,1963.42,-9.21,-0.47,12.83,1.23,1.37
2012-04-25,1961.98,-1.44,-0.07,12.82,1.23,1.37
2012-04-26,1964.04,2.06,0.1,12.83,1.23,1.37
2012-04-27,1975.35,11.31,0.58,12.91,1.24,1.36
2012-04-30,1981.99,6.64,0.34,12.95,1.25,1.36
2012-05-02,1999.07,17.08,0.86,13.05,1.26,1.35
2012-05-03,1995.11,-3.96,-0.2,13.02,1.25,1.35
2012-05-04,1989.15,-5.96,-0.3,12.98,1.25,1.35
2012-05-07,1956.44,-32.71,-1.64,12.76,1.23,1.38
2012-05-08,1967.01,10.57,0.54,12.83,1.24,1.37
2012-05-09,1950.29,-16.72,-0.85,12.72,1.23,1.38
2012-05-10,1944.93,-5.36,-0.27,12.69,1.22,1.38
2012-05-11,1917.13,-27.8,-1.43,12.51,1.2,1.4
2012-05-14,1913.73,-3.4,-0.18,12.49,1.2,1.41
2012-05-15,1898.96,-14.77,-0.77,12.4,1.19,1.42
2012-05-16,1840.53,-58.43,-3.08,12.01,1.16,1.46
2012-05-17,1845.24,4.71,0.26,12.04,1.16,1.46
2012-05-18,1782.46,-62.78,-3.4,11.63,1.12,1.51
2012-05-21,1799.13,16.67,0.94,11.75,1.13,1.5
2012-05-22,1828.69,29.56,1.64,11.94,1.15,1.47
2012-05-23,1808.62,-20.07,-1.1,11.81,1.14,1.49
2012-05-24,1814.47,5.85,0.32,11.85,1.14,1.48
2012-05-25,1824.17,9.7,0.53,11.91,1.15,1.48
2012-05-29,1849.91,25.74,1.41,12.07,1.16,1.46
2012-05-30,1844.86,-5.05,-0.27,12.03,1.16,1.46
2012-05-31,1843.47,-1.39,-0.08,12.02,1.16,1.46
2012-06-01,1834.51,-8.96,-0.49,11.97,1.15,1.47
2012-06-04,1783.13,-51.38,-2.8,11.63,1.12,1.51
2012-06-05,1801.85,18.72,1.05,11.76,1.13,1.49
2012-06-07,1847.95,46.1,2.56,12.06,1.16,1.46
2012-06-08,1835.64,-12.31,-0.67,11.98,1.15,1.47
2012-06-11,1867.04,31.4,1.71,12.19,1.17,1.44
2012-06-12,1854.74,-12.3,-0.66,12.1,1.17,1.45
2012-06-13,1859.32,4.58,0.25,12.14,1.17,1.45
2012-06-14,1871.48,12.16,0.65,12.21,1.18,1.44
2012-06-15,1858.16,-13.32,-0.71,12.12,1.17,1.45
2012-06-18,1891.71,33.55,1.81,12.35,1.19,1.42
2012-06-19,1891.77,0.06,0,12.35,1.19,1.42
2012-06-20,1904.12,12.35,0.65,12.43,1.2,1.41
2012-06-21,1889.15,-14.97,-0.79,12.34,1.19,1.42
2012-06-22,1847.39,-41.76,-2.21,12.06,1.16,1.46
2012-06-25,1825.38,-22.01,-1.19,11.91,1.15,1.47
2012-06-26,1817.81,-7.57,-0.41,11.87,1.14,1.48
2012-06-27,1817.65,-0.16,-0.01,11.87,1.14,1.48
2012-06-28,1819.18,1.53,0.08,11.88,1.14,1.48
2012-06-29,1854.01,34.83,1.91,12.1,1.17,1.45
2012-07-02,1851.65,-2.36,-0.13,12.09,1.16,1.45
2012-07-03,1867.82,16.17,0.87,12.19,1.17,1.44
2012-07-04,1874.45,6.63,0.35,12.24,1.18,1.44
2012-07-05,1875.49,1.04,0.06,12.24,1.18,1.43
2012-07-06,1858.2,-17.29,-0.92,12.13,1.17,1.45
2012-07-09,1836.13,-22.07,-1.19,11.98,1.15,1.47
2012-07-10,1829.45,-6.68,-0.36,11.94,1.15,1.47
2012-07-11,1826.39,-3.06,-0.17,11.92,1.15,1.47
2012-07-12,1785.39,-41,-2.24,11.65,1.12,1.51
2012-07-13,1812.89,27.5,1.54,11.83,1.14,1.48
2012-07-16,1817.79,4.9,0.27,11.79,1.14,1.48
2012-07-17,1821.96,4.17,0.23,11.8,1.15,1.47
2012-07-18,1794.91,-27.05,-1.48,11.62,1.13,1.49
2012-07-19,1822.96,28.05,1.56,11.81,1.15,1.47
2012-07-20,1822.93,-0.03,0,11.81,1.15,1.47
2012-07-23,1789.44,-33.49,-1.84,11.59,1.13,1.5
2012-07-24,1793.93,4.49,0.25,11.62,1.13,1.49
2012-07-25,1769.31,-24.62,-1.37,11.46,1.11,1.52
2012-07-26,1782.47,13.16,0.74,11.55,1.12,1.5
2012-07-27,1829.16,46.69,2.62,11.85,1.15,1.47
2012-07-30,1843.79,14.63,0.8,11.94,1.16,1.45
2012-07-31,1881.99,38.2,2.07,12.19,1.18,1.42
2012-08-01,1879.93,-2.06,-0.11,12.17,1.18,1.43
2012-08-02,1869.4,-10.53,-0.56,11.98,1.18,1.43
2012-08-03,1848.68,-20.72,-1.11,11.85,1.16,1.45
2012-08-06,1885.88,37.2,2.01,12.09,1.19,1.42
2012-08-07,1886.8,0.92,0.05,12.1,1.19,1.42
2012-08-08,1903.23,16.43,0.87,12.2,1.2,1.41
2012-08-09,1940.59,37.36,1.96,12.52,1.21,1.37
2012-08-10,1946.4,5.81,0.3,12.55,1.22,1.36
2012-08-13,1932.44,-13.96,-0.72,12.46,1.21,1.37
2012-08-14,1956.96,24.52,1.27,12.62,1.22,1.36
2012-08-16,1957.91,0.95,0.05,12.63,1.22,1.35
2012-08-17,1946.54,-11.37,-0.58,12.56,1.22,1.36
2012-08-20,1946.31,-0.23,-0.01,12.55,1.22,1.36
2012-08-21,1943.22,-3.09,-0.16,12.53,1.22,1.37
2012-08-22,1935.19,-8.03,-0.41,12.48,1.21,1.37
2012-08-23,1942.54,7.35,0.38,12.53,1.22,1.37
2012-08-24,1919.81,-22.73,-1.17,12.38,1.2,1.38
2012-08-27,1917.87,-1.94,-0.1,12.37,1.2,1.38
2012-08-28,1916.33,-1.54,-0.08,12.36,1.2,1.38
2012-08-29,1928.54,12.21,0.64,12.44,1.21,1.38
2012-08-30,1906.38,-22.16,-1.15,12.29,1.19,1.39
2012-08-31,1905.12,-1.26,-0.07,12.28,1.19,1.39
2012-09-03,1912.71,7.59,0.4,12.33,1.2,1.39
2012-09-04,1907.13,-5.58,-0.29,12.3,1.19,1.39
2012-09-05,1874.03,-33.1,-1.74,12.08,1.17,1.42
2012-09-06,1881.24,7.21,0.38,12.13,1.18,1.41
2012-09-07,1929.58,48.34,2.57,12.45,1.21,1.37
2012-09-10,1924.7,-4.88,-0.25,12.43,1.2,1.38
2012-09-11,1920,-4.7,-0.24,12.4,1.2,1.38
2012-09-12,1950.03,30.03,1.56,12.59,1.22,1.36
2012-09-13,1950.69,0.66,0.03,12.59,1.22,1.36
2012-09-14,2007.58,56.89,2.92,12.96,1.26,1.32
2012-09-17,2002.35,-5.23,-0.26,12.93,1.25,1.32
2012-09-18,2004.96,2.61,0.13,12.95,1.25,1.32
2012-09-19,2007.88,2.92,0.15,12.96,1.26,1.32
2012-09-20,1990.33,-17.55,-0.87,12.85,1.25,1.33
2012-09-21,2002.37,12.04,0.6,12.93,1.25,1.32
2012-09-24,2003.44,1.07,0.05,12.93,1.25,1.32
2012-09-25,1991.41,-12.03,-0.6,12.86,1.25,1.33
2012-09-26,1980.44,-10.97,-0.55,12.79,1.24,1.34
2012-09-27,1988.7,8.26,0.42,12.82,1.24,1.33
2012-09-28,1996.21,7.51,0.38,12.86,1.25,1.33
2012-10-02,1996.03,-0.18,-0.01,12.86,1.25,1.33
2012-10-04,1992.68,-3.35,-0.17,12.84,1.25,1.33
2012-10-05,1995.17,2.49,0.12,12.84,1.25,1.33
2012-10-08,1981.89,-13.28,-0.67,12.73,1.24,1.34
2012-10-09,1979.04,-2.85,-0.14,12.72,1.24,1.34
2012-10-10,1948.22,-30.82,-1.56,12.51,1.22,1.36
2012-10-11,1933.09,-15.13,-0.78,12.42,1.21,1.38
2012-10-12,1933.26,0.17,0.01,12.42,1.21,1.37
2012-10-15,1925.59,-7.67,-0.4,12.37,1.2,1.38
2012-10-16,1941.54,15.95,0.83,12.48,1.21,1.37
2012-10-17,1955.15,13.61,0.7,12.57,1.22,1.36
2012-10-18,1959.12,3.97,0.2,12.59,1.22,1.36
2012-10-19,1943.84,-15.28,-0.78,12.49,1.21,1.37
2012-10-22,1941.59,-2.25,-0.12,12.48,1.21,1.37
2012-10-23,1926.81,-14.78,-0.76,12.38,1.2,1.38
2012-10-24,1913.96,-12.85,-0.67,12.3,1.2,1.39
2012-10-25,1924.5,10.54,0.55,12.36,1.2,1.38
2012-10-26,1891.43,-33.07,-1.72,12.15,1.18,1.41
2012-10-29,1891.52,0.09,0,12.15,1.18,1.4
2012-10-30,1899.58,8.06,0.43,12.2,1.19,1.4
2012-10-31,1912.06,12.48,0.66,12.28,1.19,1.39
2012-11-01,1898.44,-13.62,-0.71,12.21,1.19,1.4
2012-11-02,1918.72,20.28,1.07,12.34,1.2,1.38
2012-11-05,1908.22,-10.5,-0.55,12.27,1.19,1.39
2012-11-06,1928.17,19.95,1.05,12.4,1.21,1.38
2012-11-07,1937.55,9.38,0.49,12.46,1.21,1.37
2012-11-08,1914.41,-23.14,-1.19,12.31,1.2,1.39
2012-11-09,1904.41,-10,-0.52,12.31,1.19,1.4
2012-11-12,1900.87,-3.54,-0.19,12.29,1.19,1.4
2012-11-13,1889.7,-11.17,-0.59,12.22,1.18,1.41
2012-11-14,1894.04,4.34,0.23,12.25,1.18,1.4
2012-11-15,1870.72,-23.32,-1.23,12.09,1.17,1.42
2012-11-16,1860.83,-9.89,-0.53,12.03,1.16,1.43
2012-11-19,1878.1,17.27,0.93,12.15,1.17,1.41
2012-11-20,1890.18,12.08,0.64,12.23,1.18,1.41
2012-11-21,1884.04,-6.14,-0.32,12.18,1.18,1.41
2012-11-22,1899.5,15.46,0.82,12.29,1.19,1.4
2012-11-23,1911.33,11.83,0.62,12.36,1.2,1.39
2012-11-26,1908.51,-2.82,-0.15,12.34,1.19,1.39
2012-11-27,1925.2,16.69,0.87,12.45,1.2,1.38
2012-11-28,1912.78,-12.42,-0.65,12.37,1.2,1.39
2012-11-29,1934.85,22.07,1.15,12.51,1.21,1.37
2012-11-30,1932.9,-1.95,-0.1,12.5,1.21,1.37
2012-12-03,1940.02,7.12,0.37,12.55,1.21,1.37
2012-12-04,1935.18,-4.84,-0.25,12.51,1.21,1.37
2012-12-05,1947.04,11.86,0.61,12.59,1.22,1.36
2012-12-06,1949.62,2.58,0.13,12.61,1.22,1.36
2012-12-07,1957.45,7.83,0.4,12.66,1.22,1.36
2012-12-10,1957.42,-0.03,0,12.67,1.22,1.36
2012-12-11,1964.62,7.2,0.37,12.7,1.23,1.35
2012-12-12,1975.44,10.82,0.55,12.78,1.24,1.34
2012-12-13,2002.77,27.33,1.38,12.96,1.25,1.33
2012-12-14,1995.04,-7.73,-0.39,12.91,1.25,1.33
2012-12-17,1983.07,-11.97,-0.6,12.83,1.24,1.34
2012-12-18,1993.09,10.02,0.51,12.9,1.25,1.33
2012-12-20,1999.5,6.41,0.32,12.94,1.25,1.33
2012-12-21,1980.42,-19.08,-0.95,12.81,1.24,1.34
2012-12-24,1981.82,1.4,0.07,12.82,1.24,1.34
2012-12-26,1982.25,0.43,0.02,12.83,1.24,1.34
2012-12-27,1987.35,5.1,0.26,12.86,1.24,1.34
2012-12-28,1997.05,9.7,0.49,12.92,1.25,1.33
2013-01-02,2031.1,34.05,1.71,13.16,1.27,1.31
2013-01-03,2019.41,-11.69,-0.58,13.08,1.26,1.31
2013-01-04,2011.94,-7.47,-0.37,13.03,1.26,1.32
2013-01-07,2011.25,-0.69,-0.03,13.02,1.26,1.32
2013-01-08,1997.94,-13.31,-0.66,12.93,1.25,1.33
2013-01-09,1991.81,-6.13,-0.31,12.89,1.25,1.33
2013-01-10,2006.8,14.99,0.75,12.99,1.25,1.32
2013-01-11,1996.67,-10.13,-0.5,12.93,1.25,1.33
2013-01-14,2007.04,10.37,0.52,13,1.26,1.32
2013-01-15,1983.74,-23.3,-1.16,12.87,1.24,1.34
2013-01-16,1977.45,-6.29,-0.32,12.83,1.24,1.34
2013-01-17,1974.27,-3.18,-0.16,12.81,1.23,1.34
2013-01-18,1987.85,13.58,0.69,12.9,1.24,1.33
2013-01-21,1986.86,-0.99,-0.05,12.89,1.24,1.34
2013-01-22,1996.52,9.66,0.49,12.95,1.25,1.33
2013-01-23,1980.41,-16.11,-0.81,12.85,1.24,1.34
2013-01-24,1964.48,-15.93,-0.8,12.74,1.23,1.35
2013-01-25,1946.69,-17.79,-0.91,12.63,1.22,1.36
2013-01-28,1939.71,-6.98,-0.36,12.58,1.21,1.37
2013-01-29,1955.96,16.25,0.84,12.69,1.22,1.36
2013-01-30,1964.43,8.47,0.43,12.74,1.23,1.35
2013-01-31,1961.94,-2.49,-0.13,12.73,1.23,1.35
2013-02-01,1957.79,-4.15,-0.21,12.71,1.22,1.36
2013-02-04,1953.21,-4.58,-0.23,12.68,1.22,1.36
2013-02-05,1938.18,-15.03,-0.77,12.58,1.21,1.37
2013-02-06,1936.19,-1.99,-0.1,12.57,1.21,1.37
2013-02-07,1931.77,-4.42,-0.23,12.62,1.21,1.37
2013-02-08,1950.9,19.13,0.99,12.74,1.22,1.36
2013-02-12,1945.79,-5.11,-0.26,12.71,1.22,1.36
2013-02-13,1976.07,30.28,1.56,12.91,1.23,1.34
2013-02-14,1979.61,3.54,0.18,12.93,1.24,1.34
2013-02-15,1981.18,1.57,0.08,12.94,1.24,1.34
2013-02-18,1981.91,0.73,0.04,12.94,1.24,1.34
2013-02-19,1985.83,3.92,0.2,13.02,1.24,1.34
2013-02-20,2024.64,38.81,1.95,13.28,1.26,1.31
2013-02-21,2015.22,-9.42,-0.47,13.22,1.26,1.32
2013-02-22,2018.89,3.67,0.18,13.24,1.26,1.31
2013-02-25,2009.52,-9.37,-0.46,13.18,1.25,1.32
2013-02-26,2000.01,-9.51,-0.47,13.12,1.25,1.33
2013-02-27,2004.04,4.03,0.2,13.14,1.25,1.32
2013-02-28,2026.49,22.45,1.12,13.29,1.26,1.31
2013-03-04,2013.15,-13.34,-0.66,13.2,1.26,1.32
2013-03-05,2016.61,3.46,0.17,13.23,1.26,1.32
2013-03-06,2020.74,4.13,0.2,13.26,1.26,1.31
2013-03-07,2004.4,-16.34,-0.81,13.15,1.25,1.32
2013-03-08,2006.01,1.61,0.08,13.16,1.25,1.32
2013-03-11,2003.35,-2.66,-0.13,13.14,1.25,1.32
2013-03-12,1993.34,-10.01,-0.5,13.08,1.24,1.33
2013-03-13,1999.73,6.39,0.32,13.12,1.25,1.33
2013-03-14,2002.13,2.4,0.12,13.13,1.25,1.33
2013-03-15,1986.5,-15.63,-0.78,13.03,1.24,1.34
2013-03-18,1968.18,-18.32,-0.92,12.91,1.23,1.35
2013-03-19,1978.56,10.38,0.53,12.97,1.23,1.34
2013-03-20,1959.41,-19.15,-0.97,12.84,1.22,1.35
2013-03-21,1950.82,-8.59,-0.44,12.79,1.22,1.36
2013-03-22,1948.71,-2.11,-0.11,12.77,1.22,1.36
2013-03-25,1977.67,28.96,1.49,12.96,1.23,1.34
2013-03-26,1983.7,6.03,0.3,13,1.24,1.34
2013-03-27,1993.44,9.74,0.49,13.07,1.24,1.33
2013-03-28,1993.52,0.08,0,13.07,1.24,1.33
2013-03-29,2004.89,11.37,0.57,13.14,1.25,1.32
2013-04-01,1995.99,-8.9,-0.44,13.09,1.25,1.33
2013-04-02,1986.15,-9.84,-0.49,13.04,1.24,1.34
2013-04-03,1983.22,-2.93,-0.15,13.02,1.24,1.34
2013-04-04,1959.45,-23.77,-1.2,12.86,1.22,1.35
2013-04-05,1927.23,-32.22,-1.64,12.65,1.2,1.38
2013-04-08,1918.69,-8.54,-0.44,12.36,1.2,1.38
2013-04-09,1920.74,2.05,0.11,12.37,1.2,1.38
2013-04-10,1935.58,14.84,0.77,12.46,1.21,1.37
2013-04-11,1949.8,14.22,0.73,12.55,1.22,1.36
2013-04-12,1924.23,-25.57,-1.31,12.39,1.2,1.38
2013-04-15,1920.45,-3.78,-0.2,12.36,1.2,1.38
2013-04-16,1922.21,1.76,0.09,12.38,1.2,1.38
2013-04-17,1923.84,1.63,0.08,12.38,1.2,1.38
2013-04-18,1900.06,-23.78,-1.24,12.23,1.18,1.4
2013-04-19,1906.75,6.69,0.35,12.27,1.19,1.39
2013-04-22,1926.31,19.56,1.03,12.4,1.2,1.38
2013-04-23,1918.63,-7.68,-0.4,12.35,1.2,1.38
2013-04-24,1935.31,16.68,0.87,12.46,1.21,1.37
2013-04-25,1951.6,16.29,0.84,12.57,1.22,1.36
2013-04-26,1944.56,-7.04,-0.36,12.69,1.22,1.28
2013-04-29,1940.7,-3.86,-0.2,12.67,1.22,1.28
2013-04-30,1963.95,23.25,1.2,13.81,1.17,1.21
2013-05-02,1957.21,-6.74,-0.34,13.75,1.16,1.21
2013-05-03,1965.71,8.5,0.43,13.81,1.17,1.21
2013-05-06,1961.48,-4.23,-0.22,13.78,1.16,1.21
2013-05-07,1954.35,-7.13,-0.36,13.73,1.16,1.21
2013-05-08,1956.45,2.1,0.11,13.78,1.16,1.21
2013-05-09,1979.45,23,1.18,13.94,1.18,1.2
2013-05-10,1944.75,-34.7,-1.75,13.7,1.15,1.22
2013-05-13,1948.7,3.95,0.2,13.72,1.16,1.22
2013-05-14,1968.83,20.13,1.03,13.88,1.17,1.2
2013-05-15,1971.26,2.43,0.12,13.9,1.17,1.2
2013-05-16,1986.81,15.55,0.79,14.01,1.18,1.19
2013-05-20,1982.43,-4.38,-0.22,13.97,1.18,1.2
2013-05-21,1981.09,-1.34,-0.07,13.96,1.18,1.2
2013-05-22,1993.83,12.74,0.64,14.05,1.18,1.19
2013-05-23,1969.19,-24.64,-1.24,13.88,1.17,1.2
2013-05-24,1973.45,4.26,0.22,13.91,1.17,1.2
2013-05-27,1979.97,6.52,0.33,13.95,1.17,1.2
2013-05-28,1986.22,6.25,0.32,14,1.18,1.19
2013-05-29,2001.2,14.98,0.75,14.1,1.19,1.19
2013-05-30,2000.1,-1.1,-0.05,14.09,1.19,1.19
2013-05-31,2001.05,0.95,0.05,14.1,1.19,1.18
2013-06-03,1989.57,-11.48,-0.57,14.02,1.18,1.19
2013-06-04,1989.51,-0.06,0,14.02,1.18,1.19
2013-06-05,1959.19,-30.32,-1.52,13.8,1.16,1.21
2013-06-07,1923.85,-35.34,-1.8,13.56,1.14,1.23
2013-06-10,1932.7,8.85,0.46,13.53,1.15,1.23
2013-06-11,1920.68,-12.02,-0.62,13.45,1.14,1.24
2013-06-12,1909.91,-10.77,-0.56,13.37,1.13,1.24
2013-06-13,1882.73,-27.18,-1.42,13.18,1.12,1.26
2013-06-14,1889.24,6.51,0.35,13.23,1.12,1.26
2013-06-17,1883.1,-6.14,-0.32,13.19,1.12,1.26
2013-06-18,1900.62,17.52,0.93,13.31,1.13,1.25
2013-06-19,1888.31,-12.31,-0.65,13.23,1.12,1.26
2013-06-20,1850.49,-37.82,-2,12.97,1.1,1.28
2013-06-21,1822.83,-27.66,-1.49,12.77,1.08,1.3
2013-06-24,1799.01,-23.82,-1.31,12.6,1.07,1.32
2013-06-25,1780.63,-18.38,-1.02,12.48,1.06,1.33
2013-06-26,1783.45,2.82,0.16,12.49,1.06,1.33
2013-06-27,1834.7,51.25,2.87,12.85,1.09,1.29
2013-06-28,1863.32,28.62,1.56,13.05,1.11,1.27
2013-07-01,1855.73,-7.59,-0.41,12.99,1.1,1.28
2013-07-02,1855.02,-0.71,-0.04,12.99,1.1,1.28
2013-07-03,1824.66,-30.36,-1.64,12.77,1.08,1.3
2013-07-04,1839.14,14.48,0.79,12.88,1.09,1.29
2013-07-05,1833.31,-5.83,-0.32,12.83,1.09,1.29
2013-07-08,1816.85,-16.46,-0.9,12.72,1.08,1.3
2013-07-09,1830.35,13.5,0.74,12.81,1.09,1.29
2013-07-10,1824.16,-6.19,-0.34,12.77,1.08,1.3
2013-07-11,1877.6,53.44,2.93,13.15,1.12,1.26
2013-07-12,1869.98,-7.62,-0.41,13.09,1.11,1.27
2013-07-15,1875.16,5.18,0.28,13.13,1.11,1.26
2013-07-16,1866.36,-8.8,-0.47,13.07,1.11,1.27
2013-07-17,1887.49,21.13,1.13,13.22,1.12,1.26
2013-07-18,1875.48,-12.01,-0.64,12.83,1.11,1.26
2013-07-19,1871.41,-4.07,-0.22,12.8,1.11,1.27
2013-07-22,1880.35,8.94,0.48,12.86,1.12,1.26
2013-07-23,1904.15,23.8,1.27,13.03,1.13,1.24
2013-07-24,1912.08,7.93,0.42,13.08,1.14,1.24
2013-07-25,1909.61,-2.47,-0.13,13.07,1.13,1.24
2013-07-26,1910.81,1.2,0.06,13.07,1.14,1.24
2013-07-29,1899.89,-10.92,-0.57,13,1.13,1.25
2013-07-30,1917.05,17.16,0.9,13.12,1.14,1.24
2013-07-31,1914.03,-3.02,-0.16,13.2,1.13,1.21
2013-08-01,1920.74,6.71,0.35,13.25,1.13,1.21
2013-08-02,1923.38,2.64,0.14,13.27,1.13,1.21
2013-08-05,1916.22,-7.16,-0.37,13.22,1.13,1.21
2013-08-06,1906.62,-9.6,-0.5,13.15,1.12,1.22
2013-08-07,1878.33,-28.29,-1.48,12.96,1.11,1.23
2013-08-08,1883.97,5.64,0.3,13,1.11,1.23
2013-08-09,1880.71,-3.26,-0.17,12.97,1.11,1.23
2013-08-12,1884.83,4.12,0.22,13,1.11,1.23
2013-08-13,1913.03,28.2,1.5,13.2,1.13,1.21
2013-08-14,1923.91,10.88,0.57,13.27,1.13,1.21
2013-08-16,1920.11,-3.8,-0.2,13.14,1.13,1.21
2013-08-19,1917.64,-2.47,-0.13,13.12,1.13,1.21
2013-08-20,1887.85,-29.79,-1.55,12.92,1.11,1.23
2013-08-21,1867.46,-20.39,-1.08,12.78,1.1,1.24
2013-08-22,1849.12,-18.34,-0.98,12.65,1.09,1.25
2013-08-23,1870.16,21.04,1.14,12.79,1.1,1.24
2013-08-26,1887.86,17.7,0.95,12.92,1.11,1.23
2013-08-27,1885.84,-2.02,-0.11,12.91,1.11,1.23
2013-08-28,1884.52,-1.32,-0.07,12.9,1.11,1.23
2013-08-29,1907.54,23.02,1.22,13.06,1.13,1.21
2013-08-30,1926.36,18.82,0.99,13.16,1.14,1.2
2013-09-02,1924.81,-1.55,-0.08,13.14,1.14,1.2
2013-09-03,1933.74,8.93,0.46,13.2,1.14,1.2
2013-09-04,1933.03,-0.71,-0.04,13.2,1.14,1.2
2013-09-05,1951.65,18.62,0.96,13.32,1.15,1.18
2013-09-06,1955.31,3.66,0.19,13.35,1.16,1.18
2013-09-09,1974.67,19.36,0.99,13.57,1.17,1.17
2013-09-10,1994.06,19.39,0.98,13.7,1.18,1.16
2013-09-11,2003.85,9.79,0.49,13.77,1.18,1.15
2013-09-12,2004.06,0.21,0.01,13.77,1.18,1.15
2013-09-13,1994.32,-9.74,-0.49,13.71,1.18,1.16
2013-09-16,2013.37,19.05,0.96,13.85,1.19,1.15
2013-09-17,2005.58,-7.79,-0.39,13.81,1.19,1.15
2013-09-23,2009.41,3.83,0.19,13.85,1.19,1.15
2013-09-24,2007.1,-2.31,-0.11,13.83,1.19,1.15
2013-09-25,1998.06,-9.04,-0.45,13.77,1.18,1.16
2013-09-26,2007.32,9.26,0.46,13.84,1.19,1.15
2013-09-27,2011.8,4.48,0.22,13.86,1.19,1.15
2013-09-30,1996.96,-14.84,-0.74,13.76,1.18,1.16
2013-10-01,1998.87,1.91,0.1,13.76,1.18,1.16
2013-10-02,1999.47,0.6,0.03,13.76,1.18,1.16
2013-10-04,1996.98,-2.49,-0.12,13.75,1.18,1.16
2013-10-07,1994.42,-2.56,-0.13,13.73,1.18,1.16
2013-10-08,2002.76,8.34,0.42,13.79,1.18,1.15
2013-10-10,2001.4,-1.36,-0.07,13.78,1.18,1.15
2013-10-11,2024.9,23.5,1.17,13.94,1.2,1.14
2013-10-14,2020.27,-4.63,-0.23,13.91,1.19,1.14
2013-10-15,2040.96,20.69,1.02,14.06,1.21,1.13
2013-10-16,2034.61,-6.35,-0.31,14.02,1.2,1.14
2013-10-17,2040.61,6,0.29,14.07,1.21,1.13
2013-10-18,2052.4,11.79,0.58,14.15,1.21,1.13
2013-10-21,2053.01,0.61,0.03,14.15,1.21,1.13
2013-10-22,2056.12,3.11,0.15,14.17,1.22,1.12
2013-10-23,2035.75,-20.37,-0.99,14.03,1.2,1.13
2013-10-24,2046.69,10.94,0.54,14.11,1.21,1.13
2013-10-25,2034.39,-12.3,-0.6,14.02,1.2,1.14
2013-10-28,2048.14,13.75,0.68,14.12,1.21,1.13
2013-10-29,2051.76,3.62,0.18,14.14,1.21,1.13
2013-10-30,2059.58,7.82,0.38,14.2,1.22,1.12
2013-10-31,2030.09,-29.49,-1.43,14.02,1.2,1.13
2013-11-01,2039.42,9.33,0.46,14.08,1.21,1.13
2013-11-04,2025.17,-14.25,-0.7,13.99,1.2,1.14
2013-11-05,2013.93,-11.24,-0.56,13.91,1.19,1.14
2013-11-06,2013.67,-0.26,-0.01,13.9,1.19,1.14
2013-11-07,2004.04,-9.63,-0.48,13.89,1.19,1.15
2013-11-08,1984.87,-19.17,-0.96,13.75,1.18,1.16
2013-11-11,1977.3,-7.57,-0.38,14.17,1.17,1.17
2013-11-12,1995.48,18.18,0.92,14.31,1.18,1.15
2013-11-13,1963.56,-31.92,-1.6,14.07,1.17,1.17
2013-11-14,1967.56,4,0.2,14.62,1.17,1.17
2013-11-15,2005.64,38.08,1.94,14.91,1.19,1.15
2013-11-18,2010.81,5.17,0.26,14.95,1.2,1.15
2013-11-19,2031.64,20.83,1.04,15.11,1.21,1.13
2013-11-20,2017.24,-14.4,-0.71,15,1.2,1.14
2013-11-21,1993.78,-23.46,-1.16,14.82,1.19,1.16
2013-11-22,2006.23,12.45,0.62,14.92,1.19,1.15
2013-11-25,2015.98,9.75,0.49,14.99,1.2,1.14
2013-11-26,2022.64,6.66,0.33,15.04,1.2,1.14
2013-11-27,2028.81,6.17,0.31,15.08,1.21,1.14
2013-11-28,2045.77,16.96,0.84,15.21,1.22,1.13
2013-11-29,2044.87,-0.9,-0.04,15.21,1.22,1.13
2013-12-02,2030.78,-14.09,-0.69,15.1,1.21,1.13
2013-12-03,2009.36,-21.42,-1.05,14.94,1.19,1.15
2013-12-04,1986.8,-22.56,-1.12,14.77,1.18,1.16
2013-12-05,1984.77,-2.03,-0.1,14.76,1.18,1.16
2013-12-06,1980.41,-4.36,-0.22,14.72,1.18,1.16
2013-12-09,2000.38,19.97,1.01,14.87,1.19,1.15
2013-12-10,1993.45,-6.93,-0.35,14.82,1.18,1.15
2013-12-11,1977.97,-15.48,-0.78,14.71,1.18,1.16
2013-12-12,1967.93,-10.04,-0.51,14.63,1.17,1.17
2013-12-13,1962.91,-5.02,-0.26,14.59,1.17,1.17
2013-12-16,1961.15,-1.76,-0.09,14.58,1.17,1.17
2013-12-17,1965.74,4.59,0.23,14.62,1.17,1.17
2013-12-18,1974.63,8.89,0.45,14.69,1.17,1.17
2013-12-19,1975.65,1.02,0.05,14.69,1.17,1.17
2013-12-20,1983.35,7.7,0.39,14.74,1.18,1.16
2013-12-23,1996.89,13.54,0.68,14.84,1.19,1.15
2013-12-24,2001.59,4.7,0.24,14.88,1.19,1.15
2013-12-26,1999.3,-2.29,-0.11,14.86,1.19,1.15
2013-12-27,2002.28,2.98,0.15,14.88,1.19,1.15
2013-12-30,2011.34,9.06,0.45,14.95,1.2,1.14
2014-01-02,1967.19,-44.15,-2.2,14.63,1.17,1.17
2014-01-03,1946.14,-21.05,-1.07,14.47,1.16,1.18
2014-01-06,1953.28,7.14,0.37,14.53,1.16,1.18
2014-01-07,1959.44,6.16,0.32,14.57,1.16,1.18
2014-01-08,1958.96,-0.48,-0.02,14.56,1.16,1.18
2014-01-09,1946.11,-12.85,-0.66,14.46,1.16,1.18
2014-01-10,1938.54,-7.57,-0.39,14.56,1.15,1.19
2014-01-13,1948.92,10.38,0.54,14.64,1.16,1.18
2014-01-14,1946.07,-2.85,-0.15,14.63,1.16,1.18
2014-01-15,1953.28,7.21,0.37,14.68,1.16,1.18
2014-01-16,1957.32,4.04,0.21,14.74,1.16,1.18
2014-01-17,1944.48,-12.84,-0.66,14.64,1.15,1.18
2014-01-20,1953.78,9.3,0.48,14.71,1.16,1.18
2014-01-21,1963.89,10.11,0.52,14.79,1.17,1.17
2014-01-22,1970.42,6.53,0.33,14.83,1.17,1.17
2014-01-23,1947.59,-22.83,-1.16,14.66,1.16,1.18
2014-01-24,1940.56,-7.03,-0.36,14.58,1.15,1.19
2014-01-27,1910.34,-30.22,-1.56,14.36,1.13,1.21
2014-01-28,1916.93,6.59,0.34,14.41,1.14,1.2
2014-01-29,1941.15,24.22,1.26,14.6,1.15,1.19
2014-02-03,1919.96,-21.19,-1.09,14.44,1.14,1.2
2014-02-04,1886.85,-33.11,-1.72,14.19,1.12,1.22
2014-02-05,1891.32,4.47,0.24,14.22,1.12,1.22
2014-02-06,1907.89,16.57,0.88,14.35,1.13,1.21
2014-02-07,1922.5,14.61,0.77,14.46,1.14,1.2
2014-02-10,1923.3,0.8,0.04,14.47,1.14,1.2
2014-02-11,1932.06,8.76,0.46,14.53,1.15,1.19
2014-02-12,1935.84,3.78,0.2,14.56,1.15,1.19
2014-02-13,1926.96,-8.88,-0.46,14.49,1.14,1.19
2014-02-14,1940.28,13.32,0.69,14.63,1.15,1.19
2014-02-17,1946.36,6.08,0.31,14.68,1.15,1.18
2014-02-18,1946.91,0.55,0.03,14.68,1.15,1.18
2014-02-19,1942.93,-3.98,-0.2,14.65,1.15,1.19
2014-02-20,1930.57,-12.36,-0.64,14.56,1.14,1.19
2014-02-21,1957.83,27.26,1.41,14.77,1.16,1.18
2014-02-24,1949.05,-8.78,-0.45,14.7,1.15,1.18
2014-02-25,1964.86,15.81,0.81,14.82,1.16,1.17
2014-02-26,1970.77,5.91,0.3,14.87,1.17,1.17
2014-02-27,1978.43,7.66,0.39,14.93,1.17,1.16
2014-02-28,1979.99,1.56,0.08,14.94,1.17,1.16
2014-03-03,1964.69,-15.3,-0.77,14.82,1.16,1.17
2014-03-04,1954.11,-10.58,-0.54,14.74,1.16,1.18
2014-03-05,1971.24,17.13,0.88,14.87,1.17,1.17
2014-03-06,1975.62,4.38,0.22,14.9,1.17,1.17
2014-03-07,1974.68,-0.94,-0.05,14.9,1.17,1.17
2014-03-10,1954.42,-20.26,-1.03,14.75,1.16,1.18
2014-03-11,1963.87,9.45,0.48,14.82,1.16,1.17
2014-03-12,1932.54,-31.33,-1.6,14.58,1.14,1.19
2014-03-13,1934.38,1.84,0.1,14.59,1.15,1.19
2014-03-14,1919.9,-14.48,-0.75,14.45,1.14,1.2
2014-03-17,1927.53,7.63,0.4,14.51,1.14,1.19
2014-03-18,1940.21,12.68,0.66,14.61,1.15,1.19
2014-03-19,1937.68,-2.53,-0.13,14.59,1.15,1.19
2014-03-20,1919.52,-18.16,-0.94,14.45,1.14,1.2
2014-03-21,1934.94,15.42,0.8,14.56,1.15,1.19
2014-03-24,1945.55,10.61,0.55,14.48,1.16,1.18
2014-03-25,1941.25,-4.3,-0.22,14.44,1.15,1.18
2014-03-26,1964.31,23.06,1.19,14.62,1.17,1.17
2014-03-27,1977.97,13.66,0.7,14.72,1.18,1.16
2014-03-28,1981,3.03,0.15,14.74,1.18,1.16
2014-03-31,1985.61,4.61,0.23,14.78,1.18,1.16
2014-04-01,1991.98,6.37,0.32,14.81,1.18,1.15
2014-04-02,1997.25,5.27,0.26,14.85,1.19,1.15
2014-04-03,1993.7,-3.55,-0.18,14.82,1.18,1.15
2014-04-04,1988.09,-5.61,-0.28,14.83,1.18,1.15
2014-04-07,1989.7,1.61,0.08,14.84,1.19,1.15
2014-04-08,1993.03,3.33,0.17,14.86,1.19,1.15
2014-04-09,1998.95,5.92,0.3,14.91,1.19,1.15
2014-04-10,2008.61,9.66,0.48,15.02,1.2,1.14
2014-04-11,1997.44,-11.17,-0.56,14.92,1.19,1.15
2014-04-14,1997.02,-0.42,-0.02,14.92,1.19,1.15
2014-04-15,1992.27,-4.75,-0.24,14.88,1.19,1.15
2014-04-16,1992.21,-0.06,0,14.89,1.19,1.15
2014-04-17,1992.05,-0.16,-0.01,14.89,1.19,1.15
2014-04-18,2004.28,12.23,0.61,14.98,1.19,1.14
2014-04-21,1999.22,-5.06,-0.25,14.94,1.19,1.15
2014-04-22,2004.22,5,0.25,14.98,1.19,1.14
2014-04-23,2000.37,-3.85,-0.19,14.95,1.19,1.14
2014-04-24,1998.34,-2.03,-0.1,14.94,1.19,1.15
2014-04-25,1971.66,-26.68,-1.34,14.74,1.17,1.16
2014-04-28,1969.26,-2.4,-0.12,14.72,1.17,1.16
2014-04-29,1964.77,-4.49,-0.23,14.68,1.17,1.17
2014-04-30,1961.79,-2.98,-0.15,15.03,1.11,1.12
2014-05-02,1959.44,-2.35,-0.12,15.02,1.11,1.12
2014-05-07,1939.88,-19.56,-1,14.87,1.1,1.13
2014-05-08,1950.6,10.72,0.55,14.95,1.1,1.12
2014-05-09,1956.55,5.95,0.31,15.2,1.11,1.12
2014-05-12,1964.94,8.39,0.43,15.27,1.12,1.11
2014-05-13,1982.93,17.99,0.92,15.42,1.13,1.1
2014-05-14,2010.83,27.9,1.41,15.64,1.14,1.09
2014-05-15,2010.2,-0.63,-0.03,15.64,1.14,1.09
2014-05-16,2013.44,3.24,0.16,15.69,1.14,1.09
2014-05-19,2015.14,1.7,0.08,15.7,1.15,1.08
2014-05-20,2011.26,-3.88,-0.19,15.68,1.14,1.09
2014-05-21,2008.33,-2.93,-0.15,15.66,1.14,1.09
2014-05-22,2015.59,7.26,0.36,15.71,1.15,1.08
2014-05-23,2017.17,1.58,0.08,15.69,1.15,1.08
2014-05-26,2010.35,-6.82,-0.34,15.64,1.15,1.09
2014-05-27,1997.63,-12.72,-0.63,15.54,1.14,1.09
2014-05-28,2017.06,19.43,0.97,15.69,1.15,1.08
2014-05-29,2012.26,-4.8,-0.24,15.65,1.15,1.09
2014-05-30,1994.96,-17.3,-0.86,15.51,1.14,1.1
2014-06-02,2002,7.04,0.35,15.57,1.14,1.09
2014-06-03,2008.56,6.56,0.33,15.62,1.15,1.09
2014-06-05,1995.48,-13.08,-0.65,15.52,1.14,1.1
2014-06-09,1990.04,-5.44,-0.27,15.48,1.13,1.1
2014-06-10,2011.8,21.76,1.09,15.65,1.15,1.09
2014-06-11,2014.67,2.87,0.14,15.67,1.15,1.09
2014-06-12,2011.65,-3.02,-0.15,15.64,1.15,1.09
2014-06-13,1990.85,-20.8,-1.03,15.48,1.14,1.1
2014-06-16,1993.59,2.74,0.14,15.51,1.14,1.1
2014-06-17,2001.55,7.96,0.4,15.57,1.14,1.09
2014-06-18,1989.49,-12.06,-0.6,15.47,1.13,1.1
2014-06-19,1992.03,2.54,0.13,15.5,1.14,1.1
2014-06-20,1968.07,-23.96,-1.2,15.36,1.12,1.11
2014-06-23,1974.92,6.85,0.35,15.37,1.13,1.11
2014-06-24,1994.35,19.43,0.98,15.52,1.14,1.1
2014-06-25,1981.77,-12.58,-0.63,15.57,1.13,1.1
2014-06-26,1995.05,13.28,0.67,15.68,1.14,1.09
2014-06-27,1988.51,-6.54,-0.33,15.63,1.13,1.1
2014-06-30,2002.21,13.7,0.69,15.74,1.14,1.09
2014-07-01,1999,-3.21,-0.16,15.71,1.14,1.09
2014-07-02,2015.28,16.28,0.81,15.85,1.15,1.08
2014-07-03,2010.97,-4.31,-0.21,15.82,1.15,1.09
2014-07-04,2009.66,-1.31,-0.07,15.81,1.15,1.09
2014-07-07,2005.12,-4.54,-0.23,15.77,1.14,1.09
2014-07-08,2006.66,1.54,0.08,15.61,1.14,1.09
2014-07-09,2000.5,-6.16,-0.31,15.56,1.13,1.09
2014-07-10,2002.84,2.34,0.12,15.58,1.14,1.09
2014-07-11,1988.74,-14.1,-0.7,15.47,1.13,1.1
2014-07-14,1993.88,5.14,0.26,15.51,1.13,1.1
2014-07-15,2012.72,18.84,0.94,15.7,1.14,1.08
2014-07-16,2013.48,0.76,0.04,15.71,1.14,1.08
2014-07-17,2020.9,7.42,0.37,15.76,1.15,1.08
2014-07-18,2019.42,-1.48,-0.07,15.75,1.14,1.08
2014-07-21,2018.5,-0.92,-0.05,15.75,1.14,1.08
2014-07-22,2028.93,10.43,0.52,15.83,1.15,1.08
2014-07-23,2028.32,-0.61,-0.03,15.82,1.15,1.08
2014-07-24,2026.62,-1.7,-0.08,15.81,1.15,1.08
2014-07-25,2033.85,7.23,0.36,15.86,1.15,1.07
2014-07-28,2048.81,14.96,0.74,15.98,1.16,1.07
2014-07-29,2061.97,13.16,0.64,16.09,1.17,1.06
2014-07-30,2082.61,20.64,1,16.25,1.18,1.05
2014-07-31,2076.12,-6.49,-0.31,16.2,1.18,1.05
2014-08-01,2073.1,-3.02,-0.15,16.17,1.17,1.05
2014-08-04,2080.42,7.32,0.35,16.23,1.18,1.05
2014-08-05,2066.26,-14.16,-0.68,16.12,1.17,1.06
2014-08-06,2060.73,-5.53,-0.27,16.08,1.17,1.06
2014-08-07,2054.51,-6.22,-0.3,16.04,1.17,1.06
2014-08-08,2031.1,-23.41,-1.14,15.86,1.15,1.07
2014-08-11,2039.37,8.27,0.41,15.93,1.16,1.07
2014-08-12,2041.47,2.1,0.1,15.94,1.16,1.07
2014-08-13,2062.36,20.89,1.02,16.1,1.17,1.06
2014-08-14,2063.22,0.86,0.04,16.15,1.17,1.06
2014-08-18,2053.13,-10.09,-0.49,16.05,1.16,1.06
2014-08-19,2071.14,18.01,0.88,16.19,1.17,1.05
2014-08-20,2072.78,1.64,0.08,16.21,1.18,1.05
2014-08-21,2044.21,-28.57,-1.38,15.98,1.16,1.07
2014-08-22,2056.7,12.49,0.61,16.08,1.17,1.06
2014-08-25,2060.89,4.19,0.2,16.11,1.17,1.06
2014-08-26,2068.05,7.16,0.35,16.17,1.17,1.06
2014-08-27,2074.93,6.88,0.33,16.22,1.18,1.05
2014-08-28,2075.76,0.83,0.04,16.23,1.18,1.05
2014-08-29,2068.54,-7.22,-0.35,16.18,1.17,1.05
2014-09-01,2067.86,-0.68,-0.03,16.17,1.17,1.06
2014-09-02,2051.58,-16.28,-0.79,16.05,1.16,1.06
2014-09-03,2051.2,-0.38,-0.02,16.04,1.16,1.06
2014-09-04,2056.26,5.06,0.25,16.08,1.17,1.06
2014-09-05,2049.41,-6.85,-0.33,16.03,1.16,1.06
2014-09-11,2034.16,-15.25,-0.74,15.91,1.15,1.07
2014-09-12,2041.86,7.7,0.38,15.97,1.16,1.07
2014-09-15,2035.82,-6.04,-0.3,15.92,1.15,1.07
2014-09-16,2042.92,7.1,0.35,15.98,1.16,1.07
2014-09-17,2062.61,19.69,0.96,16.13,1.17,1.06
2014-09-18,2047.74,-14.87,-0.72,16.02,1.16,1.07
2014-09-19,2053.82,6.08,0.3,16.06,1.17,1.06
2014-09-22,2039.27,-14.55,-0.71,15.95,1.16,1.07
2014-09-23,2028.91,-10.36,-0.51,15.87,1.15,1.08
2014-09-24,2035.64,6.73,0.33,15.92,1.15,1.07
2014-09-25,2034.11,-1.53,-0.08,15.91,1.15,1.07
2014-09-26,2031.64,-2.47,-0.12,15.89,1.15,1.07
2014-09-29,2026.6,-5.04,-0.25,15.85,1.15,1.08
2014-09-30,2020.09,-6.51,-0.32,15.8,1.15,1.08
2014-10-01,1991.54,-28.55,-1.41,15.58,1.13,1.1
2014-10-02,1976.16,-15.38,-0.77,15.46,1.12,1.1
2014-10-06,1968.39,-7.77,-0.39,15.39,1.12,1.11
2014-10-07,1972.91,4.52,0.23,15.42,1.12,1.11
2014-10-08,1965.25,-7.66,-0.39,15.36,1.11,1.11
2014-10-10,1940.92,-24.33,-1.24,15.17,1.1,1.12
2014-10-13,1927.21,-13.71,-0.71,15.07,1.09,1.13
2014-10-14,1929.25,2.04,0.11,15.09,1.09,1.13
2014-10-15,1925.91,-3.34,-0.17,15.06,1.09,1.13
2014-10-16,1918.83,-7.08,-0.37,15,1.09,1.14
2014-10-17,1900.66,-18.17,-0.95,14.86,1.08,1.15
2014-10-20,1930.06,29.4,1.55,15.09,1.09,1.13
2014-10-21,1915.28,-14.78,-0.77,14.97,1.09,1.14
2014-10-22,1936.97,21.69,1.13,15.15,1.1,1.13
2014-10-23,1931.65,-5.32,-0.27,15.11,1.09,1.13
2014-10-24,1925.69,-5.96,-0.31,15.06,1.09,1.15
2014-10-27,1931.97,6.28,0.33,15.11,1.1,1.15
2014-10-28,1925.68,-6.29,-0.33,15.06,1.09,1.15
2014-10-29,1961.17,35.49,1.84,15.34,1.11,1.13
2014-10-30,1958.93,-2.24,-0.11,15.32,1.11,1.13
2014-10-31,1964.43,5.5,0.28,15.37,1.11,1.13
2014-11-03,1952.97,-11.46,-0.58,15.28,1.11,1.13
2014-11-04,1935.19,-17.78,-0.91,15.14,1.1,1.14
2014-11-05,1931.43,-3.76,-0.19,15.11,1.1,1.15
2014-11-06,1936.48,5.05,0.26,15.15,1.1,1.14
2014-11-07,1939.87,3.39,0.18,15.18,1.1,1.14
2014-11-10,1958.23,18.36,0.95,15.33,1.11,1.13
2014-11-11,1963,4.77,0.24,15.36,1.11,1.13
2014-11-12,1967.27,4.27,0.22,15.4,1.12,1.13
2014-11-13,1960.51,-6.76,-0.34,15.35,1.11,1.13
2014-11-14,1945.14,-15.37,-0.78,15.22,1.1,1.12
2014-11-17,1943.63,-1.51,-0.08,15.49,1.12,1.12
2014-11-18,1967.01,23.38,1.2,15.68,1.14,1.1
2014-11-19,1966.87,-0.14,-0.01,15.47,1.15,1.12
2014-11-20,1958.04,-8.83,-0.45,15.45,1.13,1.12
2014-11-21,1964.84,6.8,0.35,15.51,1.13,1.12
2014-11-24,1978.54,13.7,0.7,15.62,1.14,1.11
2014-11-25,1980.21,1.67,0.08,15.63,1.14,1.11
2014-11-26,1980.84,0.63,0.03,15.64,1.14,1.11
2014-11-27,1982.09,1.25,0.06,15.65,1.14,1.11
2014-11-28,1980.78,-1.31,-0.07,15.63,1.14,1.11
2014-12-01,1965.22,-15.56,-0.79,15.51,1.13,1.12
2014-12-02,1965.83,0.61,0.03,15.52,1.13,1.12
2014-12-03,1969.91,4.08,0.21,15.55,1.13,1.11
2014-12-04,1986.61,16.7,0.85,15.68,1.14,1.11
2014-12-05,1986.62,0.01,0,15.68,1.14,1.1
2014-12-08,1978.95,-7.67,-0.39,15.62,1.14,1.11
2014-12-09,1970.95,-8,-0.4,15.56,1.13,1.11
2014-12-10,1945.56,-25.39,-1.29,15.35,1.12,1.13
2014-12-11,1916.59,-28.97,-1.49,15.12,1.1,1.15
2014-12-12,1921.71,5.12,0.27,15.17,1.11,1.14
2014-12-15,1920.36,-1.35,-0.07,15.15,1.1,1.14
2014-12-16,1904.13,-16.23,-0.85,15.03,1.09,1.15
2014-12-17,1900.16,-3.97,-0.21,15,1.09,1.16
2014-12-18,1897.5,-2.66,-0.14,14.98,1.09,1.14
2014-12-19,1929.98,32.48,1.71,15.44,1.12,1.12
2014-12-22,1943.12,13.14,0.68,15.54,1.13,1.11
2014-12-23,1939.02,-4.1,-0.21,15.51,1.13,1.12
2014-12-24,1946.61,7.59,0.39,15.57,1.13,1.11
2014-12-26,1948.16,1.55,0.08,15.58,1.13,1.11
2014-12-29,1927.86,-20.3,-1.04,15.42,1.12,1.12
2014-12-30,1915.59,-12.27,-0.64,15.32,1.11,1.13
2015-01-02,1926.44,10.85,0.57,15.35,1.12,1.12
2015-01-05,1915.75,-10.69,-0.55,15.26,1.11,1.13
2015-01-06,1882.45,-33.3,-1.74,15,1.09,1.15
2015-01-07,1883.83,1.38,0.07,15.05,1.09,1.15
2015-01-08,1904.65,20.82,1.11,15.22,1.11,1.14
2015-01-09,1924.7,20.05,1.05,15.59,1.12,1.13
2015-01-12,1920.95,-3.75,-0.19,15.56,1.12,1.13
2015-01-13,1917.14,-3.81,-0.2,15.54,1.11,1.13
2015-01-14,1913.66,-3.48,-0.18,15.51,1.11,1.13
2015-01-15,1914.14,0.48,0.03,15.52,1.11,1.13
2015-01-16,1888.13,-26.01,-1.36,15.31,1.1,1.14
2015-01-19,1902.62,14.49,0.77,15.42,1.1,1.14
2015-01-20,1918.31,15.69,0.82,15.56,1.11,1.13
2015-01-21,1921.23,2.92,0.15,15.58,1.12,1.12
2015-01-22,1920.82,-0.41,-0.02,15.58,1.12,1.12
2015-01-23,1936.09,15.27,0.79,15.71,1.12,1.11
2015-01-26,1935.68,-0.41,-0.02,15.73,1.12,1.12
2015-01-27,1952.4,16.72,0.86,15.86,1.13,1.11
2015-01-28,1961.58,9.18,0.47,15.94,1.14,1.1
2015-01-29,1951.02,-10.56,-0.54,15.85,1.13,1.11
2015-01-30,1949.26,-1.76,-0.09,15.84,1.13,1.11
2015-02-02,1952.68,3.42,0.18,15.87,1.13,1.11
2015-02-03,1951.96,-0.72,-0.04,15.86,1.13,1.11
2015-02-04,1962.79,10.83,0.55,15.95,1.14,1.1
2015-02-05,1952.84,-9.95,-0.51,15.88,1.13,1.11
2015-02-06,1955.52,2.68,0.14,15.91,1.14,1.11
2015-02-09,1947,-8.52,-0.44,15.84,1.13,1.11
2015-02-10,1935.86,-11.14,-0.57,15.75,1.12,1.12
2015-02-11,1945.7,9.84,0.51,15.83,1.13,1.11
2015-02-12,1941.63,-4.07,-0.21,15.8,1.13,1.11
2015-02-13,1957.5,15.87,0.82,15.92,1.14,1.1
2015-02-16,1958.23,0.73,0.04,15.93,1.14,1.1
2015-02-17,1961.45,3.22,0.16,15.96,1.14,1.1
2015-02-23,1968.39,6.94,0.35,16.84,1.14,1.1
2015-02-24,1976.12,7.73,0.39,16.91,1.15,1.09
2015-02-25,1990.47,14.35,0.73,17.03,1.16,1.09
2015-02-26,1993.08,2.61,0.13,17.05,1.16,1.08
2015-02-27,1985.8,-7.28,-0.37,16.99,1.15,1.09
2015-03-02,1996.81,11.01,0.55,17.09,1.16,1.08
2015-03-03,2001.38,4.57,0.23,17.12,1.16,1.08
2015-03-04,1998.29,-3.09,-0.15,17.1,1.16,1.08
2015-03-05,1998.38,0.09,0,17.11,1.16,1.08
2015-03-06,2012.94,14.56,0.73,17.24,1.17,1.07
2015-03-09,1992.82,-20.12,-1,17.07,1.16,1.08
2015-03-10,1984.77,-8.05,-0.4,17,1.15,1.09
2015-03-11,1980.83,-3.94,-0.2,16.96,1.15,1.09
2015-03-12,1970.59,-10.24,-0.52,16.87,1.14,1.1
2015-03-13,1985.79,15.2,0.77,17.73,1.15,1.09
2015-03-16,1987.33,1.54,0.08,17.74,1.15,1.09
2015-03-17,2029.91,42.58,2.14,18.12,1.18,1.06
2015-03-18,2028.45,-1.46,-0.07,18.11,1.18,1.06
2015-03-19,2037.89,9.44,0.47,18.2,1.18,1.06
2015-03-20,2037.24,-0.65,-0.03,18.12,1.19,1.06
2015-03-23,2036.59,-0.65,-0.03,16.98,1.19,1.06
2015-03-24,2041.37,4.78,0.23,17.15,1.19,1.06
2015-03-25,2042.81,1.44,0.07,17.17,1.19,1.06
2015-03-26,2022.56,-20.25,-0.99,16.99,1.18,1.07
2015-03-27,2019.8,-2.76,-0.14,16.97,1.18,1.07
2015-03-30,2030.04,10.24,0.51,16.89,1.18,1.07
2015-03-31,2041.03,10.99,0.54,16.98,1.19,1.06
2015-04-01,2028.45,-12.58,-0.62,16.88,1.18,1.07
2015-04-02,2029.07,0.62,0.03,16.88,1.18,1.07
2015-04-03,2045.42,16.35,0.81,17.03,1.19,1.06
2015-04-06,2046.43,1.01,0.05,17.04,1.19,1.06
2015-04-07,2047.03,0.6,0.03,17.05,1.19,1.06
2015-04-08,2059.26,12.23,0.6,17.15,1.2,1.05
2015-04-09,2058.87,-0.39,-0.02,17.15,1.2,1.05
2015-04-10,2087.76,28.89,1.4,17.39,1.22,1.04
2015-04-13,2098.92,11.16,0.53,17.48,1.22,1.03
2015-04-14,2111.72,12.8,0.61,17.59,1.23,1.02
2015-04-15,2119.96,8.24,0.39,17.66,1.24,1.02
2015-04-16,2139.9,19.94,0.94,17.83,1.25,1.01
2015-04-17,2143.5,3.6,0.17,17.86,1.25,1.01
2015-04-20,2146.71,3.21,0.15,17.88,1.25,1.01
2015-04-21,2144.79,-1.92,-0.09,17.88,1.25,1.01
2015-04-22,2143.89,-0.9,-0.04,17.87,1.25,1.01
2015-04-23,2173.41,29.52,1.38,18.12,1.27,1
2015-04-24,2159.8,-13.61,-0.63,18.01,1.26,1
2015-04-27,2157.54,-2.26,-0.1,17.99,1.26,1
2015-04-28,2147.67,-9.87,-0.46,17.9,1.25,1.01
2015-04-29,2142.63,-5.04,-0.23,17.86,1.25,1.01
2015-04-30,2127.17,-15.46,-0.72,17.73,1.24,1.02
2015-05-04,2132.23,5.06,0.24,17.77,1.24,1.02
2015-05-06,2104.58,-27.65,-1.3,17.14,1.16,1.26
2015-05-07,2091,-13.58,-0.65,17.03,1.15,1.26
2015-05-08,2085.52,-5.48,-0.26,16.99,1.15,1.27
2015-05-11,2097.38,11.86,0.57,17.09,1.16,1.26
2015-05-12,2096.77,-0.61,-0.03,17.07,1.15,1.26
2015-05-13,2114.16,17.39,0.83,17.21,1.16,1.25
2015-05-14,2120.33,6.17,0.29,17.26,1.17,1.25
2015-05-15,2106.5,-13.83,-0.65,17.15,1.16,1.26
2015-05-18,2113.72,7.22,0.34,17.21,1.16,1.25
2015-05-19,2120.85,7.13,0.34,17.27,1.17,1.25
2015-05-20,2139.54,18.69,0.88,17.42,1.18,1.24
2015-05-21,2122.81,-16.73,-0.78,17.29,1.17,1.25
2015-05-22,2146.1,23.29,1.1,17.48,1.18,1.23
2015-05-26,2143.5,-2.6,-0.12,17.46,1.18,1.23
2015-05-27,2107.5,-36,-1.68,17.16,1.16,1.25
2015-05-28,2110.89,3.39,0.16,17.19,1.16,1.25
2015-05-29,2114.8,3.91,0.19,17.23,1.17,1.25
2015-06-01,2102.37,-12.43,-0.59,17.12,1.16,1.26
2015-06-02,2078.64,-23.73,-1.13,16.93,1.15,1.27
2015-06-03,2063.16,-15.48,-0.74,16.81,1.14,1.28
2015-06-04,2072.86,9.7,0.47,16.88,1.14,1.28
2015-06-05,2068.1,-4.76,-0.23,16.85,1.14,1.28
2015-06-08,2065.19,-2.91,-0.14,16.82,1.14,1.28
2015-06-09,2064.03,-1.16,-0.06,16.82,1.14,1.28
2015-06-10,2051.32,-12.71,-0.62,16.71,1.13,1.29
2015-06-11,2056.61,5.29,0.26,16.75,1.13,1.29
2015-06-12,2052.17,-4.44,-0.22,16.72,1.13,1.29
2015-06-15,2042.32,-9.85,-0.48,16.64,1.13,1.3
2015-06-16,2028.72,-13.6,-0.67,16.53,1.12,1.3
2015-06-17,2034.86,6.14,0.3,16.58,1.12,1.3
2015-06-18,2041.88,7.02,0.34,16.64,1.13,1.3
2015-06-19,2046.96,5.08,0.25,16.67,1.13,1.29
2015-06-22,2055.16,8.2,0.4,16.74,1.13,1.29
2015-06-23,2081.2,26.04,1.27,16.94,1.15,1.27
2015-06-24,2085.53,4.33,0.21,16.98,1.15,1.27
2015-06-25,2085.06,-0.47,-0.02,16.97,1.15,1.27
2015-06-26,2090.26,5.2,0.25,17.02,1.15,1.27
2015-06-29,2060.49,-29.77,-1.42,16.77,1.14,1.29
2015-06-30,2074.2,13.71,0.67,16.87,1.14,1.28
2015-07-01,2097.89,23.69,1.14,17.07,1.16,1.27
2015-07-02,2107.33,9.44,0.45,17.15,1.16,1.26
2015-07-03,2104.41,-2.92,-0.14,17.13,1.16,1.26
2015-07-06,2053.93,-50.48,-2.4,16.71,1.13,1.3
2015-07-07,2040.29,-13.64,-0.66,16.6,1.13,1.3
2015-07-08,2016.21,-24.08,-1.18,16.4,1.11,1.32
2015-07-09,2027.81,11.6,0.58,16.48,1.12,1.31
2015-07-10,2031.17,3.36,0.17,16.52,1.12,1.31
2015-07-13,2061.52,30.35,1.49,16.78,1.14,1.29
2015-07-14,2059.23,-2.29,-0.11,16.76,1.14,1.29
2015-07-15,2072.91,13.68,0.66,16.88,1.14,1.28
2015-07-16,2087.89,14.98,0.72,17,1.15,1.27
2015-07-17,2076.79,-11.1,-0.53,16.91,1.15,1.28
2015-07-20,2073.31,-3.48,-0.17,16.88,1.14,1.28
2015-07-21,2083.62,10.31,0.5,16.96,1.15,1.27
2015-07-22,2064.73,-18.89,-0.91,16.81,1.14,1.28
2015-07-23,2065.07,0.34,0.02,16.81,1.14,1.28
2015-07-24,2045.96,-19.11,-0.93,16.66,1.13,1.3
2015-07-27,2038.81,-7.15,-0.35,16.6,1.13,1.3
2015-07-28,2039.1,0.29,0.01,16.6,1.13,1.3
2015-07-29,2037.62,-1.48,-0.07,16.59,1.12,1.3
2015-07-30,2019.03,-18.59,-0.91,16.44,1.11,1.31
2015-07-31,2030.16,11.13,0.55,15.84,1.12,1.3
2015-08-03,2008.49,-21.67,-1.07,15.5,1.11,1.32
2015-08-04,2027.99,19.5,0.97,15.65,1.12,1.3
2015-08-05,2029.76,1.77,0.09,15.66,1.12,1.3
2015-08-06,2013.29,-16.47,-0.81,15.53,1.12,1.32
2015-08-07,2010.23,-3.06,-0.15,15.51,1.11,1.32
2015-08-10,2003.17,-7.06,-0.35,15.45,1.11,1.32
2015-08-11,1986.65,-16.52,-0.82,15.33,1.1,1.33
2015-08-12,1975.47,-11.18,-0.56,15.24,1.09,1.34
2015-08-13,1983.46,7.99,0.4,15.3,1.1,1.33
2015-08-17,1968.52,-14.94,-0.75,15.18,1.09,1.34
2015-08-18,1956.26,-12.26,-0.62,15.04,1.08,1.35
2015-08-19,1939.38,-16.88,-0.86,14.91,1.08,1.36
2015-08-20,1914.55,-24.83,-1.28,14.72,1.06,1.38
2015-08-21,1876.07,-38.48,-2.01,14.42,1.04,1.41
2015-08-24,1829.81,-46.26,-2.47,14.06,1.01,1.44
2015-08-25,1846.63,16.82,0.92,14.19,1.02,1.43
2015-08-26,1894.09,47.46,2.57,14.56,1.05,1.39
2015-08-27,1908,13.91,0.73,14.67,1.06,1.38
2015-08-28,1937.67,29.67,1.56,14.9,1.07,1.36
2015-08-31,1941.49,3.82,0.2,14.93,1.08,1.36
2015-09-01,1914.23,-27.26,-1.4,14.75,1.07,1.38
2015-09-02,1915.22,0.99,0.05,14.76,1.07,1.38
2015-09-03,1915.53,0.31,0.02,14.76,1.07,1.38
2015-09-04,1886.04,-29.49,-1.54,14.54,1.06,1.4
2015-09-07,1883.22,-2.82,-0.15,14.51,1.06,1.4
2015-09-08,1878.68,-4.54,-0.24,14.48,1.05,1.4
2015-09-09,1934.2,55.52,2.96,14.91,1.09,1.36
2015-09-10,1962.11,27.91,1.44,15.12,1.1,1.34
2015-09-11,1941.37,-20.74,-1.06,14.96,1.09,1.36
2015-09-14,1931.46,-9.91,-0.51,14.88,1.08,1.36
2015-09-15,1937.56,6.1,0.32,14.93,1.09,1.35
2015-09-16,1975.45,37.89,1.96,15.23,1.11,1.33
2015-09-17,1976.49,1.04,0.05,15.24,1.11,1.33
2015-09-18,1995.95,19.46,0.98,15.39,1.12,1.31
2015-09-21,1964.68,-31.27,-1.57,15.15,1.1,1.33
2015-09-22,1982.06,17.38,0.88,15.28,1.11,1.32
2015-09-23,1944.64,-37.42,-1.89,14.99,1.09,1.35
2015-09-24,1947.1,2.46,0.13,15,1.09,1.35
2015-09-25,1942.85,-4.25,-0.22,14.97,1.09,1.35
2015-09-30,1962.81,19.96,1.03,15.12,1.1,1.33
2015-10-01,1979.32,16.51,0.84,15.25,1.11,1.32
2015-10-02,1969.68,-9.64,-0.49,15.17,1.1,1.33
2015-10-05,1978.25,8.57,0.44,15.25,1.11,1.32
2015-10-06,1990.65,12.4,0.63,15.35,1.12,1.32
2015-10-07,2005.84,15.19,0.76,15.46,1.13,1.3
2015-10-08,2019.53,13.69,0.68,15.57,1.13,1.3
2015-10-12,2021.63,2.1,0.1,15.59,1.13,1.29
2015-10-13,2019.05,-2.58,-0.13,15.57,1.13,1.3
2015-10-14,2009.55,-9.5,-0.47,15.49,1.13,1.3
2015-10-15,2033.27,23.72,1.18,15.68,1.14,1.29
2015-10-16,2030.26,-3.01,-0.15,15.66,1.14,1.29
2015-10-19,2030.27,0.01,0,15.66,1.14,1.29
2015-10-20,2039.36,9.09,0.45,15.73,1.14,1.28
2015-10-21,2042.98,3.62,0.18,15.75,1.15,1.28
2015-10-22,2023,-19.98,-0.98,15.6,1.14,1.29
2015-10-23,2040.4,17.4,0.86,15.73,1.14,1.28
2015-10-26,2048.08,7.68,0.38,15.79,1.15,1.28
2015-10-27,2044.65,-3.43,-0.17,15.76,1.15,1.28
2015-10-28,2042.51,-2.14,-0.1,15.75,1.15,1.28
2015-10-29,2034.16,-8.35,-0.41,15.68,1.14,1.28
2015-10-30,2029.47,-4.69,-0.23,15.65,1.14,1.28
2015-11-02,2035.24,5.77,0.28,15.7,1.14,1.28
2015-11-03,2048.4,13.16,0.65,15.79,1.15,1.27
2015-11-04,2052.77,4.37,0.21,15.83,1.15,1.27
2015-11-05,2049.41,-3.36,-0.16,15.8,1.15,1.27
2015-11-06,2041.07,-8.34,-0.41,15.74,1.15,1.28
2015-11-09,2025.7,-15.37,-0.75,15.62,1.14,1.29
2015-11-10,1996.59,-29.11,-1.44,15.4,1.12,1.31
2015-11-11,1997.27,0.68,0.03,15.4,1.12,1.3
2015-11-12,1993.36,-3.91,-0.2,15.37,1.12,1.31
2015-11-13,1973.29,-20.07,-1.01,15.21,1.11,1.32
2015-11-16,1943.02,-30.27,-1.53,14.97,1.09,1.34
2015-11-17,1963.58,20.56,1.06,15.13,1.1,1.33
2015-11-18,1962.88,-0.7,-0.04,15.13,1.1,1.33
2015-11-19,1988.91,26.03,1.33,15.33,1.12,1.31
2015-11-20,1989.86,0.95,0.05,15.34,1.12,1.31
2015-11-23,2003.7,13.84,0.7,15.45,1.12,1.3
2015-11-24,2016.29,12.59,0.63,15.55,1.13,1.29
2015-11-25,2009.42,-6.87,-0.34,15.49,1.13,1.3
2015-11-26,2030.68,21.26,1.06,15.66,1.14,1.28
2015-11-27,2028.99,-1.69,-0.08,15.64,1.14,1.28
2015-11-30,1991.97,-37.02,-1.82,15.36,1.12,1.31
2015-12-01,2023.93,31.96,1.6,15.57,1.14,1.29
2015-12-02,2009.29,-14.64,-0.72,15.46,1.13,1.3
2015-12-03,1994.07,-15.22,-0.76,15.34,1.12,1.31
2015-12-04,1974.4,-19.67,-0.99,15.15,1.11,1.32
2015-12-07,1963.67,-10.73,-0.54,15.07,1.1,1.33
2015-12-08,1949.04,-14.63,-0.75,14.96,1.09,1.34
2015-12-09,1948.24,-0.8,-0.04,14.97,1.09,1.34
2015-12-10,1952.07,3.83,0.2,15,1.1,1.33
2015-12-11,1948.62,-3.45,-0.18,14.97,1.09,1.34
2015-12-14,1927.82,-20.8,-1.07,14.81,1.08,1.35
2015-12-15,1932.97,5.15,0.27,14.85,1.09,1.35
2015-12-16,1969.4,36.43,1.88,15.13,1.11,1.32
2015-12-17,1977.96,8.56,0.43,15.2,1.11,1.32
2015-12-18,1975.32,-2.64,-0.13,15.18,1.11,1.32
2015-12-21,1981.19,5.87,0.3,15.22,1.11,1.31
2015-12-22,1992.56,11.37,0.57,15.31,1.12,1.31
2015-12-23,1999.22,6.66,0.33,15.36,1.12,1.3
2015-12-24,1990.65,-8.57,-0.43,15.3,1.12,1.31
2015-12-28,1964.06,-26.59,-1.34,15.09,1.1,1.32
2015-12-29,1966.31,2.25,0.11,15.11,1.1,1.32
2015-12-30,1961.31,-5,-0.25,15.07,1.1,1.33
2016-01-04,1918.76,-42.55,-2.17,14.74,1.08,1.36
2016-01-05,1930.53,11.77,0.61,14.83,1.08,1.35
2016-01-06,1925.43,-5.1,-0.26,14.79,1.08,1.35
2016-01-07,1904.33,-21.1,-1.1,14.63,1.07,1.37
2016-01-08,1917.62,13.29,0.7,14.73,1.08,1.36
2016-01-11,1894.84,-22.78,-1.19,14.55,1.06,1.38
2016-01-12,1890.86,-3.98,-0.21,14.52,1.06,1.38
2016-01-13,1916.28,25.42,1.34,14.72,1.07,1.36
2016-01-14,1900.01,-16.27,-0.85,14.59,1.07,1.37
2016-01-15,1878.87,-21.14,-1.11,14.43,1.05,1.39
2016-01-18,1878.45,-0.42,-0.02,14.43,1.05,1.39
2016-01-19,1889.64,11.19,0.6,14.51,1.06,1.38
2016-01-20,1845.45,-44.19,-2.34,14.17,1.03,1.41
2016-01-21,1840.53,-4.92,-0.27,14.13,1.03,1.42
2016-01-22,1879.43,38.9,2.11,14.42,1.05,1.39
2016-01-25,1893.43,14,0.74,14.53,1.06,1.38
2016-01-26,1871.69,-21.74,-1.15,14.36,1.05,1.39
2016-01-27,1897.87,26.18,1.4,14.56,1.06,1.37
2016-01-28,1906.94,9.07,0.48,14.63,1.07,1.37
2016-01-29,1912.06,5.12,0.27,14.7,1.07,1.36
2016-02-01,1924.82,12.76,0.67,14.8,1.08,1.35
2016-02-02,1906.6,-18.22,-0.95,14.66,1.07,1.37
2016-02-03,1890.67,-15.93,-0.84,14.54,1.06,1.38
2016-02-04,1916.26,25.59,1.35,14.59,1.07,1.36
2016-02-05,1917.79,1.53,0.08,14.75,1.08,1.36
2016-02-11,1861.54,-56.25,-2.93,15.17,1.05,1.4
2016-02-12,1835.28,-26.26,-1.41,14.95,1.03,1.42
2016-02-15,1862.2,26.92,1.47,15.18,1.05,1.4
2016-02-16,1888.3,26.1,1.4,15.39,1.06,1.38
2016-02-17,1883.94,-4.36,-0.23,15.35,1.06,1.38
2016-02-18,1908.84,24.9,1.32,15.56,1.07,1.36
2016-02-19,1916.24,7.4,0.39,15.62,1.08,1.36
2016-02-22,1916.36,0.12,0.01,15.62,1.08,1.36
2016-02-23,1914.22,-2.14,-0.11,15.6,1.08,1.36
2016-02-24,1912.53,-1.69,-0.09,15.59,1.08,1.36
2016-02-25,1918.57,6.04,0.32,15.64,1.08,1.36
2016-02-26,1920.16,1.59,0.08,15.66,1.08,1.35
2016-02-29,1916.66,-3.5,-0.18,15.63,1.08,1.36
2016-03-02,1947.42,30.76,1.6,15.88,1.1,1.33
2016-03-03,1958.17,10.75,0.55,15.97,1.1,1.33
2016-03-04,1955.63,-2.54,-0.13,15.95,1.1,1.33
2016-03-07,1957.87,2.24,0.11,15.83,1.1,1.33
2016-03-08,1946.12,-11.75,-0.6,15.73,1.1,1.34
2016-03-09,1952.95,6.83,0.35,15.79,1.1,1.33
2016-03-10,1969.33,16.38,0.84,15.92,1.11,1.32
2016-03-11,1971.41,2.08,0.11,15.93,1.11,1.32
2016-03-14,1972.27,0.86,0.04,15.94,1.11,1.32
2016-03-15,1969.97,-2.3,-0.12,15.91,1.11,1.32
2016-03-16,1974.9,4.93,0.25,15.95,1.11,1.32
2016-03-17,1987.99,13.09,0.66,16.05,1.12,1.31
2016-03-18,1992.12,4.13,0.21,16.19,1.12,1.3
2016-03-21,1989.76,-2.36,-0.12,16.15,1.12,1.3
2016-03-22,1996.81,7.05,0.35,16.21,1.12,1.3
2016-03-23,1995.12,-1.69,-0.08,16.19,1.12,1.3
2016-03-24,1985.97,-9.15,-0.46,16.12,1.12,1.31
2016-03-25,1983.81,-2.16,-0.11,16.1,1.12,1.31
2016-03-28,1982.54,-1.27,-0.06,16.09,1.12,1.31
2016-03-29,1994.91,12.37,0.62,16.19,1.12,1.3
2016-03-30,2002.14,7.23,0.36,16.26,1.13,1.3
2016-03-31,1995.85,-6.29,-0.31,16.2,1.12,1.3
2016-04-01,1973.57,-22.28,-1.12,16.02,1.11,1.32
2016-04-04,1978.97,5.4,0.27,16.06,1.11,1.31
2016-04-05,1962.74,-16.23,-0.82,15.93,1.11,1.32
2016-04-06,1971.32,8.58,0.44,16,1.11,1.32
2016-04-07,1973.89,2.57,0.13,16.02,1.11,1.32
2016-04-08,1972.05,-1.84,-0.09,16.01,1.11,1.32
2016-04-11,1970.37,-1.68,-0.09,16,1.11,1.32
2016-04-12,1981.32,10.95,0.56,16.09,1.12,1.31
2016-04-14,2015.93,34.61,1.75,16.39,1.14,1.29
2016-04-15,2014.71,-1.22,-0.06,16.38,1.14,1.29
2016-04-18,2009.1,-5.61,-0.28,16.34,1.13,1.29
2016-04-19,2011.36,2.26,0.11,16.35,1.13,1.29
2016-04-20,2005.83,-5.53,-0.27,16.31,1.13,1.3
2016-04-21,2022.1,16.27,0.81,16.45,1.14,1.29
2016-04-22,2015.49,-6.61,-0.33,16.39,1.14,1.29
2016-04-25,2014.55,-0.94,-0.05,16.38,1.13,1.29
2016-04-26,2019.63,5.08,0.25,16.42,1.14,1.29
2016-04-27,2015.4,-4.23,-0.21,16.38,1.14,1.29
2016-04-28,2000.93,-14.47,-0.72,16.26,1.13,1.3
2016-04-29,1994.15,-6.78,-0.34,16.21,1.12,1.28
2016-05-02,1978.15,-16,-0.8,13.86,1.04,1.69
2016-05-03,1986.41,8.26,0.42,13.92,1.05,1.68
2016-05-04,1976.71,-9.7,-0.49,13.85,1.04,1.69
2016-05-09,1967.81,-8.9,-0.45,13.79,1.04,1.7
2016-05-10,1982.5,14.69,0.75,13.89,1.05,1.68
2016-05-11,1980.1,-2.4,-0.12,13.87,1.04,1.69
2016-05-12,1977.49,-2.61,-0.13,13.86,1.04,1.69
2016-05-13,1966.99,-10.5,-0.53,13.79,1.04,1.7
2016-05-16,1967.91,0.92,0.05,13.79,1.04,1.7
2016-05-17,1968.06,0.15,0.01,13.8,1.04,1.7
2016-05-18,1956.73,-11.33,-0.58,13.72,1.03,1.71
2016-05-19,1946.78,-9.95,-0.51,13.65,1.03,1.71
2016-05-20,1947.67,0.89,0.05,13.66,1.03,1.71
2016-05-23,1955.25,7.58,0.39,13.71,1.03,1.71
2016-05-24,1937.68,-17.57,-0.9,13.59,1.02,1.72
2016-05-25,1960.51,22.83,1.18,13.75,1.03,1.7
2016-05-26,1957.06,-3.45,-0.18,13.73,1.03,1.7
2016-05-27,1969.17,12.11,0.62,13.81,1.04,1.69
2016-05-30,1967.13,-2.04,-0.1,13.8,1.04,1.7
2016-05-31,1983.4,16.27,0.83,13.91,1.05,1.68
2016-06-01,1982.72,-0.68,-0.03,13.91,1.05,1.68
2016-06-02,1985.11,2.39,0.12,13.92,1.05,1.68
2016-06-03,1985.84,0.73,0.04,13.93,1.05,1.68
2016-06-07,2011.63,25.79,1.3,14.11,1.06,1.66
2016-06-08,2027.08,15.45,0.77,14.22,1.07,1.65
2016-06-09,2024.17,-2.91,-0.14,14.2,1.07,1.65
2016-06-10,2017.63,-6.54,-0.32,14.15,1.06,1.65
2016-06-13,1979.06,-38.57,-1.91,13.88,1.04,1.69
2016-06-14,1972.03,-7.03,-0.36,13.83,1.04,1.69
2016-06-15,1968.83,-3.2,-0.16,13.81,1.04,1.69
2016-06-16,1951.99,-16.84,-0.86,13.69,1.03,1.71
2016-06-17,1953.4,1.41,0.07,13.7,1.03,1.71
2016-06-20,1981.12,27.72,1.42,13.9,1.05,1.68
2016-06-21,1982.7,1.58,0.08,13.92,1.05,1.68
2016-06-22,1992.58,9.88,0.5,13.99,1.05,1.67
2016-06-23,1986.71,-5.87,-0.29,13.94,1.05,1.68
2016-06-24,1925.24,-61.47,-3.09,13.51,1.02,1.73
2016-06-27,1926.85,1.61,0.08,13.52,1.02,1.73
2016-06-28,1936.22,9.37,0.49,13.59,1.02,1.72
2016-06-29,1956.36,20.14,1.04,13.73,1.03,1.7
2016-06-30,1970.35,13.99,0.72,13.83,1.04,1.69
2016-07-01,1987.32,16.97,0.86,13.95,1.05,1.68
2016-07-04,1995.3,7.98,0.4,14.01,1.05,1.67
2016-07-05,1989.85,-5.45,-0.27,13.97,1.05,1.67
2016-07-06,1953.12,-36.73,-1.85,13.71,1.03,1.71
2016-07-07,1974.08,20.96,1.07,13.86,1.04,1.69
2016-07-08,1963.1,-10.98,-0.56,13.78,1.04,1.7
2016-07-11,1988.54,25.44,1.3,13.96,1.05,1.68
2016-07-12,1991.23,2.69,0.14,13.98,1.05,1.67
2016-07-13,2005.55,14.32,0.72,14.08,1.06,1.66
2016-07-14,2008.77,3.22,0.16,14.1,1.06,1.66
2016-07-15,2017.26,8.49,0.42,14.18,1.07,1.65
2016-07-18,2021.11,3.85,0.19,14.21,1.07,1.65
2016-07-19,2016.89,-4.22,-0.21,14.18,1.07,1.65
2016-07-20,2015.46,-1.43,-0.07,14.17,1.07,1.65
2016-07-21,2012.22,-3.24,-0.16,14.15,1.06,1.66
2016-07-22,2010.34,-1.88,-0.09,14.13,1.06,1.66
2016-07-25,2012.32,1.98,0.1,14.15,1.06,1.66
2016-07-26,2027.34,15.02,0.75,14.25,1.07,1.64
2016-07-27,2025.05,-2.29,-0.11,14.24,1.07,1.65
2016-07-28,2021.1,-3.95,-0.2,14.21,1.07,1.65
2016-07-29,2016.19,-4.91,-0.24,14.19,1.07,1.65
2016-08-01,2029.61,13.42,0.67,14.28,1.07,1.64
2016-08-02,2019.03,-10.58,-0.52,14.2,1.07,1.65
2016-08-03,1994.79,-24.24,-1.2,14.03,1.06,1.67
2016-08-04,2000.03,5.24,0.26,14.07,1.06,1.67
2016-08-05,2017.94,17.91,0.9,14.2,1.07,1.65
2016-08-08,2031.12,13.18,0.65,14.29,1.07,1.64
2016-08-09,2043.78,12.66,0.62,14.38,1.08,1.63
2016-08-10,2044.64,0.86,0.04,14.39,1.08,1.63
2016-08-11,2048.8,4.16,0.2,14.42,1.08,1.63
2016-08-12,2050.47,1.67,0.08,14.43,1.09,1.62
2016-08-16,2047.76,-2.71,-0.13,14.41,1.08,1.63
2016-08-17,2043.75,-4.01,-0.2,14.38,1.08,1.63
2016-08-18,2055.47,11.72,0.57,14.47,1.09,1.62
2016-08-19,2056.24,0.77,0.04,14.47,1.09,1.62
2016-08-22,2042.16,-14.08,-0.68,14.37,1.08,1.63
2016-08-23,2049.93,7.77,0.38,14.43,1.08,1.62
2016-08-24,2043.76,-6.17,-0.3,14.38,1.08,1.63
2016-08-25,2042.92,-0.84,-0.04,14.38,1.08,1.63
2016-08-26,2037.5,-5.42,-0.27,14.34,1.08,1.63
2016-08-29,2032.35,-5.15,-0.25,14.3,1.08,1.64
2016-08-30,2039.74,7.39,0.36,14.36,1.08,1.63
2016-08-31,2034.65,-5.09,-0.25,14.32,1.08,1.64
2016-09-01,2032.72,-1.93,-0.09,14.29,1.08,1.64
2016-09-02,2038.31,5.59,0.28,14.33,1.08,1.63
2016-09-05,2060.08,21.77,1.07,14.49,1.09,1.62
2016-09-06,2066.53,6.45,0.31,14.53,1.09,1.61
2016-09-07,2061.88,-4.65,-0.23,14.5,1.09,1.62
2016-09-08,2063.73,1.85,0.09,14.51,1.09,1.61
2016-09-09,2037.87,-25.86,-1.25,14.33,1.08,1.63
2016-09-12,1991.48,-46.39,-2.28,14.01,1.05,1.67
2016-09-13,1999.36,7.88,0.4,14.06,1.06,1.67
2016-09-19,2015.78,16.42,0.82,14.18,1.07,1.65
2016-09-20,2025.71,9.93,0.49,14.25,1.07,1.64
2016-09-21,2035.99,10.28,0.51,14.32,1.08,1.64
2016-09-22,2049.7,13.71,0.67,14.42,1.09,1.62
2016-09-23,2054.07,4.37,0.21,14.46,1.09,1.62
2016-09-26,2047.11,-6.96,-0.34,14.41,1.08,1.63
2016-09-27,2062.82,15.71,0.77,14.52,1.09,1.61
2016-09-28,2053.06,-9.76,-0.47,14.45,1.09,1.62
2016-09-29,2068.72,15.66,0.76,14.56,1.1,1.61
2016-09-30,2043.63,-25.09,-1.21,14.51,1.08,1.63
2016-10-04,2054.86,11.23,0.55,13.33,1.01,1.53
2016-10-05,2053,-1.86,-0.09,13.32,1.01,1.53
2016-10-06,2065.3,12.3,0.6,13.4,1.02,1.52
2016-10-07,2053.8,-11.5,-0.56,13.33,1.01,1.53
2016-10-10,2056.82,3.02,0.15,13.33,1.01,1.53
2016-10-11,2031.93,-24.89,-1.21,13.17,1,1.55
2016-10-12,2033.73,1.8,0.09,13.18,1,1.55
2016-10-13,2015.44,-18.29,-0.9,13.06,0.99,1.56
2016-10-14,2022.66,7.22,0.36,13.11,0.99,1.56
2016-10-17,2027.61,4.95,0.24,13.15,1,1.55
2016-10-18,2040.43,12.82,0.63,13.24,1.01,1.54
2016-10-19,2040.94,0.51,0.02,13.24,1.01,1.54
2016-10-20,2040.6,-0.34,-0.02,13.24,1.01,1.54
2016-10-21,2033,-7.6,-0.37,13.19,1,1.54
2016-10-24,2047.74,14.74,0.73,13.29,1.01,1.53
2016-10-25,2037.17,-10.57,-0.52,13.22,1,1.54
2016-10-26,2013.89,-23.28,-1.14,13.07,0.99,1.56
2016-10-27,2024.12,10.23,0.51,13.13,1,1.55
2016-10-28,2019.42,-4.7,-0.23,13.1,1,1.55
2016-10-31,2008.19,-11.23,-0.56,13.03,0.99,1.56
2016-11-01,2007.39,-0.8,-0.04,13.02,0.99,1.56
2016-11-02,1978.94,-28.45,-1.42,12.84,0.98,1.58
2016-11-03,1983.8,4.86,0.25,12.87,0.98,1.58
2016-11-04,1982.02,-1.78,-0.09,12.86,0.98,1.58
2016-11-07,1997.58,15.56,0.79,12.96,0.99,1.57
2016-11-08,2003.38,5.8,0.29,13,0.99,1.56
2016-11-09,1958.38,-45,-2.25,12.71,0.97,1.6
2016-11-10,2002.6,44.22,2.26,13,0.99,1.56
2016-11-11,1984.43,-18.17,-0.91,12.72,0.98,1.57
2016-11-14,1974.4,-10.03,-0.51,12.66,0.98,1.58
2016-11-15,1967.53,-6.87,-0.35,12.61,0.98,1.58
2016-11-16,1979.65,12.12,0.62,12.69,0.98,1.57
2016-11-17,1980.55,0.9,0.05,12.7,0.98,1.57
2016-11-18,1974.58,-5.97,-0.3,12.66,0.98,1.57
2016-11-21,1966.05,-8.53,-0.43,12.62,0.98,1.58
2016-11-22,1983.47,17.42,0.89,12.74,0.98,1.56
2016-11-23,1987.95,4.48,0.23,12.77,0.99,1.56
2016-11-24,1971.26,-16.69,-0.84,12.66,0.98,1.57
2016-11-25,1974.46,3.2,0.16,12.68,0.98,1.57
2016-11-28,1978.13,3.67,0.19,12.7,0.98,1.57
2016-11-29,1978.39,0.26,0.01,12.71,0.98,1.57
2016-11-30,1983.48,5.09,0.26,12.74,0.98,1.56
2016-12-01,1983.75,0.27,0.01,13.59,0.97,1.56
2016-12-02,1970.61,-13.14,-0.66,13.5,0.97,1.57
2016-12-05,1963.36,-7.25,-0.37,13.45,0.96,1.58
2016-12-06,1989.86,26.5,1.35,13.63,0.97,1.56
2016-12-07,1991.89,2.03,0.1,13.65,0.98,1.56
2016-12-08,2031.07,39.18,1.97,13.92,1,1.53
2016-12-09,2024.69,-6.38,-0.31,13.87,0.99,1.53
2016-12-12,2027.24,2.55,0.13,13.89,0.99,1.53
2016-12-13,2035.98,8.74,0.43,13.95,1,1.52
2016-12-14,2036.87,0.89,0.04,13.96,1,1.52
2016-12-15,2036.65,-0.22,-0.01,13.96,1,1.52
2016-12-16,2042.24,5.59,0.27,14,1,1.52
2016-12-19,2038.39,-3.85,-0.19,13.97,1,1.52
2016-12-20,2041.94,3.55,0.17,13.99,1,1.52
2016-12-21,2037.96,-3.98,-0.19,13.99,1,1.52
2016-12-22,2035.73,-2.23,-0.11,13.98,1,1.52
2016-12-23,2035.9,0.17,0.01,13.98,1,1.52
2016-12-26,2037.75,1.85,0.09,13.99,1,1.52
2016-12-27,2042.17,4.42,0.22,14.03,1,1.51
2016-12-28,2024.49,-17.68,-0.87,13.91,1,1.53
2016-12-29,2026.46,1.97,0.1,13.92,1,1.52
2017-01-02,2026.16,-0.3,-0.01,13.92,1,1.52
2017-01-03,2043.97,17.81,0.88,14.04,1.01,1.51
2017-01-04,2045.64,1.67,0.08,14.05,1.01,1.51
2017-01-05,2041.95,-3.69,-0.18,14.03,1,1.51
2017-01-06,2049.12,7.17,0.35,14.08,1.01,1.51
2017-01-09,2048.78,-0.34,-0.02,14.07,1.01,1.51
2017-01-10,2045.12,-3.66,-0.18,14.05,1.01,1.51
2017-01-11,2075.17,30.05,1.47,14.26,1.02,1.49
2017-01-12,2087.14,11.97,0.58,14.34,1.03,1.48
2017-01-13,2076.79,-10.35,-0.5,14.27,1.02,1.49
2017-01-16,2064.17,-12.62,-0.61,14.18,1.01,1.5
2017-01-17,2071.87,7.7,0.37,14.23,1.02,1.49
2017-01-18,2070.54,-1.33,-0.06,14.22,1.02,1.49
2017-01-19,2072.79,2.25,0.11,14.24,1.02,1.49
2017-01-20,2065.61,-7.18,-0.35,14.19,1.02,1.5
2017-01-23,2065.99,0.38,0.02,14.2,1.02,1.5
2017-01-24,2065.76,-0.23,-0.01,14.2,1.02,1.49
2017-01-25,2066.94,1.18,0.06,14.21,1.02,1.49
2017-01-26,2083.59,16.65,0.81,14.32,1.03,1.48
2017-01-31,2067.57,-16.02,-0.77,14.22,1.02,1.49
2017-02-01,2080.48,12.91,0.62,14.3,1.02,1.48
2017-02-02,2071.01,-9.47,-0.46,14.24,1.02,1.49
2017-02-03,2073.16,2.15,0.1,14.25,1.02,1.49
2017-02-06,2077.66,4.5,0.22,14.28,1.02,1.49
2017-02-07,2075.21,-2.45,-0.12,14.27,1.02,1.49
2017-02-08,2065.08,-10.13,-0.49,14.2,1.02,1.49
2017-02-09,2065.88,0.8,0.04,14.2,1.02,1.49
2017-02-10,2075.08,9.2,0.45,14.26,1.02,1.49
2017-02-13,2078.65,3.57,0.17,14.29,1.02,1.48
2017-02-14,2074.57,-4.08,-0.2,14.26,1.02,1.49
2017-02-15,2083.86,9.29,0.45,14.33,1.03,1.48
2017-02-16,2081.84,-2.02,-0.1,14.31,1.02,1.48
2017-02-17,2080.58,-1.26,-0.06,14.3,1.02,1.48
2017-02-20,2084.39,3.81,0.18,14.33,1.03,1.48
2017-02-21,2102.93,18.54,0.89,14.46,1.04,1.47
2017-02-22,2106.61,3.68,0.17,14.48,1.04,1.47
2017-02-23,2107.63,1.02,0.05,14.49,1.04,1.46
2017-02-24,2094.12,-13.51,-0.64,14.4,1.03,1.47
2017-02-27,2085.52,-8.6,-0.41,14.34,1.03,1.48
2017-02-28,2091.64,6.12,0.29,14.38,1.03,1.48
2017-03-02,2102.65,11.01,0.53,14.46,1.04,1.47
2017-03-03,2078.75,-23.9,-1.14,14.29,1.02,1.48
2017-03-06,2081.36,2.61,0.13,14.31,1.02,1.48
2017-03-07,2094.05,12.69,0.61,14.4,1.03,1.47
2017-03-08,2095.41,1.36,0.06,14.41,1.03,1.47
2017-03-09,2091.06,-4.35,-0.21,14.38,1.03,1.48
2017-03-10,2097.35,6.29,0.3,14.42,1.03,1.47
2017-03-13,2117.59,20.24,0.97,14.56,1.04,1.46
2017-03-14,2133.78,16.19,0.76,14.67,1.05,1.45
2017-03-15,2133,-0.78,-0.04,14.66,1.05,1.45
2017-03-16,2150.08,17.08,0.8,14.78,1.06,1.43
2017-03-17,2164.58,14.5,0.67,14.91,1.07,1.42
2017-03-20,2157.01,-7.57,-0.35,14.86,1.06,1.43
2017-03-21,2178.38,21.37,0.99,15.01,1.07,1.41
2017-03-22,2168.3,-10.08,-0.46,14.94,1.07,1.42
2017-03-23,2172.72,4.42,0.2,14.97,1.07,1.42
2017-03-24,2168.95,-3.77,-0.17,14.88,1.07,1.42
2017-03-27,2155.66,-13.29,-0.61,14.79,1.06,1.43
2017-03-28,2163.31,7.65,0.35,14.84,1.07,1.42
2017-03-29,2166.98,3.67,0.17,14.87,1.07,1.42
2017-03-30,2164.64,-2.34,-0.11,14.76,1.06,1.42
2017-03-31,2160.23,-4.41,-0.2,14.73,1.06,1.43
2017-04-03,2167.51,7.28,0.34,14.78,1.07,1.42
2017-04-04,2161.1,-6.41,-0.3,14.73,1.06,1.43
2017-04-05,2160.85,-0.25,-0.01,14.73,1.06,1.43
2017-04-06,2152.75,-8.1,-0.37,14.68,1.06,1.43
2017-04-07,2151.73,-1.02,-0.05,14.67,1.06,1.43
2017-04-10,2133.32,-18.41,-0.86,14.54,1.05,1.45
2017-04-11,2123.85,-9.47,-0.44,14.49,1.04,1.45
2017-04-12,2128.91,5.06,0.24,14.52,1.05,1.45
2017-04-13,2148.61,19.7,0.93,14.65,1.06,1.43
2017-04-14,2134.88,-13.73,-0.64,14.56,1.05,1.44
2017-04-17,2145.76,10.88,0.51,14.63,1.06,1.44
2017-04-18,2148.46,2.7,0.13,14.65,1.06,1.43
2017-04-19,2138.4,-10.06,-0.47,14.58,1.05,1.44
2017-04-20,2149.15,10.75,0.5,14.66,1.06,1.43
2017-04-21,2165.04,15.89,0.74,14.74,1.06,1.43
2017-04-24,2173.74,8.7,0.4,14.8,1.07,1.42
2017-04-25,2196.85,23.11,1.06,14.96,1.08,1.41
2017-04-26,2207.84,10.99,0.5,15.04,1.08,1.4
2017-04-27,2209.46,1.62,0.07,15.05,1.09,1.4
2017-04-28,2205.44,-4.02,-0.18,15.02,1.08,1.4
2017-05-02,2219.67,14.23,0.65,14.73,1.06,1.51
2017-05-04,2241.24,21.57,0.97,14.87,1.08,1.49
2017-05-08,2292.76,51.52,2.3,15.22,1.1,1.46
2017-05-10,2270.12,-22.64,-0.99,15.07,1.09,1.47
2017-05-11,2296.37,26.25,1.16,15.22,1.1,1.46
2017-05-12,2286.02,-10.35,-0.45,15.14,1.09,1.48
2017-05-15,2290.65,4.63,0.2,15.29,1.11,1.46
2017-05-16,2295.33,4.68,0.2,15.33,1.11,1.45
2017-05-17,2293.08,-2.25,-0.1,15.31,1.11,1.46
2017-05-18,2286.82,-6.26,-0.27,15.27,1.1,1.46
2017-05-19,2288.48,1.66,0.07,15.28,1.1,1.46
2017-05-22,2304.03,15.55,0.68,15.38,1.11,1.45
2017-05-23,2311.74,7.71,0.33,15.21,1.1,1.47
2017-05-24,2317.34,5.6,0.24,15.25,1.1,1.46
2017-05-25,2342.93,25.59,1.1,15.41,1.11,1.45
2017-05-26,2355.3,12.37,0.53,15.5,1.12,1.44
2017-05-29,2352.97,-2.33,-0.1,15.48,1.12,1.44
2017-05-30,2343.68,-9.29,-0.39,15.42,1.12,1.45
2017-05-31,2347.38,3.7,0.16,15.45,1.12,1.44
2017-06-01,2344.61,-2.77,-0.12,14.17,1.12,1.44
2017-06-02,2371.72,27.11,1.16,14.33,1.13,1.43
2017-06-05,2368.62,-3.1,-0.13,14.32,1.13,1.43
2017-06-07,2360.14,-8.48,-0.36,14.27,1.13,1.44
2017-06-08,2363.57,3.43,0.15,14.28,1.13,1.43
2017-06-09,2381.69,18.12,0.77,14.39,1.14,1.42
2017-06-12,2357.87,-23.82,-1,14.25,1.13,1.44
2017-06-13,2374.7,16.83,0.71,14.35,1.14,1.43
2017-06-14,2372.64,-2.06,-0.09,14.34,1.13,1.43
2017-06-15,2361.65,-10.99,-0.46,14.27,1.13,1.43
2017-06-16,2361.83,0.18,0.01,14.27,1.13,1.43
2017-06-19,2370.9,9.07,0.38,14.33,1.13,1.43
2017-06-20,2369.23,-1.67,-0.07,14.32,1.13,1.43
2017-06-21,2357.53,-11.7,-0.49,14.25,1.13,1.44
2017-06-22,2370.37,12.84,0.54,14.33,1.13,1.43
2017-06-23,2378.6,8.23,0.35,14.38,1.14,1.42
2017-06-26,2388.66,10.06,0.42,14.44,1.14,1.42
2017-06-27,2391.95,3.29,0.14,14.46,1.14,1.42
2017-06-28,2382.56,-9.39,-0.39,14.4,1.14,1.42
2017-06-29,2395.66,13.1,0.55,14.48,1.15,1.41
2017-06-30,2391.79,-3.87,-0.16,14.46,1.14,1.42
2017-07-03,2394.48,2.69,0.11,14.47,1.15,1.41
2017-07-04,2380.52,-13.96,-0.58,14.39,1.14,1.42
2017-07-05,2388.35,7.83,0.33,14.44,1.14,1.42
2017-07-06,2387.81,-0.54,-0.02,14.43,1.14,1.42
2017-07-07,2379.87,-7.94,-0.33,14.38,1.14,1.42
2017-07-10,2382.1,2.23,0.09,14.41,1.14,1.42
2017-07-11,2396,13.9,0.58,14.5,1.15,1.41
2017-07-12,2391.77,-4.23,-0.18,14.47,1.14,1.41
2017-07-13,2409.49,17.72,0.74,14.58,1.15,1.4
2017-07-14,2414.63,5.14,0.21,14.61,1.15,1.4
2017-07-17,2425.1,10.47,0.43,14.67,1.16,1.39
2017-07-18,2426.04,0.94,0.04,14.67,1.16,1.39
2017-07-19,2429.94,3.9,0.16,14.7,1.16,1.39
2017-07-20,2441.84,11.9,0.49,14.77,1.17,1.39
2017-07-21,2450.06,8.22,0.34,14.85,1.17,1.38
2017-07-24,2451.53,1.47,0.06,14.86,1.17,1.38
2017-07-25,2439.9,-11.63,-0.47,14.79,1.17,1.39
2017-07-26,2434.51,-5.39,-0.22,14.76,1.16,1.39
2017-07-27,2443.24,8.73,0.36,14.81,1.17,1.38
2017-07-28,2400.99,-42.25,-1.73,14.55,1.15,1.41
2017-07-31,2402.71,1.72,0.07,14.56,1.15,1.41
2017-08-01,2422.96,20.25,0.84,14.68,1.16,1.4
2017-08-02,2427.63,4.67,0.19,14.69,1.16,1.4
2017-08-03,2386.85,-40.78,-1.68,14.44,1.14,1.42
2017-08-04,2395.45,8.6,0.36,14.49,1.14,1.41
2017-08-07,2398.75,3.3,0.14,14.51,1.14,1.41
2017-08-08,2394.73,-4.02,-0.17,14.49,1.14,1.42
2017-08-09,2368.39,-26.34,-1.1,14.32,1.13,1.43
2017-08-10,2359.47,-8.92,-0.38,14.27,1.13,1.44
2017-08-11,2319.71,-39.76,-1.69,14.03,1.11,1.46
2017-08-14,2334.22,14.51,0.63,14.11,1.11,1.45
2017-08-16,2348.26,14.04,0.6,14.2,1.12,1.44
2017-08-17,2361.67,13.41,0.57,14.29,1.13,1.43
2017-08-18,2358.37,-3.3,-0.14,14.27,1.13,1.44
2017-08-21,2355,-3.37,-0.14,14.25,1.12,1.44
2017-08-22,2365.33,10.33,0.44,14.31,1.13,1.43
2017-08-23,2366.4,1.07,0.05,14.32,1.13,1.43
2017-08-24,2375.84,9.44,0.4,14.38,1.13,1.43
2017-08-25,2378.51,2.67,0.11,14.41,1.14,1.42
2017-08-28,2370.3,-8.21,-0.35,14.36,1.13,1.43
2017-08-29,2364.74,-5.56,-0.23,14.33,1.13,1.43
2017-08-30,2372.29,7.55,0.32,14.37,1.13,1.43
2017-08-31,2363.19,-9.1,-0.38,14.32,1.13,1.43
2017-09-01,2357.69,-5.5,-0.23,13.27,1.08,1.43
2017-09-04,2329.65,-28.04,-1.19,13.11,1.07,1.45
2017-09-05,2326.62,-3.03,-0.13,13.1,1.07,1.45
2017-09-06,2319.82,-6.8,-0.29,13.06,1.06,1.45
2017-09-07,2346.19,26.37,1.14,13.21,1.08,1.44
2017-09-08,2343.72,-2.47,-0.11,13.2,1.07,1.44
2017-09-11,2359.08,15.36,0.66,13.29,1.08,1.43
2017-09-12,2365.47,6.39,0.27,13.32,1.08,1.43
2017-09-13,2360.18,-5.29,-0.22,13.29,1.08,1.43
2017-09-14,2377.66,17.48,0.74,13.39,1.09,1.42
2017-09-15,2386.07,8.41,0.35,13.52,1.1,1.41
2017-09-18,2418.21,32.14,1.35,13.7,1.11,1.39
2017-09-19,2416.05,-2.16,-0.09,13.69,1.11,1.39
2017-09-20,2412.2,-3.85,-0.16,13.67,1.11,1.39
2017-09-21,2406.5,-5.7,-0.24,13.63,1.1,1.39
2017-09-22,2388.71,-17.79,-0.74,13.53,1.1,1.4
2017-09-25,2380.4,-8.31,-0.35,13.49,1.09,1.41
2017-09-26,2374.32,-6.08,-0.26,13.46,1.09,1.41
2017-09-27,2372.57,-1.75,-0.07,13.45,1.09,1.41
2017-09-28,2373.14,0.57,0.02,13.45,1.09,1.41
2017-09-29,2394.47,21.33,0.9,13.58,1.1,1.4
2017-10-10,2433.81,39.34,1.64,13.8,1.12,1.38
2017-10-11,2458.16,24.35,1,13.94,1.13,1.36
2017-10-12,2474.76,16.6,0.68,14.03,1.14,1.35
2017-10-13,2473.62,-1.14,-0.05,14.05,1.14,1.35
2017-10-16,2480.05,6.43,0.26,14.09,1.14,1.35
2017-10-17,2484.37,4.32,0.17,14.11,1.14,1.35
2017-10-18,2482.91,-1.46,-0.06,14.11,1.14,1.35
2017-10-19,2473.06,-9.85,-0.4,14.05,1.14,1.35
2017-10-20,2489.54,16.48,0.67,14.14,1.14,1.35
2017-10-23,2490.05,0.51,0.02,14.15,1.14,1.35
2017-10-24,2490.49,0.44,0.02,14.15,1.14,1.35
2017-10-25,2492.5,2.01,0.08,14.16,1.15,1.34
2017-10-26,2480.63,-11.87,-0.48,14.09,1.14,1.35
2017-10-27,2496.63,16,0.64,14.19,1.15,1.34
2017-10-30,2501.93,5.3,0.21,14.22,1.15,1.34
2017-10-31,2523.43,21.5,0.86,14.34,1.16,1.33
2017-11-01,2556.47,33.04,1.31,14.53,1.18,1.31
2017-11-02,2546.36,-10.11,-0.4,14.48,1.17,1.31
2017-11-03,2557.97,11.61,0.46,14.53,1.18,1.31
2017-11-06,2549.41,-8.56,-0.33,14.48,1.17,1.31
2017-11-07,2545.44,-3.97,-0.16,14.46,1.17,1.32
2017-11-08,2552.4,6.96,0.27,14.5,1.17,1.31
2017-11-09,2550.57,-1.83,-0.07,14.49,1.17,1.31
2017-11-10,2542.95,-7.62,-0.3,14.44,1.17,1.32
2017-11-13,2530.35,-12.6,-0.5,14.37,1.16,1.32
2017-11-14,2526.64,-3.71,-0.15,14.35,1.16,1.33
2017-11-15,2518.25,-8.39,-0.33,14.3,1.16,1.33
2017-11-16,2534.79,16.54,0.66,14.4,1.16,1.32
2017-11-17,2533.99,-0.8,-0.03,14.39,1.16,1.32
2017-11-20,2527.67,-6.32,-0.25,14.36,1.16,1.33
2017-11-21,2530.7,3.03,0.12,14.38,1.16,1.32
2017-11-22,2540.51,9.81,0.39,14.43,1.17,1.32
2017-11-23,2537.15,-3.36,-0.13,14.41,1.17,1.32
2017-11-24,2544.33,7.18,0.28,14.45,1.17,1.32
2017-11-27,2507.81,-36.52,-1.44,14.25,1.15,1.34
2017-11-28,2514.19,6.38,0.25,14.28,1.16,1.33
2017-11-29,2512.9,-1.29,-0.05,14.28,1.15,1.33
2017-11-30,2476.37,-36.53,-1.45,14.06,1.14,1.35
2017-12-01,2475.41,-0.96,-0.04,13.05,1.12,1.35
2017-12-04,2501.67,26.26,1.06,13.18,1.13,1.34
2017-12-05,2510.12,8.45,0.34,13.23,1.13,1.33
2017-12-06,2474.37,-35.75,-1.42,13.04,1.11,1.35
2017-12-07,2461.98,-12.39,-0.5,12.98,1.11,1.36
2017-12-08,2464,2.02,0.08,13,1.11,1.36
2017-12-11,2471.49,7.49,0.3,13.01,1.11,1.36
2017-12-12,2461,-10.49,-0.42,12.95,1.11,1.36
2017-12-13,2480.55,19.55,0.79,13.06,1.12,1.35
2017-12-14,2469.48,-11.07,-0.45,13,1.11,1.36
2017-12-15,2482.07,12.59,0.51,13.06,1.12,1.35
2017-12-18,2481.88,-0.19,-0.01,13.06,1.12,1.35
2017-12-19,2478.53,-3.35,-0.13,13.05,1.11,1.35
2017-12-20,2472.37,-6.16,-0.25,13.01,1.11,1.36
2017-12-21,2429.83,-42.54,-1.72,12.79,1.09,1.38
2017-12-22,2440.54,10.71,0.44,12.85,1.1,1.37
2017-12-26,2427.34,-13.2,-0.54,12.78,1.09,1.38
2017-12-27,2436.67,9.33,0.38,12.83,1.1,1.38
2017-12-28,2467.49,30.82,1.26,12.99,1.11,1.36
2018-01-02,2479.65,12.16,0.49,13.06,1.12,1.35
2018-01-03,2486.35,6.7,0.27,13.09,1.12,1.35
2018-01-04,2466.46,-19.89,-0.8,12.99,1.11,1.36
2018-01-05,2497.52,31.06,1.26,13.15,1.12,1.34
2018-01-08,2513.28,15.76,0.63,13.23,1.13,1.34
2018-01-09,2510.23,-3.05,-0.12,13.21,1.13,1.34
2018-01-10,2499.75,-10.48,-0.42,13.15,1.12,1.34
2018-01-11,2487.91,-11.84,-0.47,13.09,1.12,1.35
2018-01-12,2496.42,8.51,0.34,13.13,1.12,1.35
2018-01-15,2503.73,7.31,0.29,13.16,1.12,1.34
2018-01-16,2521.74,18.01,0.72,13.26,1.13,1.33
2018-01-17,2515.43,-6.31,-0.25,13.23,1.13,1.34
2018-01-18,2515.81,0.38,0.02,13.23,1.13,1.34
2018-01-19,2520.26,4.45,0.18,13.25,1.13,1.33
2018-01-22,2502.11,-18.15,-0.72,13.16,1.12,1.34
2018-01-23,2536.6,34.49,1.38,13.34,1.14,1.32
2018-01-24,2538,1.4,0.06,13.34,1.14,1.32
2018-01-25,2562.23,24.23,0.95,13.47,1.15,1.31
2018-01-26,2574.76,12.53,0.49,13.53,1.16,1.3
2018-01-29,2598.19,23.43,0.91,13.66,1.17,1.29
2018-01-30,2567.74,-30.45,-1.17,13.49,1.15,1.31
2018-01-31,2566.46,-1.28,-0.05,13.5,1.15,1.31
2018-02-01,2568.54,2.08,0.08,13.52,1.15,1.31
2018-02-02,2525.39,-43.15,-1.68,13.29,1.14,1.33
2018-02-05,2491.75,-33.64,-1.33,13.12,1.12,1.35
2018-02-06,2453.31,-38.44,-1.54,12.91,1.1,1.37
2018-02-07,2396.56,-56.75,-2.31,12.61,1.08,1.4
2018-02-08,2407.62,11.06,0.46,12.66,1.08,1.4
2018-02-09,2363.77,-43.85,-1.82,12.67,1.08,1.39
2018-02-12,2385.38,21.61,0.91,12.79,1.09,1.38
2018-02-13,2395.19,9.81,0.41,12.84,1.1,1.37
2018-02-14,2421.83,26.64,1.11,12.99,1.11,1.36
2018-02-19,2442.82,20.99,0.87,13.1,1.12,1.34
2018-02-20,2415.12,-27.7,-1.13,12.95,1.11,1.36
2018-02-21,2429.65,14.53,0.6,13.03,1.11,1.35
2018-02-22,2414.28,-15.37,-0.63,12.95,1.11,1.36
2018-02-23,2451.52,37.24,1.54,13.15,1.12,1.34
2018-02-26,2457.65,6.13,0.25,13.18,1.13,1.34
2018-02-27,2456.14,-1.51,-0.06,13.17,1.13,1.34
2018-02-28,2427.36,-28.78,-1.17,13.02,1.11,1.35
2018-03-02,2402.16,-25.2,-1.04,12.89,1.1,1.37
2018-03-05,2375.06,-27.1,-1.13,12.74,1.09,1.38
2018-03-06,2411.41,36.35,1.53,12.94,1.11,1.36
2018-03-07,2401.82,-9.59,-0.4,12.9,1.1,1.37
2018-03-08,2433.08,31.26,1.3,13.06,1.12,1.35
2018-03-09,2459.45,26.37,1.08,13.21,1.13,1.33
2018-03-12,2484.12,24.67,1,13.34,1.14,1.32
2018-03-13,2494.49,10.37,0.42,13.39,1.15,1.31
2018-03-14,2486.08,-8.41,-0.34,13.35,1.14,1.32
2018-03-15,2492.38,6.3,0.25,13.38,1.14,1.32
2018-03-16,2493.97,1.59,0.06,13.37,1.15,1.31
2018-03-19,2475.03,-18.94,-0.76,13.27,1.14,1.32
2018-03-20,2485.52,10.49,0.42,13.31,1.14,1.32
2018-03-21,2484.97,-0.55,-0.02,13.31,1.14,1.32
2018-03-22,2496.02,11.05,0.44,13.37,1.15,1.31
2018-03-23,2416.76,-79.26,-3.18,12.96,1.11,1.35
2018-03-26,2437.08,20.32,0.84,13.08,1.12,1.34
2018-03-27,2452.06,14.98,0.61,13.16,1.13,1.33
2018-03-28,2419.29,-32.77,-1.34,12.98,1.11,1.35
2018-03-29,2436.37,17.08,0.71,13.07,1.12,1.34
2018-03-30,2445.85,9.48,0.39,13.1,1.12,1.34
2018-04-02,2444.16,-1.69,-0.07,13.09,1.12,1.34
2018-04-03,2442.43,-1.73,-0.07,13.08,1.12,1.34
2018-04-04,2408.06,-34.37,-1.41,12.9,1.11,1.36
2018-04-05,2437.52,29.46,1.22,13.06,1.12,1.34
2018-04-06,2429.58,-7.94,-0.33,13.01,1.12,1.35
2018-04-09,2444.08,14.5,0.6,13.09,1.12,1.34
2018-04-10,2450.74,6.66,0.27,13.13,1.12,1.33
2018-04-11,2444.22,-6.52,-0.27,13.09,1.12,1.34
2018-04-12,2442.71,-1.51,-0.06,13.08,1.12,1.34
2018-04-13,2455.07,12.36,0.51,13.17,1.13,1.33
2018-04-16,2457.49,2.42,0.1,13.18,1.13,1.33
2018-04-17,2453.77,-3.72,-0.15,13.16,1.13,1.33
2018-04-18,2479.98,26.21,1.07,13.31,1.14,1.32
2018-04-19,2486.1,6.12,0.25,13.34,1.14,1.31
2018-04-20,2476.33,-9.77,-0.39,13.29,1.14,1.32
2018-04-23,2474.11,-2.22,-0.09,13.27,1.14,1.32
2018-04-24,2464.14,-9.97,-0.4,13.22,1.13,1.33
2018-04-25,2448.81,-15.33,-0.62,13.14,1.13,1.33
2018-04-26,2475.64,26.83,1.1,13.28,1.14,1.32
2018-04-27,2492.4,16.76,0.68,13.37,1.15,1.31
2018-04-30,2515.38,22.98,0.92,13.5,1.16,1.3
2018-05-02,2505.61,-9.77,-0.39,12,1.14,1.55
2018-05-03,2487.25,-18.36,-0.73,11.91,1.14,1.56
2018-05-04,2461.38,-25.87,-1.04,11.79,1.12,1.58
2018-05-08,2449.81,-11.57,-0.47,11.73,1.12,1.59
2018-05-09,2443.98,-5.83,-0.24,11.71,1.12,1.59
2018-05-10,2464.16,20.18,0.83,11.8,1.13,1.58
2018-05-11,2477.71,13.55,0.55,11.87,1.13,1.57
2018-05-14,2476.11,-1.6,-0.06,11.86,1.13,1.57
2018-05-15,2458.54,-17.57,-0.71,11.78,1.12,1.58
2018-05-16,2459.82,1.28,0.05,11.78,1.12,1.58
2018-05-17,2448.45,-11.37,-0.46,11.73,1.12,1.59
2018-05-18,2460.65,12.2,0.5,11.79,1.12,1.58
2018-05-21,2465.57,4.92,0.2,11.81,1.13,1.58
2018-05-23,2471.91,6.34,0.26,11.84,1.13,1.57
2018-05-24,2466.01,-5.9,-0.24,11.81,1.13,1.58
2018-05-25,2460.8,-5.21,-0.21,11.79,1.12,1.58
2018-05-28,2478.96,18.16,0.74,11.88,1.13,1.57
2018-05-29,2457.25,-21.71,-0.88,11.77,1.12,1.58
2018-05-30,2409.03,-48.22,-1.96,11.54,1.1,1.62
2018-05-31,2423.01,13.98,0.58,11.61,1.11,1.61
2018-06-01,2438.96,15.95,0.66,11.69,1.11,1.6
2018-06-04,2447.76,8.8,0.36,11.73,1.12,1.59
2018-06-05,2453.76,6,0.25,11.69,1.11,1.59
2018-06-07,2470.58,16.82,0.69,11.77,1.11,1.57
2018-06-08,2451.58,-19,-0.77,11.68,1.11,1.59
2018-06-11,2470.15,18.57,0.76,11.77,1.11,1.57
2018-06-12,2468.83,-1.32,-0.05,11.74,1.11,1.58
2018-06-14,2423.48,-45.35,-1.84,11.51,1.09,1.61
2018-06-15,2404.04,-19.44,-0.8,11.42,1.08,1.62
2018-06-18,2376.24,-27.8,-1.16,11.29,1.07,1.64
2018-06-19,2340.11,-36.13,-1.52,11.12,1.05,1.66
2018-06-20,2363.91,23.8,1.02,11.23,1.06,1.65
2018-06-21,2337.83,-26.08,-1.1,11.11,1.05,1.67
2018-06-22,2357.22,19.39,0.83,11.2,1.06,1.65
2018-06-25,2357.88,0.66,0.03,11.2,1.06,1.65
2018-06-26,2350.92,-6.96,-0.3,11.17,1.06,1.66
2018-06-27,2342.03,-8.89,-0.38,11.13,1.06,1.66
2018-06-28,2314.24,-27.79,-1.19,11,1.04,1.68
2018-06-29,2326.13,11.89,0.51,11.05,1.05,1.67
2018-07-02,2271.54,-54.59,-2.35,10.79,1.02,1.71
2018-07-03,2272.76,1.22,0.05,10.8,1.02,1.71
2018-07-04,2265.46,-7.3,-0.32,10.76,1.02,1.72
2018-07-05,2257.55,-7.91,-0.35,10.73,1.02,1.73
2018-07-06,2272.87,15.32,0.68,10.8,1.02,1.71
2018-07-09,2285.8,12.93,0.57,10.86,1.03,1.7
2018-07-10,2294.16,8.36,0.37,10.9,1.03,1.7
2018-07-11,2280.62,-13.54,-0.59,10.84,1.03,1.71
2018-07-12,2285.06,4.44,0.19,10.86,1.03,1.7
2018-07-13,2310.9,25.84,1.13,10.98,1.04,1.68
2018-07-16,2301.99,-8.91,-0.39,10.91,1.03,1.7
2018-07-17,2297.92,-4.07,-0.18,10.89,1.03,1.7
2018-07-18,2290.11,-7.81,-0.34,10.86,1.03,1.7
2018-07-19,2282.29,-7.82,-0.34,10.82,1.03,1.71
2018-07-20,2289.19,6.9,0.3,10.86,1.03,1.7
2018-07-23,2269.31,-19.88,-0.87,10.77,1.02,1.72
2018-07-24,2280.2,10.89,0.48,10.82,1.03,1.71
2018-07-25,2273.03,-7.17,-0.31,10.78,1.02,1.72
2018-07-26,2289.06,16.03,0.71,10.86,1.03,1.7
2018-07-27,2294.99,5.93,0.26,10.89,1.03,1.7
2018-07-30,2293.51,-1.48,-0.06,10.88,1.03,1.7
2018-07-31,2295.26,1.75,0.08,10.89,1.03,1.7
2018-08-01,2307.07,11.81,0.51,10.94,1.04,1.69
2018-08-02,2270.2,-36.87,-1.6,10.77,1.02,1.72
2018-08-03,2287.68,17.48,0.77,10.85,1.03,1.7
2018-08-06,2286.5,-1.18,-0.05,10.84,1.03,1.71
2018-08-07,2300.16,13.66,0.6,10.9,1.03,1.7
2018-08-08,2301.45,1.29,0.06,10.91,1.03,1.7
2018-08-09,2303.71,2.26,0.1,10.92,1.04,1.69
2018-08-10,2282.79,-20.92,-0.91,10.82,1.03,1.71
2018-08-13,2248.45,-34.34,-1.5,10.66,1.01,1.74
2018-08-14,2258.91,10.46,0.47,10.71,1.02,1.73
2018-08-16,2240.8,-18.11,-0.8,10.62,1.01,1.74
2018-08-17,2247.05,6.25,0.28,10.65,1.01,1.74
2018-08-20,2247.88,0.83,0.04,10.66,1.01,1.74
2018-08-21,2270.06,22.18,0.99,10.76,1.02,1.72
2018-08-22,2273.33,3.27,0.14,10.78,1.02,1.72
2018-08-23,2282.6,9.27,0.41,10.82,1.03,1.71
2018-08-24,2293.21,10.61,0.46,10.87,1.03,1.7
2018-08-27,2299.3,6.09,0.27,10.9,1.03,1.7
2018-08-28,2303.12,3.82,0.17,10.92,1.04,1.69
2018-08-29,2309.03,5.91,0.26,10.95,1.04,1.69
2018-08-30,2307.35,-1.68,-0.07,10.94,1.04,1.69
2018-08-31,2322.88,15.53,0.67,11.01,1.04,1.68
2018-09-03,2307.03,-15.85,-0.68,10.94,1.04,1.69
2018-09-04,2315.72,8.69,0.38,10.98,1.04,1.69
2018-09-05,2291.77,-23.95,-1.03,10.86,1.03,1.7
2018-09-06,2287.61,-4.16,-0.18,10.84,1.03,1.71
2018-09-07,2281.58,-6.03,-0.26,10.82,1.03,1.71
2018-09-10,2288.66,7.08,0.31,10.97,1.01,1.7
2018-09-11,2283.2,-5.46,-0.24,10.94,1,1.7
2018-09-12,2282.92,-0.28,-0.01,10.94,1,1.7
2018-09-13,2286.23,3.31,0.14,10.95,1,1.7
2018-09-14,2318.25,32.02,1.4,11.11,1.02,1.68
2018-09-17,2303.01,-15.24,-0.66,11.03,1.01,1.69
2018-09-18,2308.98,5.97,0.26,11.07,1.02,1.68
2018-09-19,2308.46,-0.52,-0.02,11.07,1.02,1.68
2018-09-20,2323.45,14.99,0.65,11.14,1.02,1.67
2018-09-21,2339.17,15.72,0.68,11.22,1.03,1.66
2018-09-27,2355.43,16.26,0.7,11.29,1.04,1.65
2018-09-28,2343.07,-12.36,-0.52,11.24,1.03,1.66
2018-10-01,2338.88,-4.19,-0.18,11.22,1.03,1.66
2018-10-02,2309.57,-29.31,-1.25,11.07,1.02,1.68
2018-10-04,2274.49,-35.08,-1.52,10.91,1,1.71
2018-10-05,2267.52,-6.97,-0.31,10.87,1,1.71
2018-10-08,2253.83,-13.69,-0.6,10.81,0.99,1.72
2018-10-10,2228.61,-25.22,-1.12,10.69,0.98,1.74
2018-10-11,2129.67,-98.94,-4.44,10.21,0.94,1.82
2018-10-12,2161.85,32.18,1.51,10.37,0.95,1.8
2018-10-15,2145.12,-16.73,-0.77,10.29,0.94,1.81
2018-10-16,2145.12,0,0,10.29,0.94,1.81
2018-10-17,2167.51,22.39,1.04,10.4,0.95,1.79
2018-10-18,2148.31,-19.2,-0.89,10.3,0.95,1.81
2018-10-19,2156.26,7.95,0.37,10.34,0.95,1.8
2018-10-22,2161.71,5.45,0.25,10.37,0.95,1.8
2018-10-23,2106.1,-55.61,-2.57,10.1,0.93,1.84
2018-10-24,2097.58,-8.52,-0.4,10.06,0.92,1.85
2018-10-25,2063.3,-34.28,-1.63,9.9,0.91,1.88
2018-10-26,2027.15,-36.15,-1.75,9.73,0.89,1.92
2018-10-29,1996.05,-31.1,-1.53,9.58,0.88,1.95
2018-10-30,2014.69,18.64,0.93,9.67,0.89,1.93
2018-10-31,2029.69,15,0.74,9.74,0.89,1.91
2018-11-01,2024.46,-5.23,-0.26,9.72,0.89,1.92
2018-11-02,2096,71.54,3.53,10.06,0.92,1.85
2018-11-05,2076.92,-19.08,-0.91,9.97,0.91,1.87
2018-11-06,2089.62,12.7,0.61,10.03,0.92,1.86
2018-11-07,2078.69,-10.93,-0.52,9.98,0.92,1.87
2018-11-08,2092.63,13.94,0.67,10.05,0.92,1.86
2018-11-09,2086.09,-6.54,-0.31,10.01,0.92,1.86
2018-11-12,2080.44,-5.65,-0.27,9.99,0.92,1.87
2018-11-13,2071.23,-9.21,-0.44,9.94,0.91,1.88
2018-11-14,2068.05,-3.18,-0.15,9.93,0.91,1.88
2018-11-15,2088.06,20.01,0.97,10.03,0.92,1.86
2018-11-16,2092.4,4.34,0.21,10.05,0.92,1.86
2018-11-19,2100.56,8.16,0.39,10.09,0.93,1.85
2018-11-20,2082.58,-17.98,-0.86,10,0.92,1.86
2018-11-21,2076.55,-6.03,-0.29,9.97,0.91,1.87
2018-11-22,2069.95,-6.6,-0.32,9.94,0.91,1.88
2018-11-23,2057.48,-12.47,-0.6,9.88,0.91,1.89
2018-11-26,2083.02,25.54,1.24,10,0.92,1.86
2018-11-27,2099.42,16.4,0.79,10.08,0.92,1.85
2018-11-28,2108.22,8.8,0.42,10.12,0.93,1.84
2018-11-29,2114.1,5.88,0.28,10.15,0.93,1.84
2018-11-30,2096.86,-17.24,-0.82,10.07,0.92,1.85
2018-12-03,2131.93,35.07,1.67,10.24,0.94,1.82
2018-12-04,2114.35,-17.58,-0.82,10.16,0.93,1.84
2018-12-05,2101.31,-13.04,-0.62,10.1,0.93,1.85
2018-12-06,2068.69,-32.62,-1.55,9.94,0.91,1.88
2018-12-07,2075.76,7.07,0.34,9.89,0.89,1.87
2018-12-10,2053.79,-21.97,-1.06,9.79,0.88,1.89
2018-12-11,2052.97,-0.82,-0.04,9.78,0.88,1.89
2018-12-12,2082.57,29.6,1.44,9.78,0.88,1.89
2018-12-13,2095.55,12.98,0.62,9.84,0.89,1.88
2018-12-14,2069.38,-26.17,-1.25,9.72,0.88,1.9
2018-12-17,2071.09,1.71,0.08,9.73,0.88,1.9
2018-12-18,2062.11,-8.98,-0.43,9.69,0.88,1.91
2018-12-19,2078.84,16.73,0.81,9.77,0.88,1.89
2018-12-20,2060.12,-18.72,-0.9,9.68,0.88,1.91
2018-12-21,2061.49,1.37,0.07,9.68,0.88,1.91
2018-12-24,2055.01,-6.48,-0.31,9.65,0.87,1.91
2018-12-26,2028.01,-27,-1.31,9.53,0.86,1.94
2018-12-27,2028.44,0.43,0.02,9.53,0.86,1.94
2018-12-28,2041.04,12.6,0.62,9.58,0.87,1.93
2019-01-02,2010,-31.04,-1.52,9.44,0.85,1.96
2019-01-03,1993.7,-16.3,-0.81,9.36,0.85,1.97
2019-01-04,2010.25,16.55,0.83,9.44,0.85,1.96
2019-01-07,2037.1,26.85,1.34,9.57,0.87,1.93
2019-01-08,2025.27,-11.83,-0.58,9.52,0.86,1.94
2019-01-09,2064.71,39.44,1.95,9.7,0.88,1.9
2019-01-10,2063.28,-1.43,-0.07,9.7,0.88,1.9
2019-01-11,2075.57,12.29,0.6,9.75,0.88,1.89
2019-01-14,2064.52,-11.05,-0.53,9.7,0.88,1.9
2019-01-15,2097.18,32.66,1.58,9.85,0.89,1.87
2019-01-16,2106.1,8.92,0.43,9.89,0.9,1.87
2019-01-17,2107.06,0.96,0.05,9.9,0.9,1.87
2019-01-18,2124.28,17.22,0.82,9.98,0.9,1.85
2019-01-21,2124.61,0.33,0.02,9.98,0.9,1.85
2019-01-22,2117.77,-6.84,-0.32,9.95,0.9,1.86
2019-01-23,2127.78,10.01,0.47,10,0.9,1.85
2019-01-24,2145.03,17.25,0.81,10.08,0.91,1.83
2019-01-25,2177.73,32.7,1.52,10.23,0.93,1.81
2019-01-28,2177.3,-0.43,-0.02,10.23,0.93,1.81
2019-01-29,2183.36,6.06,0.28,10.26,0.93,1.8
2019-01-30,2206.2,22.84,1.05,10.36,0.94,1.78
2019-01-31,2204.85,-1.35,-0.06,10.36,0.94,1.78
2019-02-01,2203.46,-1.39,-0.06,10.35,0.94,1.78
2019-02-07,2203.42,-0.04,0,10.35,0.94,1.78
2019-02-08,2177.05,-26.37,-1.2,10.23,0.93,1.81
2019-02-11,2180.73,3.68,0.17,10.24,0.93,1.8
2019-02-12,2190.47,9.74,0.45,10.29,0.93,1.79
2019-02-13,2201.48,11.01,0.5,10.41,0.94,1.77
2019-02-14,2225.85,24.37,1.11,10.52,0.95,1.75
2019-02-15,2196.09,-29.76,-1.34,10.38,0.94,1.77
2019-02-18,2210.89,14.8,0.67,10.45,0.95,1.76
2019-02-19,2205.63,-5.26,-0.24,10.43,0.94,1.77
2019-02-20,2229.76,24.13,1.09,10.55,0.96,1.75
2019-02-21,2228.66,-1.1,-0.05,10.54,0.95,1.75
2019-02-22,2230.5,1.84,0.08,10.55,0.96,1.75
2019-02-25,2232.56,2.06,0.09,10.56,0.96,1.74
2019-02-26,2226.6,-5.96,-0.27,10.53,0.95,1.75
2019-02-27,2234.79,8.19,0.37,10.57,0.96,1.74
2019-02-28,2195.44,-39.35,-1.76,10.38,0.94,1.77
2019-03-04,2190.66,-4.78,-0.22,10.36,0.94,1.78
2019-03-05,2179.23,-11.43,-0.52,10.31,0.93,1.79
2019-03-06,2175.6,-3.63,-0.17,10.29,0.93,1.79
2019-03-07,2165.79,-9.81,-0.45,10.25,0.93,1.8
2019-03-08,2137.44,-28.35,-1.31,10.11,0.92,1.82
2019-03-11,2138.1,0.66,0.03,10.11,0.92,1.82
2019-03-12,2157.18,19.08,0.89,10.21,0.92,1.8
2019-03-13,2148.41,-8.77,-0.41,10.16,0.92,1.81
2019-03-14,2155.68,7.27,0.34,10.2,0.92,1.81
2019-03-15,2176.11,20.43,0.95,10.3,0.93,1.79
2019-03-18,2179.49,3.38,0.16,10.31,0.93,1.79
2019-03-19,2177.62,-1.87,-0.09,10.3,0.93,1.79
2019-03-20,2177.1,-0.52,-0.02,10.3,0.93,1.79
2019-03-21,2184.88,7.78,0.36,10.34,0.94,1.78
2019-03-22,2186.95,2.07,0.09,10.34,0.94,1.78
2019-03-25,2144.86,-42.09,-1.92,10.15,0.92,1.81
2019-03-26,2148.8,3.94,0.18,10.17,0.92,1.81
2019-03-27,2145.62,-3.18,-0.15,10.14,0.92,1.81
2019-03-28,2128.1,-17.52,-0.82,10.06,0.91,1.83
2019-03-29,2140.67,12.57,0.59,10.13,0.92,1.81
2019-04-01,2168.28,27.61,1.29,10.26,0.93,1.79
2019-04-02,2177.18,8.9,0.41,10.3,0.94,1.78
2019-04-03,2203.27,26.09,1.2,10.43,0.95,1.76
2019-04-04,2206.53,3.26,0.15,10.44,0.95,1.76
2019-04-05,2209.61,3.08,0.14,10.46,0.95,1.76
2019-04-08,2210.6,0.99,0.04,10.46,0.95,1.76
2019-04-09,2213.56,2.96,0.13,10.48,0.95,1.75
2019-04-10,2224.39,10.83,0.49,10.53,0.96,1.75
2019-04-11,2224.44,0.05,0,10.53,0.96,1.75
2019-04-12,2233.45,9.01,0.41,10.57,0.96,1.74
2019-04-15,2242.88,9.43,0.42,10.61,0.96,1.73
2019-04-16,2248.63,5.75,0.26,10.64,0.97,1.73
2019-04-17,2245.89,-2.74,-0.12,10.63,0.97,1.73
2019-04-18,2213.77,-32.12,-1.43,10.48,0.95,1.75
2019-04-19,2216.15,2.38,0.11,10.49,0.95,1.75
2019-04-22,2216.65,0.5,0.02,10.49,0.95,1.75
2019-04-23,2220.51,3.86,0.17,10.51,0.95,1.75
2019-04-24,2201.03,-19.48,-0.88,10.42,0.95,1.76
2019-04-25,2190.5,-10.53,-0.48,10.37,0.94,1.77
2019-04-26,2179.31,-11.19,-0.51,10.31,0.94,1.78
2019-04-29,2216.43,37.12,1.7,10.49,0.95,1.75
2019-04-30,2203.59,-12.84,-0.58,10.43,0.95,1.76
2019-05-02,2212.75,9.16,0.42,11.47,0.95,2.03
2019-05-03,2196.32,-16.43,-0.74,11.38,0.94,2.05
2019-05-07,2176.99,-19.33,-0.88,11.28,0.93,2.07
2019-05-08,2168.01,-8.98,-0.41,11.24,0.93,2.07
2019-05-09,2102.01,-66,-3.04,10.89,0.9,2.14
2019-05-10,2108.04,6.03,0.29,10.92,0.9,2.13
2019-05-13,2079.01,-29.03,-1.38,10.77,0.89,2.16
2019-05-14,2081.84,2.83,0.14,10.79,0.89,2.16
2019-05-15,2092.78,10.94,0.53,10.84,0.89,2.15
2019-05-16,2067.69,-25.09,-1.2,10.71,0.88,2.18
2019-05-17,2055.8,-11.89,-0.58,10.65,0.88,2.19
2019-05-20,2055.71,-0.09,0,10.65,0.88,2.19
2019-05-21,2061.25,5.54,0.27,10.68,0.88,2.18
2019-05-22,2064.86,3.61,0.18,10.69,0.88,2.18
2019-05-23,2059.59,-5.27,-0.26,10.67,0.88,2.19
2019-05-24,2045.31,-14.28,-0.69,10.59,0.87,2.2
2019-05-27,2044.21,-1.1,-0.05,10.59,0.87,2.2
2019-05-28,2048.83,4.62,0.23,10.61,0.87,2.2
2019-05-29,2023.32,-25.51,-1.25,10.49,0.87,2.22
2019-05-30,2038.8,15.48,0.77,10.57,0.87,2.2
2019-05-31,2041.74,2.94,0.14,10.59,0.87,2.2
2019-06-03,2067.85,26.11,1.28,11.95,0.87,2.16
2019-06-04,2066.97,-0.88,-0.04,11.95,0.87,2.16
2019-06-05,2069.11,2.14,0.1,11.96,0.87,2.16
2019-06-07,2072.33,3.22,0.16,11.98,0.87,2.15
2019-06-10,2099.49,27.16,1.31,12.14,0.88,2.12
2019-06-11,2111.81,12.32,0.59,12.21,0.89,2.11
2019-06-12,2108.75,-3.06,-0.14,12.19,0.89,2.11
2019-06-13,2103.15,-5.6,-0.27,12.16,0.88,2.12
2019-06-14,2095.41,-7.74,-0.37,12.11,0.88,2.13
2019-06-17,2090.73,-4.68,-0.22,12.09,0.88,2.13
2019-06-18,2098.71,7.98,0.38,12.13,0.88,2.12
2019-06-19,2124.78,26.07,1.24,12.29,0.89,2.1
2019-06-20,2131.29,6.51,0.31,12.32,0.9,2.09
2019-06-21,2125.62,-5.67,-0.27,12.29,0.89,2.1
2019-06-24,2126.33,0.71,0.03,12.29,0.89,2.1
2019-06-25,2121.64,-4.69,-0.22,12.27,0.89,2.1
2019-06-26,2121.85,0.21,0.01,12.27,0.89,2.1
2019-06-27,2134.32,12.47,0.59,12.34,0.9,2.09
2019-06-28,2130.62,-3.7,-0.17,12.32,0.9,2.09
2019-07-01,2129.74,-0.88,-0.04,12.32,0.89,2.09
2019-07-02,2122.02,-7.72,-0.36,12.27,0.89,2.1
2019-07-03,2096.02,-26,-1.23,12.12,0.88,2.13
2019-07-04,2108.73,12.71,0.61,12.2,0.89,2.11
2019-07-05,2110.59,1.86,0.09,12.21,0.89,2.11
2019-07-08,2064.17,-46.42,-2.2,11.94,0.87,2.16
2019-07-09,2052.03,-12.14,-0.59,11.87,0.86,2.17
2019-07-10,2058.78,6.75,0.33,11.91,0.86,2.17
2019-07-11,2080.58,21.8,1.06,12.03,0.87,2.14
2019-07-12,2086.66,6.08,0.29,12.07,0.88,2.14
2019-07-15,2082.48,-4.18,-0.2,12.05,0.88,2.14
2019-07-16,2091.87,9.39,0.45,12.1,0.88,2.13
2019-07-17,2072.92,-18.95,-0.91,11.99,0.87,2.15
2019-07-18,2066.55,-6.37,-0.31,11.95,0.87,2.16
2019-07-19,2094.36,27.81,1.35,12.11,0.88,2.13
2019-07-22,2093.34,-1.02,-0.05,12.11,0.88,2.13
2019-07-23,2101.45,8.11,0.39,12.16,0.88,2.12
2019-07-24,2082.3,-19.15,-0.91,12.04,0.87,2.14
2019-07-25,2074.48,-7.82,-0.38,12,0.87,2.15
2019-07-26,2066.26,-8.22,-0.4,11.95,0.87,2.16
2019-07-29,2029.48,-36.78,-1.78,11.74,0.85,2.2
2019-07-30,2038.68,9.2,0.45,11.79,0.86,2.19
2019-07-31,2024.55,-14.13,-0.69,11.71,0.85,2.2
2019-08-01,2017.34,-7.21,-0.36,11.67,0.85,2.21
2019-08-02,1998.13,-19.21,-0.95,11.56,0.84,2.23
2019-08-05,1946.98,-51.15,-2.56,11.26,0.82,2.29
2019-08-06,1917.5,-29.48,-1.51,11.09,0.81,2.32
2019-08-07,1909.71,-7.79,-0.41,11.05,0.8,2.33
2019-08-08,1920.61,10.9,0.57,11.11,0.81,2.32
2019-08-09,1937.75,17.14,0.89,11.21,0.81,2.3
2019-08-12,1942.29,4.54,0.23,11.23,0.82,2.29
2019-08-13,1925.83,-16.46,-0.85,11.14,0.81,2.31
2019-08-14,1938.37,12.54,0.65,11.21,0.81,2.3
2019-08-16,1927.17,-11.2,-0.58,11.15,0.81,2.31
2019-08-19,1939.9,12.73,0.66,11.22,0.82,2.3
2019-08-20,1960.25,20.35,1.05,11.34,0.82,2.27
2019-08-21,1964.65,4.4,0.22,11.36,0.83,2.27
2019-08-22,1951.01,-13.64,-0.69,11.29,0.82,2.28
2019-08-23,1948.3,-2.71,-0.14,11.27,0.82,2.29
2019-08-26,1916.31,-31.99,-1.64,11.08,0.81,2.33
2019-08-27,1924.6,8.29,0.43,11.13,0.81,2.32
2019-08-28,1941.09,16.49,0.86,11.23,0.82,2.3
2019-08-29,1933.41,-7.68,-0.4,11.18,0.81,2.31
2019-08-30,1967.79,34.38,1.78,11.38,0.83,2.26
2019-09-02,1969.19,1.4,0.07,11.39,0.83,2.26
2019-09-03,1965.69,-3.5,-0.18,11.37,0.83,2.27
2019-09-04,1988.53,22.84,1.16,13.57,0.82,2.24
2019-09-05,2004.75,16.22,0.82,13.68,0.82,2.22
2019-09-06,2009.13,4.38,0.22,13.71,0.83,2.22
2019-09-09,2019.55,10.42,0.52,13.78,0.83,2.21
2019-09-10,2032.08,12.53,0.62,13.86,0.84,2.19
2019-09-11,2049.2,17.12,0.84,13.98,0.84,2.17
2019-09-16,2062.22,13.02,0.64,14.07,0.85,2.16
2019-09-17,2062.33,0.11,0.01,14.08,0.85,2.16
2019-09-18,2070.73,8.4,0.41,14.13,0.85,2.15
2019-09-19,2080.35,9.62,0.46,14.2,0.86,2.14
2019-09-20,2091.52,11.17,0.54,14.28,0.86,2.13
2019-09-23,2091.7,0.18,0.01,14.28,0.86,2.13
2019-09-24,2101.04,9.34,0.45,14.34,0.86,2.12
2019-09-25,2073.39,-27.65,-1.32,14.16,0.85,2.15
2019-09-26,2074.52,1.13,0.05,14.17,0.85,2.15
2019-09-27,2049.93,-24.59,-1.19,14,0.84,2.17
2019-09-30,2063.05,13.12,0.64,14.09,0.85,2.16
2019-10-01,2072.42,9.37,0.45,14.16,0.85,2.15
2019-10-02,2031.91,-40.51,-1.95,13.87,0.84,2.19
2019-10-04,2020.69,-11.22,-0.55,13.8,0.83,2.2
2019-10-07,2021.73,1.04,0.05,13.8,0.83,2.2
2019-10-08,2046.25,24.52,1.21,13.97,0.84,2.18
2019-10-10,2028.15,-18.1,-0.88,13.85,0.83,2.2
2019-10-11,2044.61,16.46,0.81,13.96,0.84,2.18
2019-10-14,2067.4,22.79,1.11,14.12,0.85,2.15
2019-10-15,2068.17,0.77,0.04,14.12,0.85,2.15
2019-10-16,2082.83,14.66,0.71,14.22,0.86,2.14
2019-10-17,2077.94,-4.89,-0.23,14.19,0.86,2.14
2019-10-18,2060.69,-17.25,-0.83,14.07,0.85,2.16
2019-10-21,2064.84,4.15,0.2,14.09,0.85,2.16
2019-10-22,2088.86,24.02,1.16,14.26,0.86,2.13
2019-10-23,2080.62,-8.24,-0.39,14.2,0.86,2.14
2019-10-24,2085.66,5.04,0.24,14.23,0.86,2.13
2019-10-25,2087.89,2.23,0.11,14.25,0.86,2.13
2019-10-28,2093.6,5.71,0.27,14.29,0.86,2.13
2019-10-29,2092.69,-0.91,-0.04,14.29,0.86,2.13
2019-10-30,2080.27,-12.42,-0.59,14.2,0.86,2.14
2019-10-31,2083.48,3.21,0.15,14.23,0.86,2.13
2019-11-01,2100.2,16.72,0.8,14.34,0.87,2.12
2019-11-04,2130.24,30.04,1.43,14.55,0.88,2.09
2019-11-05,2142.64,12.4,0.58,14.64,0.88,2.08
2019-11-06,2144.15,1.51,0.07,14.65,0.88,2.07
2019-11-07,2144.29,0.14,0.01,14.65,0.88,2.07
2019-11-08,2137.23,-7.06,-0.33,14.6,0.88,2.08
2019-11-11,2124.09,-13.14,-0.61,14.51,0.88,2.09
2019-11-12,2140.92,16.83,0.79,14.62,0.88,2.08
2019-11-13,2122.45,-18.47,-0.86,14.5,0.87,2.09
2019-11-14,2139.23,16.78,0.79,14.62,0.88,2.08
2019-11-15,2162.18,22.95,1.07,14.78,0.89,2.06
2019-11-18,2160.69,-1.49,-0.07,14.77,0.89,2.06
2019-11-19,2153.24,-7.45,-0.34,14.72,0.89,2.06
2019-11-20,2125.32,-27.92,-1.3,14.53,0.88,2.09
2019-11-21,2096.6,-28.72,-1.35,14.33,0.86,2.12
2019-11-22,2101.96,5.36,0.26,14.37,0.87,2.11
2019-11-25,2123.5,21.54,1.02,14.51,0.88,2.09
2019-11-26,2121.35,-2.15,-0.1,14.5,0.87,2.09
2019-11-27,2127.85,6.5,0.31,14.55,0.88,2.09
2019-11-28,2118.6,-9.25,-0.43,14.48,0.87,2.1
2019-11-29,2087.96,-30.64,-1.45,14.27,0.86,2.13
2019-12-02,2091.92,3.96,0.19,14.3,0.86,2.12
2019-12-03,2084.07,-7.85,-0.38,17.25,0.84,2.13
2019-12-04,2068.89,-15.18,-0.73,17.12,0.84,2.15
2019-12-05,2060.74,-8.15,-0.39,17.05,0.84,2.16
2019-12-06,2081.85,21.11,1.02,17.23,0.84,2.13
2019-12-09,2088.65,6.8,0.33,17.28,0.85,2.13
2019-12-10,2098,9.35,0.45,17.36,0.85,2.12
2019-12-11,2105.62,7.62,0.36,17.43,0.85,2.11
2019-12-12,2137.35,31.73,1.51,17.69,0.87,2.08
2019-12-13,2170.25,32.9,1.54,17.97,0.88,2.05
2019-12-16,2168.15,-2.1,-0.1,17.95,0.88,2.05
2019-12-17,2195.68,27.53,1.27,18.18,0.89,2.02
2019-12-18,2194.76,-0.92,-0.04,18.18,0.89,2.02
2019-12-19,2196.56,1.8,0.08,18.19,0.89,2.02
2019-12-20,2204.18,7.62,0.35,18.25,0.89,2.01
2019-12-23,2203.71,-0.47,-0.02,18.25,0.89,2.01
2019-12-24,2190.08,-13.63,-0.62,18.14,0.89,2.03
2019-12-26,2197.93,7.85,0.36,18.2,0.89,2.02
2019-12-27,2204.21,6.28,0.29,18.25,0.89,2.01
2019-12-30,2197.67,-6.54,-0.3,18.2,0.89,2.02
2020-01-02,2175.17,-22.5,-1.02,18.01,0.88,2.04
2020-01-03,2176.46,1.29,0.06,18.02,0.88,2.04
2020-01-06,2155.07,-21.39,-0.98,17.84,0.87,2.06
2020-01-07,2175.54,20.47,0.95,18.01,0.88,2.04
2020-01-08,2151.31,-24.23,-1.11,17.81,0.87,2.06
2020-01-09,2186.45,35.14,1.63,18.11,0.89,2.03
2020-01-10,2206.39,19.94,0.91,18.27,0.89,2.01
2020-01-13,2229.26,22.87,1.04,18.46,0.9,1.99
2020-01-14,2238.88,9.62,0.43,18.54,0.91,1.98
2020-01-15,2230.98,-7.9,-0.35,18.48,0.91,1.99
2020-01-16,2248.05,17.07,0.77,18.62,0.91,1.97
2020-01-17,2250.57,2.52,0.11,18.64,0.91,1.97
2020-01-20,2262.64,12.07,0.54,18.75,0.92,1.96
2020-01-21,2239.69,-22.95,-1.01,18.55,0.91,1.98
2020-01-22,2267.25,27.56,1.23,18.78,0.92,1.96
2020-01-23,2246.13,-21.12,-0.93,18.61,0.91,1.98
2020-01-28,2176.72,-69.41,-3.09,18.03,0.88,2.04
2020-01-29,2185.28,8.56,0.39,18.1,0.89,2.03
2020-01-30,2148,-37.28,-1.71,17.79,0.87,2.07
2020-01-31,2119.01,-28.99,-1.35,17.56,0.86,2.09
2020-02-03,2118.88,-0.13,-0.01,17.56,0.86,2.09
2020-02-04,2157.9,39.02,1.84,17.88,0.88,2.06
2020-02-05,2165.63,7.73,0.36,17.94,0.88,2.05
2020-02-06,2227.94,62.31,2.88,18.46,0.9,1.99
2020-02-07,2211.95,-15.99,-0.72,18.33,0.9,2.01
2020-02-10,2201.07,-10.88,-0.49,18.24,0.89,2.02
2020-02-11,2223.12,22.05,1,18.42,0.9,2
2020-02-12,2238.38,15.26,0.69,18.55,0.91,1.98
2020-02-13,2232.96,-5.42,-0.24,18.51,0.91,1.99
2020-02-14,2243.59,10.63,0.48,18.63,0.91,1.97
2020-02-17,2242.17,-1.42,-0.06,18.62,0.91,1.97
2020-02-18,2208.88,-33.29,-1.48,18.34,0.9,2
2020-02-19,2210.34,1.46,0.07,18.35,0.9,2
2020-02-20,2195.5,-14.84,-0.67,18.23,0.89,2.01
2020-02-21,2162.84,-32.66,-1.49,17.96,0.88,2.04
2020-02-24,2079.04,-83.8,-3.87,17.26,0.84,2.12
2020-02-25,2103.61,24.57,1.18,17.46,0.85,2.1
2020-02-26,2076.77,-26.84,-1.28,17.24,0.84,2.12
2020-02-27,2054.89,-21.88,-1.05,17.06,0.83,2.15
2020-02-28,1987.01,-67.88,-3.3,16.5,0.81,2.22
2020-03-02,2002.51,15.5,0.78,16.62,0.81,2.2
2020-03-03,2014.15,11.64,0.58,16.72,0.82,2.19
2020-03-04,2059.33,45.18,2.24,17.09,0.84,2.14
2020-03-05,2085.26,25.93,1.26,17.31,0.85,2.12
2020-03-06,2040.22,-45.04,-2.16,16.93,0.83,2.16
2020-03-09,1954.77,-85.45,-4.19,16.22,0.79,2.26
2020-03-10,1962.93,8.16,0.42,16.29,0.8,2.25
2020-03-11,1908.27,-54.66,-2.78,15.84,0.77,2.31
2020-03-12,1834.33,-73.94,-3.87,15.22,0.74,2.41
2020-03-13,1771.44,-62.89,-3.43,14.7,0.72,2.49
2020-03-16,1714.86,-56.58,-3.19,14.23,0.7,2.57
2020-03-17,1672.44,-42.42,-2.47,13.88,0.68,2.64
2020-03-18,1591.2,-81.24,-4.86,13.2,0.65,2.77
2020-03-19,1457.64,-133.56,-8.39,12.09,0.59,3.03
2020-03-20,1566.15,108.51,7.44,13.19,0.64,2.82
2020-03-23,1482.46,-83.69,-5.34,12.48,0.6,2.97
2020-03-24,1609.97,127.51,8.6,13.47,0.65,2.74
2020-03-25,1704.76,94.79,5.89,14.26,0.69,2.59
2020-03-26,1686.24,-18.52,-1.09,14.1,0.68,2.62
2020-03-27,1717.73,31.49,1.87,14.37,0.7,2.57
2020-03-30,1717.12,-0.61,-0.04,14.36,0.7,2.57
2020-03-31,1754.64,37.52,2.19,14.66,0.71,2.51
2020-04-01,1685.46,-69.18,-3.94,14.08,0.68,2.62
2020-04-02,1724.86,39.4,2.34,14.41,0.7,2.56
2020-04-03,1725.44,0.58,0.03,14.41,0.7,2.56
2020-04-06,1791.88,66.44,3.85,14.97,0.73,2.46
2020-04-07,1823.6,31.72,1.77,15.23,0.74,2.42
2020-04-08,1807.14,-16.46,-0.9,15.09,0.73,2.44
2020-04-09,1836.21,29.07,1.61,15.33,0.75,2.4
2020-04-10,1860.7,24.49,1.33,15.54,0.76,2.37
2020-04-13,1825.76,-34.94,-1.88,15.25,0.74,2.42
2020-04-14,1857.08,31.32,1.72,15.51,0.75,2.38
2020-04-16,1857.07,-0.01,0,15.5,0.75,2.38
2020-04-17,1914.53,57.46,3.09,15.98,0.78,2.3
2020-04-20,1898.36,-16.17,-0.84,15.85,0.77,2.32
2020-04-21,1879.38,-18.98,-1,15.69,0.76,2.35
2020-04-22,1896.15,16.77,0.89,15.83,0.77,2.33
2020-04-23,1914.73,18.58,0.98,15.98,0.78,2.3
2020-04-24,1889.01,-25.72,-1.34,15.77,0.77,2.34
2020-04-27,1922.77,33.76,1.79,16.05,0.78,2.29
2020-04-28,1934.09,11.32,0.59,16.15,0.79,2.28
2020-04-29,1947.56,13.47,0.7,16.26,0.79,2.27
2020-05-04,1895.37,-52.19,-2.68,18.3,0.78,2.3
2020-05-06,1928.76,33.39,1.76,18.62,0.79,2.26
2020-05-07,1928.61,-0.15,-0.01,18.62,0.79,2.26
2020-05-08,1945.82,17.21,0.89,18.79,0.8,2.24
2020-05-11,1935.4,-10.42,-0.54,18.69,0.79,2.25
2020-05-12,1922.17,-13.23,-0.68,18.56,0.79,2.27
2020-05-13,1940.42,18.25,0.95,18.73,0.79,2.25
2020-05-14,1924.96,-15.46,-0.8,18.58,0.79,2.26
2020-05-15,1927.28,2.32,0.12,18.61,0.79,2.26
2020-05-18,1937.11,9.83,0.51,18.72,0.79,2.25
2020-05-19,1980.61,43.5,2.25,19.14,0.81,2.2
2020-05-20,1989.64,9.03,0.46,19.23,0.81,2.19
2020-05-21,1998.31,8.67,0.44,19.32,0.82,2.18
2020-05-22,1970.13,-28.18,-1.41,19.04,0.81,2.21
2020-05-25,1994.6,24.47,1.24,19.27,0.82,2.19
2020-05-26,2029.78,35.18,1.76,19.62,0.83,2.15
2020-05-27,2031.2,1.42,0.07,19.63,0.83,2.15
2020-05-28,2028.54,-2.66,-0.13,19.61,0.83,2.15
2020-05-29,2029.6,1.06,0.05,19.62,0.83,2.15
2020-06-01,2065.08,35.48,1.75,19.97,0.85,2.11
2020-06-02,2087.19,22.11,1.07,20.18,0.85,2.09
2020-06-03,2147,59.81,2.87,24.57,0.88,2.03
2020-06-04,2151.18,4.18,0.19,24.62,0.88,2.02
2020-06-05,2181.87,30.69,1.43,25,0.9,1.99
2020-06-08,2184.29,2.42,0.11,25.02,0.9,1.99
2020-06-09,2188.92,4.63,0.21,25.08,0.9,1.99
2020-06-10,2195.69,6.77,0.31,25.16,0.9,1.98
2020-06-11,2176.78,-18.91,-0.86,24.94,0.9,2
2020-06-12,2132.3,-44.48,-2.04,24.43,0.88,2.04
2020-06-15,2030.82,-101.48,-4.76,23.26,0.83,2.14
2020-06-16,2138.05,107.23,5.28,24.5,0.88,2.03
2020-06-17,2141.05,3,0.14,24.54,0.88,2.03
2020-06-18,2133.48,-7.57,-0.35,24.45,0.88,2.04
2020-06-19,2141.32,7.84,0.37,24.54,0.88,2.03
2020-06-22,2126.73,-14.59,-0.68,24.37,0.87,2.05
2020-06-23,2131.24,4.51,0.21,24.43,0.88,2.04
2020-06-24,2161.51,30.27,1.42,24.78,0.89,2.01
2020-06-25,2112.37,-49.14,-2.27,24.22,0.87,2.06
2020-06-26,2134.65,22.28,1.05,24.48,0.88,2.04
2020-06-29,2093.48,-41.17,-1.93,24,0.86,2.08
2020-06-30,2108.33,14.85,0.71,24.18,0.87,2.06
2020-07-01,2106.7,-1.63,-0.08,24.16,0.87,2.06
2020-07-02,2135.37,28.67,1.36,24.49,0.88,2.04
2020-07-03,2152.41,17.04,0.8,24.89,0.89,2.01
2020-07-06,2187.93,35.52,1.65,25.31,0.91,1.97
2020-07-07,2164.17,-23.76,-1.09,25.03,0.9,1.99
2020-07-08,2158.88,-5.29,-0.24,24.97,0.89,2
2020-07-09,2167.9,9.02,0.42,25.07,0.9,1.99
2020-07-10,2150.25,-17.65,-0.81,24.87,0.89,2.01
2020-07-13,2186.06,35.81,1.67,25.28,0.91,1.97
2020-07-14,2183.61,-2.45,-0.11,25.25,0.91,1.98
2020-07-15,2201.88,18.27,0.84,25.46,0.91,1.96
2020-07-16,2183.76,-18.12,-0.82,25.25,0.91,1.98
2020-07-17,2201.19,17.43,0.8,25.45,0.91,1.96
2020-07-20,2198.2,-2.99,-0.14,25.42,0.91,1.96
2020-07-21,2228.83,30.63,1.39,25.8,0.92,1.94
2020-07-22,2228.66,-0.17,-0.01,25.8,0.92,1.94
2020-07-23,2216.19,-12.47,-0.56,25.65,0.92,1.95
2020-07-24,2200.44,-15.75,-0.71,25.47,0.91,1.96
2020-07-27,2217.86,17.42,0.79,25.67,0.92,1.95
2020-07-28,2256.99,39.13,1.76,26.13,0.94,1.91
2020-07-29,2263.16,6.17,0.27,26.2,0.94,1.91
2020-07-30,2267.01,3.85,0.17,26.24,0.94,1.9
2020-07-31,2249.37,-17.64,-0.78,26.04,0.93,1.92
2020-08-03,2251.04,1.67,0.07,26.06,0.93,1.92
2020-08-04,2279.97,28.93,1.29,26.39,0.95,1.89
2020-08-05,2311.86,31.89,1.4,26.77,0.96,1.87
2020-08-06,2342.61,30.75,1.33,27.12,0.97,1.84
2020-08-07,2351.67,9.06,0.39,27.23,0.98,1.83
2020-08-10,2386.38,34.71,1.48,27.63,0.99,1.81
2020-08-11,2418.67,32.29,1.35,28.01,1,1.78
2020-08-12,2432.35,13.68,0.57,28.16,1.01,1.77
2020-08-13,2437.53,5.18,0.21,28.23,1.01,1.77
2020-08-14,2407.49,-30.04,-1.23,27.89,1,1.79
2020-08-18,2348.24,-59.25,-2.46,26.95,0.97,1.84
2020-08-19,2360.54,12.3,0.52,27.09,0.98,1.83
2020-08-20,2274.22,-86.32,-3.66,26.1,0.94,1.9
2020-08-21,2304.59,30.37,1.34,26.45,0.96,1.87
2020-08-24,2329.83,25.24,1.1,26.74,0.97,1.85
2020-08-25,2366.73,36.9,1.58,27.17,0.98,1.82
2020-08-26,2369.32,2.59,0.11,27.2,0.98,1.82
2020-08-27,2344.45,-24.87,-1.05,26.91,0.97,1.84
2020-08-28,2353.8,9.35,0.4,27.02,0.98,1.83
2020-08-31,2326.17,-27.63,-1.17,26.7,0.97,1.85
2020-09-01,2349.55,23.38,1.01,26.97,0.98,1.83
2020-09-02,2364.37,14.82,0.63,27.14,0.98,1.82
2020-09-03,2395.9,31.53,1.33,27.51,0.99,1.8
2020-09-04,2368.25,-27.65,-1.15,27.19,0.98,1.82
2020-09-07,2384.22,15.97,0.67,27.37,0.99,1.81
2020-09-08,2401.91,17.69,0.74,27.58,1,1.79
2020-09-09,2375.81,-26.1,-1.09,27.28,0.99,1.81
2020-09-10,2396.48,20.67,0.87,28.63,0.98,1.8
2020-09-11,2396.69,0.21,0.01,28.63,0.98,1.8
2020-09-14,2427.91,31.22,1.3,29,0.99,1.78
2020-09-15,2443.58,15.67,0.65,29.19,0.99,1.76
2020-09-16,2435.92,-7.66,-0.31,29.1,0.99,1.77
2020-09-17,2406.17,-29.75,-1.22,28.75,0.98,1.79
2020-09-18,2412.4,6.23,0.26,28.82,0.98,1.79
2020-09-21,2389.39,-23.01,-0.95,28.55,0.97,1.8
2020-09-22,2332.59,-56.8,-2.38,27.87,0.95,1.85
2020-09-23,2333.24,0.65,0.03,27.85,0.95,1.85
2020-09-24,2272.7,-60.54,-2.59,27.13,0.92,1.9
2020-09-25,2278.79,6.09,0.27,27.2,0.93,1.89
2020-09-28,2308.08,29.29,1.29,27.56,0.94,1.87
2020-09-29,2327.89,19.81,0.86,27.79,0.95,1.85
2020-10-05,2358,30.11,1.29,28.15,0.96,1.83
2020-10-06,2365.9,7.9,0.34,28.25,0.96,1.82
2020-10-07,2386.94,21.04,0.89,28.5,0.97,1.81
2020-10-08,2391.96,5.02,0.21,28.57,0.97,1.8
2020-10-12,2403.73,11.77,0.49,28.71,0.98,1.79
2020-10-13,2403.15,-0.58,-0.02,28.7,0.98,1.79
2020-10-14,2380.48,-22.67,-0.94,28.43,0.97,1.81
2020-10-15,2361.21,-19.27,-0.81,28.22,0.96,1.82
2020-10-16,2341.53,-19.68,-0.83,28.1,0.96,1.83
2020-10-19,2346.74,5.21,0.22,28.17,0.96,1.83
2020-10-20,2358.41,11.67,0.5,28.33,0.97,1.81
2020-10-21,2370.86,12.45,0.53,28.48,0.97,1.81
2020-10-22,2355.05,-15.81,-0.67,28.29,0.96,1.82
2020-10-23,2360.81,5.76,0.24,28.36,0.97,1.81
2020-10-26,2343.91,-16.9,-0.72,28.15,0.96,1.83
2020-10-27,2330.84,-13.07,-0.56,28,0.96,1.84
2020-10-28,2345.26,14.42,0.62,28.17,0.96,1.82
2020-10-29,2326.67,-18.59,-0.79,27.95,0.95,1.84
2020-10-30,2267.15,-59.52,-2.56,27.23,0.93,1.89
2020-11-02,2300.16,33.01,1.46,27.63,0.94,1.86
2020-11-03,2343.31,43.15,1.88,28.16,0.96,1.83
2020-11-04,2357.32,14.01,0.6,28.33,0.97,1.81
2020-11-05,2413.79,56.47,2.4,29.01,0.99,1.77
2020-11-06,2416.5,2.71,0.11,29.04,0.99,1.77
2020-11-09,2447.2,30.7,1.27,29.41,1,1.75
2020-11-10,2452.83,5.63,0.23,29.48,1.01,1.74
2020-11-11,2485.87,33.04,1.35,29.88,1.02,1.72
2020-11-12,2475.62,-10.25,-0.41,29.76,1.02,1.73
2020-11-13,2493.87,18.25,0.74,29.98,1.02,1.71
2020-11-16,2543.03,49.16,1.97,30.57,1.04,1.68
2020-11-17,2539.15,-3.88,-0.15,30.53,1.04,1.68
2020-11-18,2545.64,6.49,0.26,30.61,1.04,1.68
2020-11-19,2547.42,1.78,0.07,30.63,1.05,1.68
2020-11-20,2553.5,6.08,0.24,30.71,1.05,1.67
2020-11-23,2602.59,49.09,1.92,31.3,1.07,1.64
2020-11-24,2617.76,15.17,0.58,31.48,1.07,1.63
2020-11-25,2601.54,-16.22,-0.62,31.29,1.07,1.64
2020-11-26,2625.91,24.37,0.94,31.58,1.08,1.63
2020-11-27,2633.45,7.54,0.29,31.67,1.08,1.62
2020-11-30,2591.34,-42.11,-1.6,31.17,1.06,1.65
2020-12-01,2634.25,42.91,1.66,31.68,1.08,1.62
2020-12-02,2675.9,41.65,1.58,32.19,1.1,1.6
2020-12-03,2696.22,20.32,0.76,32.43,1.11,1.58
2020-12-04,2731.45,35.23,1.31,32.86,1.12,1.56
2020-12-07,2745.44,13.99,0.51,33.04,1.13,1.55
2020-12-08,2700.93,-44.51,-1.62,32.52,1.11,1.58
2020-12-09,2755.47,54.54,2.02,33.18,1.13,1.55
2020-12-10,2746.46,-9.01,-0.33,33.07,1.13,1.55
2020-12-11,2770.06,23.6,0.86,28.37,1.11,1.54
2020-12-14,2762.2,-7.86,-0.28,28.29,1.11,1.54
2020-12-15,2756.82,-5.38,-0.19,28.23,1.11,1.55
2020-12-16,2771.79,14.97,0.54,28.39,1.11,1.54
2020-12-17,2770.43,-1.36,-0.05,28.37,1.11,1.54
2020-12-18,2772.18,1.75,0.06,28.4,1.11,1.54
2020-12-21,2778.65,6.47,0.23,28.47,1.12,1.53
2020-12-22,2733.68,-44.97,-1.62,28.03,1.1,1.56
2020-12-23,2759.82,26.14,0.96,28.3,1.11,1.54
2020-12-24,2806.86,47.04,1.7,28.78,1.13,1.52
2020-12-28,2808.6,1.74,0.06,28.8,1.13,1.52
2020-12-29,2820.51,11.91,0.42,28.93,1.14,1.51
2020-12-30,2873.47,52.96,1.88,29.47,1.16,1.48
2021-01-04,2944.45,70.98,2.47,30.2,1.19,1.44
2021-01-05,2990.57,46.12,1.57,30.68,1.2,1.42
2021-01-06,2968.21,-22.36,-0.75,30.45,1.2,1.43
2021-01-07,3031.68,63.47,2.14,31.11,1.22,1.4
2021-01-08,3152.18,120.5,3.97,32.35,1.27,1.35
2021-01-11,3148.45,-3.73,-0.12,32.31,1.27,1.35
2021-01-12,3125.95,-22.5,-0.71,32.08,1.26,1.36
2021-01-13,3148.29,22.34,0.71,32.31,1.27,1.35
2021-01-14,3149.93,1.64,0.05,32.33,1.27,1.35
2021-01-15,3085.9,-64.03,-2.03,31.67,1.24,1.38
2021-01-18,3013.93,-71.97,-2.33,30.95,1.21,1.41
2021-01-19,3092.66,78.73,2.61,31.76,1.25,1.37
2021-01-20,3114.55,21.89,0.71,31.99,1.26,1.36
2021-01-21,3160.84,46.29,1.49,32.47,1.27,1.34
2021-01-22,3140.63,-20.21,-0.64,32.26,1.27,1.35
2021-01-25,3208.99,68.36,2.18,33.02,1.3,1.32
2021-01-26,3140.31,-68.68,-2.14,32.28,1.27,1.35
2021-01-27,3122.56,-17.75,-0.57,32.1,1.26,1.36
2021-01-28,3069.05,-53.51,-1.71,31.55,1.24,1.38
2021-01-29,2976.21,-92.84,-3.03,30.59,1.2,1.43
2021-02-01,3056.53,80.32,2.7,31.42,1.23,1.39
2021-02-02,3096.81,40.28,1.32,31.84,1.25,1.37
2021-02-03,3129.68,32.87,1.06,32.18,1.26,1.36
2021-02-04,3087.55,-42.13,-1.35,31.74,1.25,1.37
2021-02-05,3120.63,33.08,1.07,32.08,1.26,1.36
2021-02-08,3091.24,-29.39,-0.94,31.78,1.25,1.37
2021-02-09,3084.67,-6.57,-0.21,31.71,1.25,1.38
2021-02-10,3100.58,15.91,0.52,31.88,1.25,1.37
2021-02-15,3147,46.42,1.5,32.36,1.27,1.35
2021-02-16,3163.25,16.25,0.52,32.53,1.28,1.34
2021-02-17,3133.73,-29.52,-0.93,32.22,1.27,1.35
2021-02-18,3086.66,-47.07,-1.5,31.74,1.25,1.37
2021-02-19,3107.62,20.96,0.68,31.96,1.25,1.36
2021-02-22,3079.75,-27.87,-0.9,31.67,1.24,1.38
2021-02-23,3070.09,-9.66,-0.31,31.57,1.24,1.38
2021-02-24,2994.98,-75.11,-2.45,30.8,1.21,1.42
2021-02-25,3099.69,104.71,3.5,31.88,1.25,1.37
2021-02-26,3012.95,-86.74,-2.8,30.98,1.22,1.41
2021-03-02,3043.87,30.92,1.03,31.3,1.23,1.39
2021-03-03,3082.99,39.12,1.29,31.71,1.25,1.38
2021-03-04,3043.49,-39.5,-1.28,31.3,1.23,1.39
2021-03-05,3026.26,-17.23,-0.57,31.12,1.22,1.4
2021-03-08,2996.11,-30.15,-1,30.81,1.21,1.42
2021-03-09,2976.12,-19.99,-0.67,30.6,1.2,1.43
2021-03-10,2958.12,-18,-0.6,30.42,1.19,1.43
2021-03-11,3013.7,55.58,1.88,30.99,1.22,1.41
2021-03-12,3054.39,40.69,1.35,31.41,1.23,1.39
2021-03-15,3045.71,-8.68,-0.28,31.32,1.23,1.39
2021-03-16,3067.17,21.46,0.7,31.54,1.24,1.38
2021-03-17,3047.5,-19.67,-0.64,31.34,1.23,1.39
2021-03-18,3066.01,18.51,0.61,31.53,1.24,1.38
2021-03-19,3039.53,-26.48,-0.86,31.45,1.24,1.39
2021-03-22,3035.46,-4.07,-0.13,31.41,1.23,1.39
2021-03-23,3004.74,-30.72,-1.01,31.09,1.22,1.4
2021-03-24,2996.35,-8.39,-0.28,31,1.22,1.41
2021-03-25,3008.33,11.98,0.4,31.12,1.22,1.4
2021-03-26,3041.01,32.68,1.09,31.45,1.24,1.39
2021-03-29,3036.04,-4.97,-0.16,31.4,1.23,1.39
2021-03-30,3070,33.96,1.12,31.75,1.25,1.37
2021-03-31,3061.42,-8.58,-0.28,31.67,1.24,1.38
2021-04-01,3087.4,25.98,0.85,31.94,1.25,1.36
2021-04-02,3112.8,25.4,0.82,32.2,1.26,1.35
2021-04-05,3120.83,8.03,0.26,32.29,1.27,1.35
2021-04-06,3127.08,6.25,0.2,32.35,1.27,1.35
2021-04-07,3137.41,10.33,0.33,32.46,1.27,1.34
2021-04-08,3143.26,5.85,0.19,32.52,1.28,1.34
2021-04-09,3131.88,-11.38,-0.36,32.4,1.27,1.35
2021-04-12,3135.59,3.71,0.12,32.44,1.27,1.34
2021-04-13,3169.08,33.49,1.07,32.79,1.29,1.33
2021-04-14,3182.38,13.3,0.42,32.95,1.29,1.32
2021-04-15,3194.33,11.95,0.38,33.07,1.3,1.32
2021-04-16,3198.62,4.29,0.13,33.12,1.3,1.32
2021-04-19,3198.84,0.22,0.01,33.12,1.3,1.32
2021-04-20,3220.7,21.86,0.68,33.35,1.31,1.31
2021-04-21,3171.66,-49.04,-1.52,32.85,1.29,1.33
2021-04-22,3177.52,5.86,0.18,32.92,1.29,1.32
2021-04-23,3186.1,8.58,0.27,32.99,1.3,1.32
2021-04-26,3217.53,31.43,0.99,33.32,1.31,1.31
2021-04-27,3215.42,-2.11,-0.07,33.3,1.31,1.31
2021-04-28,3181.47,-33.95,-1.06,32.94,1.29,1.32
2021-04-29,3174.07,-7.4,-0.23,32.87,1.29,1.33
2021-04-30,3147.86,-26.21,-0.83,32.6,1.28,1.34
2021-05-03,3127.2,-20.66,-0.66,26.05,1.26,1.83
2021-05-04,3147.37,20.17,0.64,26.22,1.27,1.82
2021-05-06,3178.74,31.37,1,26.48,1.28,1.8
2021-05-07,3197.2,18.46,0.58,26.63,1.29,1.79
2021-05-10,3249.3,52.1,1.63,27.07,1.31,1.76
2021-05-11,3209.43,-39.87,-1.23,26.75,1.3,1.79
2021-05-12,3161.66,-47.77,-1.49,26.46,1.28,1.8
2021-05-13,3122.11,-39.55,-1.25,26.09,1.26,1.83
2021-05-14,3153.32,31.21,1,26.36,1.28,1.81
2021-05-17,3134.52,-18.8,-0.6,26.2,1.27,1.82
2021-05-18,3173.05,38.53,1.23,26.53,1.28,1.8
2021-05-20,3162.28,-10.77,-0.34,26.44,1.28,1.81
2021-05-21,3156.42,-5.86,-0.19,26.39,1.28,1.81
2021-05-24,3144.3,-12.12,-0.38,26.25,1.27,1.82
2021-05-25,3171.32,27.02,0.86,26.48,1.28,1.8
2021-05-26,3168.43,-2.89,-0.09,26.46,1.28,1.8
2021-05-27,3165.51,-2.92,-0.09,26.43,1.28,1.81
2021-05-28,3188.73,23.22,0.73,26.56,1.29,1.8
2021-05-31,3203.92,15.19,0.48,26.69,1.29,1.79
2021-06-01,3221.87,17.95,0.56,26.84,1.3,1.78
2021-06-02,3224.23,2.36,0.07,26.86,1.3,1.78
2021-06-03,3247.43,23.2,0.72,18.13,1.28,1.76
2021-06-04,3240.08,-7.35,-0.23,18.09,1.28,1.77
2021-06-07,3252.12,12.04,0.37,18.16,1.28,1.76
2021-06-08,3247.83,-4.29,-0.13,18.13,1.28,1.76
2021-06-09,3216.18,-31.65,-0.97,17.95,1.27,1.78
2021-06-10,3224.64,8.46,0.26,17.97,1.27,1.77
2021-06-11,3249.32,24.68,0.77,18.11,1.28,1.76
2021-06-14,3252.13,2.81,0.09,18.12,1.28,1.76
2021-06-15,3258.63,6.5,0.2,18.16,1.29,1.76
2021-06-16,3278.68,20.05,0.62,18.27,1.29,1.74
2021-06-17,3264.96,-13.72,-0.42,18.2,1.29,1.75
2021-06-18,3267.93,2.97,0.09,18.22,1.29,1.75
2021-06-21,3240.79,-27.14,-0.83,18.06,1.28,1.76
2021-06-22,3263.88,23.09,0.71,18.19,1.29,1.75
2021-06-23,3276.19,12.31,0.38,18.26,1.29,1.75
2021-06-24,3286.1,9.91,0.3,18.32,1.3,1.74
2021-06-25,3302.84,16.74,0.51,18.41,1.3,1.73
2021-06-28,3301.89,-0.95,-0.03,18.4,1.3,1.73
2021-06-29,3286.68,-15.21,-0.46,18.33,1.3,1.74
2021-06-30,3296.68,10,0.3,18.38,1.3,1.73
2021-07-01,3282.06,-14.62,-0.44,18.3,1.3,1.74
2021-07-02,3281.78,-0.28,-0.01,18.3,1.3,1.74
2021-07-05,3293.21,11.43,0.35,18.37,1.3,1.74
2021-07-06,3305.21,12,0.36,18.44,1.31,1.73
2021-07-07,3285.34,-19.87,-0.6,18.33,1.3,1.74
2021-07-08,3252.68,-32.66,-0.99,18.15,1.29,1.76
2021-07-09,3217.95,-34.73,-1.07,17.95,1.27,1.78
2021-07-12,3246.47,28.52,0.89,18.11,1.28,1.76
2021-07-13,3271.38,24.91,0.77,18.25,1.29,1.75
2021-07-14,3264.81,-6.57,-0.2,18.22,1.29,1.75
2021-07-15,3286.22,21.41,0.66,18.34,1.3,1.74
2021-07-16,3276.91,-9.31,-0.28,18.31,1.3,1.74
2021-07-19,3244.04,-32.87,-1,18.08,1.29,1.76
2021-07-20,3232.7,-11.34,-0.35,18.02,1.28,1.76
2021-07-21,3215.91,-16.79,-0.52,17.94,1.28,1.77
2021-07-22,3250.21,34.3,1.07,18.11,1.29,1.75
2021-07-23,3254.42,4.21,0.13,18.14,1.29,1.75
2021-07-26,3224.95,-29.47,-0.91,17.97,1.28,1.77
2021-07-27,3232.53,7.58,0.24,18.01,1.28,1.76
2021-07-28,3236.86,4.33,0.13,18.04,1.28,1.76
2021-07-29,3242.65,5.79,0.18,18.07,1.29,1.76
2021-07-30,3202.32,-40.33,-1.24,17.85,1.27,1.78
2021-08-02,3223.04,20.72,0.65,17.96,1.28,1.77
2021-08-03,3237.14,14.1,0.44,18.04,1.28,1.76
2021-08-04,3280.38,43.24,1.34,18.28,1.3,1.74
2021-08-05,3276.13,-4.25,-0.13,18.26,1.3,1.74
2021-08-06,3270.36,-5.77,-0.18,18.23,1.3,1.74
2021-08-09,3260.42,-9.94,-0.3,18.43,1.31,1.72
2021-08-10,3243.19,-17.23,-0.53,18.34,1.3,1.73
2021-08-11,3220.62,-22.57,-0.7,18.31,1.31,1.73
2021-08-12,3208.38,-12.24,-0.38,18.24,1.3,1.73
2021-08-13,3171.29,-37.09,-1.16,18.02,1.29,1.75
2021-08-17,3143.09,-28.2,-0.89,17.86,1.28,1.77
2021-08-18,3158.93,15.84,0.5,17.94,1.28,1.76
2021-08-19,3097.83,-61.1,-1.93,17.6,1.26,1.79
2021-08-20,3060.51,-37.32,-1.2,17.39,1.24,1.81
2021-08-23,3090.21,29.7,0.97,17.57,1.26,1.8
2021-08-24,3138.3,48.09,1.56,17.84,1.28,1.77
2021-08-25,3146.81,8.51,0.27,17.89,1.28,1.76
2021-08-26,3128.53,-18.28,-0.58,17.78,1.27,1.77
2021-08-27,3133.9,5.37,0.17,17.82,1.27,1.77
2021-08-30,3144.19,10.29,0.33,17.88,1.28,1.77
2021-08-31,3199.27,55.08,1.75,18.2,1.3,1.73
2021-09-01,3207.02,7.75,0.24,18.24,1.3,1.73
2021-09-02,3175.85,-31.17,-0.97,18.1,1.29,1.74
2021-09-03,3201.06,25.21,0.79,18.24,1.3,1.73
2021-09-06,3203.33,2.27,0.07,18.25,1.3,1.73
2021-09-07,3187.42,-15.91,-0.5,18.16,1.3,1.74
2021-09-08,3162.99,-24.43,-0.77,18.02,1.29,1.75
2021-09-09,3114.7,-48.29,-1.53,14.82,1.23,1.77
2021-09-10,3125.76,11.06,0.36,14.87,1.23,1.77
2021-09-13,3127.86,2.1,0.07,14.89,1.23,1.77
2021-09-14,3148.83,20.97,0.67,14.99,1.24,1.75
2021-09-15,3153.4,4.57,0.15,15.01,1.24,1.75
2021-09-16,3130.09,-23.31,-0.74,14.91,1.23,1.76
2021-09-17,3140.51,10.42,0.33,14.95,1.24,1.76
2021-09-23,3127.58,-12.93,-0.41,15,1.23,1.76
2021-09-24,3125.24,-2.34,-0.07,14.99,1.23,1.76
2021-09-27,3133.64,8.4,0.27,15.03,1.24,1.75
2021-09-28,3097.92,-35.72,-1.14,14.86,1.22,1.77
2021-09-29,3060.27,-37.65,-1.22,14.68,1.21,1.8
2021-09-30,3068.82,8.55,0.28,14.72,1.21,1.79
2021-10-01,3019.18,-49.64,-1.62,14.48,1.19,1.82
2021-10-05,2962.17,-57.01,-1.89,14.21,1.17,1.86
2021-10-06,2908.31,-53.86,-1.82,13.95,1.15,1.89
2021-10-07,2959.46,51.15,1.76,14.2,1.17,1.86
2021-10-08,2956.3,-3.16,-0.11,14.18,1.17,1.86
2021-10-12,2916.38,-39.92,-1.35,13.99,1.15,1.88
2021-10-13,2944.41,28.03,0.96,14.12,1.16,1.87
2021-10-14,2988.64,44.23,1.5,14.34,1.18,1.84
2021-10-15,3015.06,26.42,0.88,14.47,1.19,1.82
2021-10-18,3006.68,-8.38,-0.28,14.43,1.19,1.83
2021-10-19,3029.04,22.36,0.74,14.54,1.2,1.81
2021-10-20,3013.13,-15.91,-0.53,14.46,1.19,1.82
2021-10-21,3007.33,-5.8,-0.19,14.43,1.19,1.83
2021-10-22,3006.16,-1.17,-0.04,14.43,1.19,1.83
2021-10-25,3020.54,14.38,0.48,14.5,1.19,1.82
2021-10-26,3049.08,28.54,0.94,14.63,1.2,1.8
2021-10-27,3025.49,-23.59,-0.77,14.52,1.19,1.82
2021-10-28,3009.55,-15.94,-0.53,14.44,1.19,1.83
2021-10-29,2970.68,-38.87,-1.29,14.25,1.17,1.85
2021-11-01,2978.94,8.26,0.28,14.3,1.18,1.84
2021-11-02,3013.49,34.55,1.16,14.46,1.19,1.82
2021-11-03,2975.71,-37.78,-1.25,14.29,1.17,1.85
2021-11-04,2983.22,7.51,0.25,14.5,1.19,1.82
2021-11-05,2969.27,-13.95,-0.47,14.43,1.19,1.83
2021-11-08,2960.2,-9.07,-0.31,14.39,1.18,1.83
2021-11-09,2962.46,2.26,0.08,14.4,1.18,1.83
2021-11-10,2930.17,-32.29,-1.09,14.24,1.17,1.85
2021-11-11,2924.92,-5.25,-0.18,14.21,1.17,1.85
2021-11-12,2968.8,43.88,1.5,14.43,1.19,1.83
2021-11-15,2999.52,30.72,1.03,14.58,1.2,1.81
2021-11-16,2997.21,-2.31,-0.08,14.59,1.2,1.81
2021-11-17,2962.42,-34.79,-1.16,14.42,1.19,1.83
2021-11-18,2947.38,-15.04,-0.51,14.34,1.18,1.84
2021-11-19,2971.02,23.64,0.8,14.46,1.19,1.82
2021-11-22,3013.25,42.23,1.42,14.67,1.21,1.8
2021-11-23,2997.33,-15.92,-0.53,14.59,1.2,1.81
2021-11-24,2994.29,-3.04,-0.1,14.57,1.2,1.81
2021-11-25,2980.27,-14.02,-0.47,14.51,1.19,1.82
2021-11-26,2936.44,-43.83,-1.47,14.29,1.17,1.84
2021-11-29,2909.32,-27.12,-0.92,14.17,1.16,1.86
2021-11-30,2839.01,-70.31,-2.42,13.77,1.13,1.92
2021-12-01,2899.72,60.71,2.14,14.07,1.16,1.87
2021-12-02,2945.27,45.55,1.57,14.29,1.17,1.85
2021-12-03,2968.33,23.06,0.78,14.4,1.18,1.83
2021-12-06,2973.25,4.92,0.17,14.43,1.19,1.83
2021-12-07,2991.72,18.47,0.62,14.52,1.19,1.82
2021-12-08,3001.8,10.08,0.34,14.57,1.2,1.81
2021-12-09,3029.57,27.77,0.93,14.71,1.21,1.79
2021-12-10,3010.23,-19.34,-0.64,14.62,1.2,1.8
2021-12-13,3001.66,-8.57,-0.28,12.82,1.15,1.81
2021-12-14,2987.95,-13.71,-0.46,12.76,1.15,1.82
2021-12-15,2989.39,1.44,0.05,12.77,1.15,1.82
2021-12-16,3006.41,17.02,0.57,12.84,1.15,1.81
2021-12-17,3017.73,11.32,0.38,12.89,1.16,1.8
2021-12-20,2963,-54.73,-1.81,12.65,1.14,1.83
2021-12-21,2975.03,12.03,0.41,12.7,1.14,1.82
2021-12-22,2984.48,9.45,0.32,12.74,1.14,1.82
2021-12-23,2998.17,13.69,0.46,12.8,1.15,1.81
2021-12-24,3012.43,14.26,0.48,12.86,1.15,1.8
2021-12-27,2999.55,-12.88,-0.43,12.8,1.15,1.81
2021-12-28,3020.24,20.69,0.69,12.89,1.16,1.8
2021-12-29,2993.29,-26.95,-0.89,12.78,1.15,1.81
2021-12-30,2977.65,-15.64,-0.52,12.72,1.14,1.82
2022-01-03,2988.77,11.12,0.37,12.76,1.15,1.82
2022-01-04,2989.24,0.47,0.02,12.76,1.15,1.82
2022-01-05,2953.97,-35.27,-1.18,12.61,1.13,1.84
2022-01-06,2920.53,-33.44,-1.13,12.47,1.12,1.86
2022-01-07,2954.89,34.36,1.18,12.62,1.13,1.84
2022-01-10,2926.72,-28.17,-0.95,12.51,1.12,1.85
2022-01-11,2927.38,0.66,0.02,12.51,1.12,1.85
2022-01-12,2972.48,45.1,1.54,12.7,1.14,1.83
2022-01-13,2962.09,-10.39,-0.35,12.66,1.14,1.83
2022-01-14,2921.92,-40.17,-1.36,12.48,1.12,1.86
2022-01-17,2890.1,-31.82,-1.09,12.35,1.11,1.88
2022-01-18,2864.24,-25.86,-0.89,12.23,1.1,1.9
2022-01-19,2842.28,-21.96,-0.77,12.14,1.09,1.91
2022-01-20,2862.68,20.4,0.72,12.23,1.1,1.9
2022-01-21,2834.29,-28.39,-0.99,12.11,1.09,1.92
2022-01-24,2792,-42.29,-1.49,11.93,1.07,1.94
2022-01-25,2720.39,-71.61,-2.56,11.62,1.04,2
2022-01-26,2709.24,-11.15,-0.41,11.57,1.04,2
2022-01-27,2614.49,-94.75,-3.5,11.16,1,2.08
2022-01-28,2663.34,48.85,1.87,12.14,1.08,1.92
2022-02-03,2707.82,44.48,1.67,12.34,1.1,1.88
2022-02-04,2750.26,42.44,1.57,12.53,1.12,1.86
2022-02-07,2745.06,-5.2,-0.19,12.51,1.12,1.86
2022-02-08,2746.47,1.41,0.05,12.52,1.12,1.86
2022-02-09,2768.85,22.38,0.81,12.62,1.13,1.84
2022-02-10,2771.93,3.08,0.11,12.64,1.13,1.84
2022-02-11,2747.71,-24.22,-0.87,12.53,1.12,1.86
2022-02-14,2704.48,-43.23,-1.57,12.33,1.1,1.89
2022-02-15,2676.54,-27.94,-1.03,12.2,1.09,1.91
2022-02-16,2729.68,53.14,1.99,12.44,1.11,1.87
2022-02-17,2744.09,14.41,0.53,12.51,1.12,1.86
2022-02-18,2744.52,0.43,0.02,12.51,1.12,1.86
2022-02-21,2743.8,-0.72,-0.03,12.51,1.12,1.86
2022-02-22,2706.79,-37.01,-1.35,12.34,1.1,1.88
2022-02-23,2719.53,12.74,0.47,12.39,1.11,1.88
2022-02-24,2648.8,-70.73,-2.6,12.07,1.08,1.93
2022-02-25,2676.76,27.96,1.06,12.2,1.09,1.91
2022-02-28,2699.18,22.42,0.84,12.32,1.1,1.89
2022-03-02,2703.52,4.34,0.16,12.34,1.1,1.88
2022-03-03,2747.08,43.56,1.61,12.54,1.12,1.85
2022-03-04,2713.43,-33.65,-1.22,12.39,1.11,1.88
2022-03-07,2651.31,-62.12,-2.29,12.1,1.08,1.92
2022-03-08,2622.4,-28.91,-1.09,11.97,1.07,1.94
2022-03-10,2680.32,57.92,2.21,12.23,1.09,1.9
2022-03-11,2661.28,-19.04,-0.71,12.15,1.08,1.91
2022-03-14,2645.65,-15.63,-0.59,12.07,1.08,1.93
2022-03-15,2621.53,-24.12,-0.91,11.97,1.07,1.94
2022-03-16,2659.23,37.7,1.44,12.14,1.08,1.92
2022-03-17,2694.51,35.28,1.33,12.3,1.1,1.89
2022-03-18,2707.02,12.51,0.46,12.36,1.1,1.88
2022-03-21,2686.05,-20.97,-0.77,12.26,1.09,1.9
2022-03-22,2710,23.95,0.89,12.37,1.1,1.88
2022-03-23,2735.05,25.05,0.92,12.48,1.11,1.86
2022-03-24,2729.66,-5.39,-0.2,12.45,1.11,1.87
2022-03-25,2729.98,0.32,0.01,12.46,1.11,1.87
2022-03-28,2729.56,-0.42,-0.02,12.46,1.11,1.87
2022-03-29,2741.07,11.51,0.42,12.51,1.12,1.86
2022-03-30,2746.74,5.67,0.21,12.54,1.12,1.85
2022-03-31,2757.65,10.91,0.4,12.58,1.12,1.85
2022-04-01,2739.85,-17.8,-0.65,12.5,1.12,1.86
2022-04-04,2757.9,18.05,0.66,12.59,1.12,1.85
2022-04-05,2759.2,1.3,0.05,12.59,1.12,1.85
2022-04-06,2735.03,-24.17,-0.88,12.48,1.11,1.86
2022-04-07,2695.86,-39.17,-1.43,12.3,1.1,1.89
2022-04-08,2700.39,4.53,0.17,12.32,1.1,1.89
2022-04-11,2693.1,-7.29,-0.27,12.29,1.1,1.89
2022-04-12,2666.76,-26.34,-0.98,12.17,1.09,1.91
2022-04-13,2716.49,49.73,1.86,12.4,1.11,1.88
2022-04-14,2716.71,0.22,0.01,12.4,1.11,1.88
2022-04-15,2696.06,-20.65,-0.76,12.3,1.1,1.89
2022-04-18,2693.21,-2.85,-0.11,12.29,1.1,1.89
2022-04-19,2718.89,25.68,0.95,12.41,1.11,1.87
2022-04-20,2718.69,-0.2,-0.01,12.41,1.11,1.87
2022-04-21,2728.21,9.52,0.35,12.45,1.11,1.87
2022-04-22,2704.71,-23.5,-0.86,12.34,1.1,1.88
2022-04-25,2657.13,-47.58,-1.76,12.12,1.08,1.92
2022-04-26,2668.31,11.18,0.42,12.18,1.09,1.91
2022-04-27,2639.06,-29.25,-1.1,12.04,1.07,1.93
2022-04-28,2667.49,28.43,1.08,12.17,1.09,1.91
2022-04-29,2695.05,27.56,1.03,12.3,1.1,1.89
2022-05-02,2687.45,-7.6,-0.28,11.13,1.08,1.85
2022-05-03,2680.46,-6.99,-0.26,11.1,1.07,1.85
2022-05-04,2677.57,-2.89,-0.11,11.09,1.07,1.85
2022-05-06,2644.51,-33.06,-1.23,10.95,1.06,1.88
2022-05-09,2610.81,-33.7,-1.27,10.81,1.05,1.9
2022-05-10,2596.56,-14.25,-0.55,10.75,1.04,1.91
2022-05-11,2592.27,-4.29,-0.17,10.74,1.04,1.92
2022-05-12,2550.08,-42.19,-1.63,10.56,1.02,1.95
2022-05-13,2604.24,54.16,2.12,10.79,1.04,1.91
2022-05-16,2596.58,-7.66,-0.29,10.75,1.04,1.91
2022-05-17,2620.44,23.86,0.92,10.85,1.05,1.9
2022-05-18,2625.98,5.54,0.21,10.87,1.05,1.89
2022-05-19,2592.34,-33.64,-1.28,10.73,1.04,1.92
2022-05-20,2639.29,46.95,1.81,10.93,1.06,1.88
2022-05-23,2647.38,8.09,0.31,10.96,1.06,1.88
2022-05-24,2605.87,-41.51,-1.57,10.79,1.04,1.91
2022-05-25,2617.22,11.35,0.44,10.83,1.05,1.9
2022-05-26,2612.45,-4.77,-0.18,10.81,1.05,1.9
2022-05-27,2638.05,25.6,0.98,10.92,1.06,1.88
2022-05-30,2669.66,31.61,1.2,11.05,1.07,1.86
2022-05-31,2685.9,16.24,0.61,11.12,1.08,1.85
2022-06-02,2658.99,-26.91,-1,11.01,1.06,1.87
2022-06-03,2670.65,11.66,0.44,11.06,1.07,1.86
2022-06-07,2626.34,-44.31,-1.66,10.87,1.05,1.89
2022-06-08,2626.15,-0.19,-0.01,10.87,1.05,1.89
2022-06-09,2625.44,-0.71,-0.03,11.44,1.04,1.89
2022-06-10,2595.87,-29.57,-1.13,11.31,1.02,1.91
2022-06-13,2504.51,-91.36,-3.52,10.91,0.99,1.98
2022-06-14,2492.97,-11.54,-0.46,10.86,0.98,1.99
2022-06-15,2447.38,-45.59,-1.83,10.66,0.96,2.03
2022-06-16,2451.41,4.03,0.16,10.68,0.97,2.03
2022-06-17,2440.93,-10.48,-0.43,10.63,0.96,2.03
2022-06-20,2391.03,-49.9,-2.04,10.42,0.94,2.08
2022-06-21,2408.93,17.9,0.75,10.5,0.95,2.06
2022-06-22,2342.81,-66.12,-2.74,10.21,0.92,2.12
2022-06-23,2314.32,-28.49,-1.22,10.08,0.91,2.15
2022-06-24,2366.6,52.28,2.26,10.31,0.93,2.1
2022-06-27,2401.92,35.32,1.49,10.47,0.95,2.07
2022-06-28,2422.09,20.17,0.84,10.56,0.96,2.05
2022-06-29,2377.99,-44.1,-1.82,10.37,0.94,2.09
2022-06-30,2332.64,-45.35,-1.91,10.17,0.92,2.13
2022-07-01,2305.42,-27.22,-1.17,10.05,0.91,2.15
2022-07-04,2300.34,-5.08,-0.22,10.03,0.91,2.16
2022-07-05,2341.78,41.44,1.8,10.21,0.92,2.12
2022-07-06,2292.01,-49.77,-2.13,9.99,0.9,2.17
2022-07-07,2334.27,42.26,1.84,10.18,0.92,2.13
2022-07-08,2350.61,16.34,0.7,10.25,0.93,2.11
2022-07-11,2340.27,-10.34,-0.44,10.2,0.92,2.12
2022-07-12,2317.76,-22.51,-0.96,10.11,0.91,2.14
2022-07-13,2328.61,10.85,0.47,10.15,0.92,2.13
2022-07-14,2322.32,-6.29,-0.27,10.13,0.92,2.14
2022-07-15,2330.98,8.66,0.37,10.17,0.92,2.13
2022-07-18,2375.25,44.27,1.9,10.36,0.94,2.09
2022-07-19,2370.97,-4.28,-0.18,10.34,0.94,2.09
2022-07-20,2386.85,15.88,0.67,10.41,0.94,2.08
2022-07-21,2409.16,22.31,0.93,10.51,0.95,2.06
2022-07-22,2393.14,-16.02,-0.66,10.44,0.95,2.07
2022-07-25,2403.69,10.55,0.44,10.48,0.95,2.06
2022-07-26,2412.96,9.27,0.39,10.52,0.95,2.06
2022-07-27,2415.53,2.57,0.11,10.54,0.95,2.05
2022-07-28,2435.27,19.74,0.82,10.62,0.96,2.04
2022-07-29,2451.5,16.23,0.67,10.69,0.97,2.02
2022-08-01,2452.25,0.75,0.03,10.69,0.97,2.02
2022-08-02,2439.62,-12.63,-0.52,10.64,0.96,2.03
2022-08-03,2461.45,21.83,0.89,10.74,0.97,2.01
2022-08-04,2473.11,11.66,0.47,10.79,0.98,2.01
2022-08-05,2490.8,17.69,0.72,10.87,0.98,1.99
2022-08-08,2493.1,2.3,0.09,10.88,0.99,1.99
2022-08-09,2503.46,10.36,0.42,10.93,0.99,1.98
2022-08-10,2480.88,-22.58,-0.9,10.83,0.98,2
2022-08-11,2523.78,42.9,1.73,11.02,1,1.96
2022-08-12,2527.94,4.16,0.16,11.04,1,1.96
2022-08-16,2533.52,5.58,0.22,11.06,1,1.96
2022-08-17,2516.47,-17.05,-0.67,10.99,0.99,1.97
2022-08-18,2508.05,-8.42,-0.33,10.95,0.99,1.98
2022-08-19,2492.69,-15.36,-0.61,10.88,0.99,1.99
2022-08-22,2462.5,-30.19,-1.21,10.75,0.97,2.01
2022-08-23,2435.34,-27.16,-1.1,10.63,0.96,2.03
2022-08-24,2447.45,12.11,0.5,10.69,0.97,2.02
2022-08-25,2477.26,29.81,1.22,10.82,0.98,2
2022-08-26,2481.03,3.77,0.15,10.83,0.98,2
2022-08-29,2426.89,-54.14,-2.18,10.6,0.96,2.04
2022-08-30,2450.93,24.04,0.99,10.7,0.97,2.02
2022-08-31,2472.05,21.12,0.86,10.8,0.98,2
2022-09-01,2415.61,-56.44,-2.28,10.55,0.95,2.05
2022-09-02,2409.41,-6.2,-0.26,10.52,0.95,2.06
2022-09-05,2403.68,-5.73,-0.24,10.49,0.95,2.06
2022-09-06,2410.02,6.34,0.26,10.52,0.95,2.06
2022-09-07,2376.46,-33.56,-1.39,10.37,0.94,2.09
2022-09-08,2384.28,7.82,0.33,10.41,0.94,2.08
2022-09-13,2449.54,65.26,2.74,10.7,0.97,2.02
2022-09-14,2411.42,-38.12,-1.56,10.53,0.95,2.05
2022-09-15,2401.83,-9.59,-0.4,10.49,0.95,2.06
2022-09-16,2382.78,-19.05,-0.79,10.24,0.92,2.08
2022-09-19,2355.66,-27.12,-1.14,10.13,0.91,2.1
2022-09-20,2367.85,12.19,0.52,10.18,0.92,2.09
2022-09-21,2347.21,-20.64,-0.87,10.09,0.91,2.11
2022-09-22,2332.31,-14.9,-0.63,10.03,0.9,2.12
2022-09-23,2290,-42.31,-1.81,9.84,0.89,2.16
2022-09-26,2220.94,-69.06,-3.02,9.55,0.86,2.23
2022-09-27,2223.86,2.92,0.13,9.56,0.86,2.23
2022-09-28,2169.29,-54.57,-2.45,9.32,0.84,2.28
2022-09-29,2170.93,1.64,0.08,9.33,0.84,2.28
2022-09-30,2155.49,-15.44,-0.71,9.26,0.83,2.3
2022-10-04,2209.38,53.89,2.5,9.5,0.85,2.24
2022-10-05,2215.22,5.84,0.26,9.52,0.86,2.24
2022-10-06,2237.86,22.64,1.02,9.62,0.87,2.21
2022-10-07,2232.84,-5.02,-0.22,9.6,0.86,2.22
2022-10-11,2192.07,-40.77,-1.83,9.42,0.85,2.26
2022-10-12,2202.47,10.4,0.47,9.47,0.85,2.25
2022-10-13,2162.87,-39.6,-1.8,9.3,0.84,2.29
2022-10-14,2212.55,49.68,2.3,9.52,0.86,2.24
2022-10-17,2219.71,7.16,0.32,9.55,0.86,2.23
2022-10-18,2249.95,30.24,1.36,9.68,0.87,2.2
2022-10-19,2237.44,-12.51,-0.56,9.62,0.87,2.21
2022-10-20,2218.09,-19.35,-0.86,9.54,0.86,2.23
2022-10-21,2213.12,-4.97,-0.22,9.52,0.86,2.24
2022-10-24,2236.16,23.04,1.04,9.62,0.87,2.21
2022-10-25,2235.07,-1.09,-0.05,9.62,0.87,2.21
2022-10-26,2249.56,14.49,0.65,9.68,0.87,2.2
2022-10-27,2288.78,39.22,1.74,9.85,0.89,2.16
2022-10-28,2268.4,-20.38,-0.89,9.76,0.88,2.18
2022-10-31,2293.61,25.21,1.11,9.87,0.89,2.16
2022-11-01,2335.22,41.61,1.81,10.05,0.9,2.12
2022-11-02,2336.87,1.65,0.07,10.06,0.91,2.12
2022-11-03,2329.17,-7.7,-0.33,10.01,0.9,2.13
2022-11-04,2348.43,19.26,0.83,10.1,0.91,2.11
2022-11-07,2371.79,23.36,0.99,10.2,0.92,2.09
2022-11-08,2399.04,27.25,1.15,10.32,0.93,2.07
2022-11-09,2424.41,25.37,1.06,10.42,0.94,2.04
2022-11-10,2402.23,-22.18,-0.91,10.33,0.93,2.06
2022-11-11,2483.16,80.93,3.37,10.68,0.96,2
2022-11-14,2474.65,-8.51,-0.34,10.64,0.96,2
2022-11-15,2480.33,5.68,0.23,10.66,0.96,2
2022-11-16,2477.45,-2.88,-0.12,10.66,0.96,2
2022-11-17,2442.9,-34.55,-1.39,10.51,0.95,2.03
2022-11-18,2444.48,1.58,0.06,10.52,0.95,2.03
2022-11-21,2419.5,-24.98,-1.02,10.41,0.94,2.05
2022-11-22,2405.27,-14.23,-0.59,10.35,0.93,2.06
2022-11-23,2418.01,12.74,0.53,10.4,0.94,2.05
2022-11-24,2441.33,23.32,0.96,10.5,0.95,2.03
2022-11-25,2437.86,-3.47,-0.14,10.49,0.95,2.03
2022-11-28,2408.27,-29.59,-1.21,10.36,0.93,2.06
2022-11-29,2433.39,25.12,1.04,10.47,0.94,2.03
2022-11-30,2472.53,39.14,1.61,10.64,0.96,2
2022-12-01,2479.84,7.31,0.3,10.67,0.96,2
2022-12-02,2434.33,-45.51,-1.84,10.47,0.94,2.03
2022-12-05,2419.32,-15.01,-0.62,10.41,0.94,2.05
2022-12-06,2393.16,-26.16,-1.08,10.29,0.93,2.07
2022-12-07,2382.81,-10.35,-0.43,10.25,0.92,2.08
2022-12-08,2371.08,-11.73,-0.49,10.2,0.92,2.09
2022-12-09,2389.04,17.96,0.76,10.28,0.93,2.07
2022-12-12,2373.02,-16.02,-0.67,10.21,0.92,2.09
2022-12-13,2372.4,-0.62,-0.03,10.2,0.92,2.09
2022-12-14,2399.25,26.85,1.13,10.33,0.93,2.06
2022-12-15,2360.97,-38.28,-1.6,10.16,0.92,2.1
2022-12-16,2360.02,-0.95,-0.04,11.39,0.89,2.1
2022-12-19,2352.17,-7.85,-0.33,11.36,0.88,2.1
2022-12-20,2333.29,-18.88,-0.8,11.26,0.88,2.12
2022-12-21,2328.95,-4.34,-0.19,11.24,0.88,2.13
2022-12-22,2356.73,27.78,1.19,11.38,0.89,2.1
2022-12-23,2313.69,-43.04,-1.83,11.13,0.87,2.14
2022-12-26,2317.14,3.45,0.15,11.14,0.87,2.14
2022-12-27,2332.79,15.65,0.68,11.22,0.88,2.12
2022-12-28,2280.45,-52.34,-2.24,10.97,0.86,2.17
2022-12-29,2236.4,-44.05,-1.93,10.76,0.84,2.22
2023-01-02,2225.67,-10.73,-0.48,10.7,0.84,2.23
2023-01-03,2218.68,-6.99,-0.31,10.67,0.83,2.23
2023-01-04,2255.98,37.3,1.68,10.85,0.85,2.2
2023-01-05,2264.65,8.67,0.38,10.89,0.85,2.19
2023-01-06,2289.97,25.32,1.12,11.02,0.86,2.16
2023-01-09,2350.19,60.22,2.63,11.31,0.88,2.11
2023-01-10,2351.31,1.12,0.05,11.31,0.88,2.11
2023-01-11,2359.53,8.22,0.35,11.35,0.89,2.1
2023-01-12,2365.1,5.57,0.24,11.38,0.89,2.09
2023-01-13,2386.09,20.99,0.89,11.48,0.9,2.08
2023-01-16,2399.86,13.77,0.58,11.55,0.9,2.06
2023-01-17,2379.39,-20.47,-0.85,11.45,0.9,2.08
2023-01-18,2368.32,-11.07,-0.47,11.39,0.89,2.09
2023-01-19,2380.34,12.02,0.51,11.45,0.9,2.08
2023-01-20,2395.26,14.92,0.63,11.53,0.9,2.07
2023-01-25,2428.57,33.31,1.39,11.69,0.91,2.04
2023-01-26,2468.65,40.08,1.65,11.89,0.93,2
2023-01-27,2484.02,15.37,0.62,11.96,0.94,1.99
2023-01-30,2450.47,-33.55,-1.35,11.81,0.92,2.02
2023-01-31,2425.08,-25.39,-1.04,11.69,0.91,2.04
2023-02-01,2449.8,24.72,1.02,11.81,0.92,2.02
2023-02-02,2468.88,19.08,0.78,11.9,0.93,2
2023-02-03,2480.4,11.52,0.47,11.96,0.94,1.99
2023-02-06,2438.19,-42.21,-1.7,11.75,0.92,2.03
2023-02-07,2451.71,13.52,0.55,11.81,0.92,2.02
2023-02-08,2483.64,31.93,1.3,11.97,0.94,1.99
2023-02-09,2481.52,-2.12,-0.09,11.96,0.94,1.99
2023-02-10,2469.73,-11.79,-0.48,11.9,0.93,2
2023-02-13,2452.7,-17.03,-0.69,11.82,0.92,2.02
2023-02-14,2465.64,12.94,0.53,11.88,0.93,2.01
2023-02-15,2427.9,-37.74,-1.53,11.7,0.92,2.04
2023-02-16,2475.48,47.58,1.96,11.93,0.93,2
2023-02-17,2451.21,-24.27,-0.98,11.81,0.92,2.02
2023-02-20,2455.12,3.91,0.16,11.83,0.93,2.01
2023-02-21,2458.96,3.84,0.16,11.88,0.92,2.01
2023-02-22,2417.68,-41.28,-1.68,11.68,0.91,2.05
2023-02-23,2439.09,21.41,0.89,11.79,0.92,2.03
2023-02-24,2423.61,-15.48,-0.63,11.71,0.91,2.04
2023-02-27,2402.64,-20.97,-0.87,11.61,0.9,2.06
2023-02-28,2412.85,10.21,0.42,11.66,0.91,2.05
2023-03-02,2427.85,15,0.62,11.73,0.91,2.04
2023-03-03,2432.07,4.22,0.17,11.75,0.91,2.04
2023-03-06,2462.62,30.55,1.26,11.9,0.93,2.01
2023-03-07,2463.35,0.73,0.03,11.9,0.93,2.01
2023-03-08,2431.91,-31.44,-1.28,11.75,0.91,2.04
2023-03-09,2419.09,-12.82,-0.53,11.69,0.91,2.05
2023-03-10,2394.59,-24.5,-1.01,11.57,0.9,2.07
2023-03-13,2410.6,16.01,0.67,11.65,0.91,2.05
2023-03-14,2348.97,-61.63,-2.56,11.35,0.88,2.11
2023-03-15,2379.72,30.75,1.31,11.5,0.89,2.08
2023-03-16,2377.91,-1.81,-0.08,11.49,0.89,2.08
2023-03-17,2395.69,17.78,0.75,11.58,0.9,2.07
2023-03-20,2379.2,-16.49,-0.69,11.5,0.89,2.08
2023-03-21,2388.35,9.15,0.38,11.54,0.9,2.07
2023-03-22,2416.96,28.61,1.2,11.67,0.91,2.05
2023-03-23,2424.48,7.52,0.31,11.71,0.91,2.04
2023-03-24,2414.96,-9.52,-0.39,11.66,0.91,2.05
2023-03-27,2409.22,-5.74,-0.24,11.64,0.91,2.05
2023-03-28,2434.94,25.72,1.07,11.76,0.92,2.03
2023-03-29,2443.92,8.98,0.37,11.81,0.92,2.03
2023-03-30,2453.16,9.24,0.38,11.85,0.92,2.02
2023-03-31,2476.86,23.7,0.97,11.97,0.93,2
2023-04-03,2472.34,-4.52,-0.18,11.96,0.93,2
2023-04-04,2480.51,8.17,0.33,12,0.93,1.99
2023-04-05,2495.21,14.7,0.59,12.07,0.94,1.98
2023-04-06,2459.23,-35.98,-1.44,11.89,0.93,2.01
2023-04-07,2490.41,31.18,1.27,12.04,0.94,1.98
2023-04-10,2512.08,21.67,0.87,12.15,0.95,1.97
2023-04-11,2547.86,35.78,1.42,12.32,0.96,1.94
2023-04-12,2550.64,2.78,0.11,12.33,0.96,1.94
2023-04-13,2561.66,11.02,0.43,12.39,0.96,1.93
2023-04-14,2571.49,9.83,0.38,12.43,0.97,1.92
2023-04-17,2575.91,4.42,0.17,12.45,0.97,1.92
2023-04-18,2571.09,-4.82,-0.19,12.43,0.97,1.92
2023-04-19,2575.08,3.99,0.16,12.46,0.97,1.92
2023-04-20,2563.11,-11.97,-0.46,12.4,0.97,1.93
2023-04-21,2544.4,-18.71,-0.73,12.31,0.96,1.94
2023-04-24,2523.5,-20.9,-0.82,12.21,0.95,1.96
2023-04-25,2489.02,-34.48,-1.37,12.08,0.94,1.99
2023-04-26,2484.83,-4.19,-0.17,12.06,0.94,1.99
2023-04-27,2495.81,10.98,0.44,12.11,0.94,1.98
2023-04-28,2501.53,5.72,0.23,12.14,0.94,1.98
2023-05-02,2524.39,22.86,0.91,13.3,0.96,1.97
2023-05-03,2501.4,-22.99,-0.91,13.18,0.95,1.99
2023-05-04,2500.94,-0.46,-0.02,13.17,0.95,1.99
2023-05-08,2513.21,12.27,0.49,13.24,0.96,1.98
2023-05-09,2510.06,-3.15,-0.13,13.22,0.96,1.98
2023-05-10,2496.51,-13.55,-0.54,13.15,0.95,1.99
2023-05-11,2491,-5.51,-0.22,13.12,0.95,1.99
2023-05-12,2475.42,-15.58,-0.63,13.04,0.94,2.01
2023-05-15,2479.35,3.93,0.16,13.06,0.94,2
2023-05-16,2480.24,0.89,0.04,13.06,0.95,2
2023-05-17,2494.66,14.42,0.58,13.14,0.95,1.99
2023-05-18,2515.4,20.74,0.83,13.25,0.96,1.97
2023-05-19,2537.79,22.39,0.89,13.37,0.97,1.96
2023-05-22,2557.08,19.29,0.76,13.47,0.97,1.94
2023-05-23,2567.55,10.47,0.41,13.53,0.98,1.93
2023-05-24,2567.45,-0.1,0,13.53,0.98,1.93
2023-05-25,2554.69,-12.76,-0.5,13.46,0.97,1.94
2023-05-26,2558.81,4.12,0.16,13.48,0.98,1.94
2023-05-30,2585.52,26.71,1.04,13.62,0.99,1.92
2023-05-31,2577.12,-8.4,-0.32,13.57,0.98,1.93
2023-06-01,2569.17,-7.95,-0.31,13.52,0.98,1.93
2023-06-02,2601.36,32.19,1.25,13.69,0.99,1.91
2023-06-05,2615.41,14.05,0.54,13.76,1,1.9
2023-06-07,2615.6,0.19,0.01,13.76,1,1.9
2023-06-08,2610.85,-4.75,-0.18,13.74,0.99,1.9
2023-06-09,2641.16,30.31,1.16,16.15,0.97,1.88
2023-06-12,2629.35,-11.81,-0.45,16.07,0.96,1.89
2023-06-13,2637.95,8.6,0.33,16.15,0.97,1.88
2023-06-14,2619.08,-18.87,-0.72,16.03,0.96,1.9
2023-06-15,2608.54,-10.54,-0.4,15.97,0.95,1.9
2023-06-16,2625.79,17.25,0.66,16.07,0.96,1.89
2023-06-19,2609.5,-16.29,-0.62,15.97,0.95,1.9
2023-06-20,2604.91,-4.59,-0.18,15.93,0.95,1.91
2023-06-21,2582.63,-22.28,-0.86,15.8,0.95,1.92
2023-06-22,2593.7,11.07,0.43,15.87,0.95,1.91
2023-06-23,2570.1,-23.6,-0.91,15.72,0.94,1.93
2023-06-26,2582.2,12.1,0.47,15.8,0.95,1.92
2023-06-27,2581.39,-0.81,-0.03,15.79,0.94,1.92
2023-06-28,2564.19,-17.2,-0.67,15.69,0.94,1.94
2023-06-29,2550.02,-14.17,-0.55,15.6,0.93,1.95
2023-06-30,2564.28,14.26,0.56,15.69,0.94,1.94
2023-07-03,2602.47,38.19,1.49,15.92,0.95,1.91
2023-07-04,2593.31,-9.16,-0.35,15.87,0.95,1.91
2023-07-05,2579,-14.31,-0.55,15.78,0.94,1.92
2023-07-06,2556.29,-22.71,-0.88,15.64,0.94,1.94
2023-07-07,2526.71,-29.58,-1.16,15.46,0.92,1.96
2023-07-10,2520.7,-6.01,-0.24,15.42,0.92,1.97
2023-07-11,2562.49,41.79,1.66,15.68,0.94,1.94
2023-07-12,2574.72,12.23,0.48,15.76,0.94,1.93
2023-07-13,2591.23,16.51,0.64,15.85,0.95,1.91
2023-07-14,2628.3,37.07,1.43,16.08,0.96,1.89
2023-07-17,2619,-9.3,-0.35,16.03,0.96,1.89
2023-07-18,2607.62,-11.38,-0.43,15.96,0.95,1.9
2023-07-19,2608.24,0.62,0.02,15.96,0.95,1.9
2023-07-20,2600.23,-8.01,-0.31,15.91,0.95,1.91
2023-07-21,2609.76,9.53,0.37,15.97,0.96,1.9
2023-07-24,2628.53,18.77,0.72,16.09,0.96,1.89
2023-07-25,2636.46,7.93,0.3,16.14,0.97,1.88
2023-07-26,2592.36,-44.1,-1.67,15.87,0.95,1.91
2023-07-27,2603.81,11.45,0.44,15.94,0.95,1.9
2023-07-28,2608.32,4.51,0.17,15.97,0.96,1.9
2023-07-31,2632.58,24.26,0.93,16.12,0.96,1.88
2023-08-01,2667.07,34.49,1.31,16.33,0.98,1.86
2023-08-02,2616.47,-50.6,-1.9,16.02,0.96,1.9
2023-08-03,2605.39,-11.08,-0.42,15.96,0.95,1.9
2023-08-04,2602.8,-2.59,-0.1,15.95,0.95,1.9
2023-08-07,2580.71,-22.09,-0.85,15.81,0.95,1.92
2023-08-08,2573.98,-6.73,-0.26,15.77,0.94,1.93
2023-08-09,2605.12,31.14,1.21,15.96,0.96,1.9
2023-08-10,2601.56,-3.56,-0.14,15.94,0.95,1.9
2023-08-11,2591.26,-10.3,-0.4,15.88,0.95,1.91
2023-08-14,2570.87,-20.39,-0.79,15.75,0.94,1.93
2023-08-16,2525.64,-45.23,-1.76,15.46,0.93,1.96
2023-08-17,2519.85,-5.79,-0.23,15.43,0.92,1.97
2023-08-18,2504.5,-15.35,-0.61,15.33,0.92,1.98
2023-08-21,2508.8,4.3,0.17,15.36,0.92,1.98
2023-08-22,2515.74,6.94,0.28,15.39,0.92,1.97
2023-08-23,2505.5,-10.24,-0.41,15.33,0.92,1.98
2023-08-24,2537.68,32.18,1.28,15.52,0.93,1.95
2023-08-25,2519.14,-18.54,-0.73,15.41,0.92,1.97
2023-08-28,2543.41,24.27,0.96,15.56,0.93,1.95
2023-08-29,2552.16,8.75,0.34,15.61,0.94,1.94
2023-08-30,2561.22,9.06,0.35,15.67,0.94,1.93
2023-08-31,2556.27,-4.95,-0.19,15.64,0.94,1.94
2023-09-01,2563.71,7.44,0.29,15.68,0.94,1.93
2023-09-04,2584.55,20.84,0.81,15.81,0.95,1.92
2023-09-05,2582.18,-2.37,-0.09,15.8,0.95,1.92
2023-09-06,2563.34,-18.84,-0.73,15.68,0.94,1.93
2023-09-07,2548.26,-15.08,-0.59,15.59,0.93,1.94
2023-09-08,2547.68,-0.58,-0.02,15.59,0.93,1.94
2023-09-11,2556.88,9.2,0.36,15.64,0.94,1.94
2023-09-12,2536.58,-20.3,-0.79,15.52,0.93,1.95
2023-09-13,2534.7,-1.88,-0.07,15.51,0.93,1.95
2023-09-14,2572.89,38.19,1.51,15.74,0.94,1.93
2023-09-15,2601.28,28.39,1.1,15.92,0.95,1.9
2023-09-18,2574.72,-26.56,-1.02,15.76,0.94,1.92
2023-09-19,2559.21,-15.51,-0.6,19.15,0.93,1.93
2023-09-20,2559.74,0.53,0.02,19.15,0.93,1.93
2023-09-21,2514.97,-44.77,-1.75,18.82,0.91,1.97
2023-09-22,2508.13,-6.84,-0.27,18.78,0.91,1.97
2023-09-25,2495.76,-12.37,-0.49,18.69,0.9,1.98
2023-09-26,2462.97,-32.79,-1.31,18.43,0.89,2.01
2023-09-27,2465.07,2.1,0.09,18.45,0.89,2
2023-10-04,2405.69,-59.38,-2.41,18,0.87,2.05
2023-10-05,2403.6,-2.09,-0.09,17.99,0.87,2.06
2023-10-06,2408.73,5.13,0.21,18.07,0.87,2.05
2023-10-10,2402.58,-6.15,-0.26,18.02,0.87,2.05
2023-10-11,2450.08,47.5,1.98,18.38,0.89,2.01
2023-10-12,2479.82,29.74,1.21,18.6,0.9,1.99
2023-10-13,2456.15,-23.67,-0.95,18.43,0.89,2.01
2023-10-16,2436.24,-19.91,-0.81,18.28,0.88,2.02
2023-10-17,2460.17,23.93,0.98,18.46,0.89,2
2023-10-18,2462.6,2.43,0.1,18.48,0.89,2
2023-10-19,2415.8,-46.8,-1.9,18.12,0.88,2.04
2023-10-20,2375,-40.8,-1.69,17.82,0.86,2.08
2023-10-23,2357.02,-17.98,-0.76,17.68,0.86,2.09
2023-10-24,2383.51,26.49,1.12,17.88,0.87,2.07
2023-10-25,2363.17,-20.34,-0.85,17.72,0.86,2.09
2023-10-26,2299.08,-64.09,-2.71,17.24,0.83,2.15
2023-10-27,2302.81,3.73,0.16,17.27,0.84,2.14
2023-10-30,2310.55,7.74,0.34,17.33,0.84,2.13
2023-10-31,2277.99,-32.56,-1.41,17.08,0.83,2.16
2023-11-01,2301.56,23.57,1.03,17.26,0.84,2.14
2023-11-02,2343.12,41.56,1.81,17.57,0.85,2.1
2023-11-03,2368.34,25.22,1.08,17.76,0.86,2.08
2023-11-06,2502.37,134.03,5.66,18.78,0.91,1.97
2023-11-07,2443.96,-58.41,-2.33,18.34,0.89,2.02
2023-11-08,2421.62,-22.34,-0.91,18.17,0.88,2.04
2023-11-09,2427.08,5.46,0.23,18.21,0.88,2.03
2023-11-10,2409.66,-17.42,-0.72,18.11,0.88,2.04
2023-11-13,2403.76,-5.9,-0.24,18.06,0.87,2.05
2023-11-14,2433.25,29.49,1.23,18.29,0.89,2.02
2023-11-15,2486.67,53.42,2.2,18.69,0.9,1.98
2023-11-16,2488.18,1.51,0.06,18.7,0.91,1.98
2023-11-17,2469.85,-18.33,-0.74,18.56,0.9,1.99
2023-11-20,2491.2,21.35,0.86,18.75,0.91,1.97
2023-11-21,2510.42,19.22,0.77,18.9,0.91,1.96
2023-11-22,2511.7,1.28,0.05,18.91,0.92,1.96
2023-11-23,2514.96,3.26,0.13,18.93,0.92,1.95
2023-11-24,2496.63,-18.33,-0.73,18.79,0.91,1.97
2023-11-27,2495.66,-0.97,-0.04,18.79,0.91,1.97
2023-11-28,2521.76,26.1,1.05,18.98,0.92,1.95
2023-11-29,2519.81,-1.95,-0.08,18.97,0.92,1.95
2023-11-30,2535.29,15.48,0.61,19.09,0.92,1.94
2023-12-01,2505.01,-30.28,-1.19,18.86,0.91,1.96
2023-12-04,2514.95,9.94,0.4,18.93,0.92,1.95
2023-12-05,2494.28,-20.67,-0.82,18.77,0.91,1.97
2023-12-06,2495.38,1.1,0.04,18.78,0.91,1.97
2023-12-07,2492.07,-3.31,-0.13,18.76,0.91,1.97
2023-12-08,2517.85,25.78,1.03,18.95,0.92,1.95
2023-12-11,2525.36,7.51,0.3,19.01,0.92,1.94
2023-12-12,2535.27,9.91,0.39,19.08,0.92,1.94
2023-12-13,2510.66,-24.61,-0.97,18.9,0.91,1.96
2023-12-14,2544.18,33.52,1.34,19.15,0.93,1.93
2023-12-15,2563.56,19.38,0.76,19.43,0.94,1.9
2023-12-18,2566.86,3.3,0.13,19.46,0.94,1.9
2023-12-19,2568.55,1.69,0.07,19.47,0.94,1.9
2023-12-20,2614.3,45.75,1.78,19.04,0.94,1.87
2023-12-21,2600.02,-14.28,-0.55,18.94,0.93,1.88
2023-12-22,2599.51,-0.51,-0.02,18.93,0.93,1.88
2023-12-26,2602.59,3.08,0.12,18.97,0.94,1.87
2023-12-27,2613.5,10.91,0.42,19.06,0.94,1.86
2023-12-28,2655.28,41.78,1.6,19.36,0.96,1.83
2024-01-02,2669.81,14.53,0.55,19.56,0.97,1.81
2024-01-03,2607.31,-62.5,-2.34,19.1,0.94,1.86
2024-01-04,2587.02,-20.29,-0.78,18.95,0.94,1.87
2024-01-05,2578.08,-8.94,-0.35,18.88,0.93,1.88
2024-01-08,2567.82,-10.26,-0.4,18.81,0.93,1.89
2024-01-09,2561.24,-6.58,-0.26,18.76,0.93,1.89
2024-01-10,2541.98,-19.26,-0.75,18.62,0.92,1.91
2024-01-11,2540.27,-1.71,-0.07,18.6,0.92,1.91
2024-01-12,2525.05,-15.22,-0.6,18.49,0.91,1.92
2024-01-15,2525.99,0.94,0.04,18.49,0.91,1.92
2024-01-16,2497.59,-28.4,-1.12,18.28,0.9,1.94
2024-01-17,2435.9,-61.69,-2.47,17.83,0.88,1.99
2024-01-18,2440.04,4.14,0.17,17.86,0.88,1.99
2024-01-19,2472.74,32.7,1.34,18.1,0.89,1.96
2024-01-22,2464.35,-8.39,-0.34,18.04,0.89,1.97
2024-01-23,2478.61,14.26,0.58,18.15,0.9,1.96
2024-01-24,2469.69,-8.92,-0.36,18.08,0.89,1.96
2024-01-25,2470.34,0.65,0.03,18.1,0.89,1.96
2024-01-26,2478.56,8.22,0.33,18.16,0.9,1.95
2024-01-29,2500.65,22.09,0.89,18.35,0.91,1.93
2024-01-30,2498.81,-1.84,-0.07,18.34,0.91,1.93
2024-01-31,2497.09,-1.72,-0.07,18.33,0.91,1.93
2024-02-01,2542.46,45.37,1.82,18.67,0.92,1.9
2024-02-02,2615.31,72.85,2.87,19.2,0.95,1.85
2024-02-05,2591.31,-24,-0.92,19.03,0.94,1.86
2024-02-06,2576.2,-15.11,-0.58,18.92,0.94,1.87
2024-02-07,2609.58,33.38,1.3,19.16,0.95,1.85
2024-02-08,2620.32,10.74,0.41,19.24,0.95,1.84
2024-02-13,2649.64,29.32,1.12,19.46,0.96,1.82
2024-02-14,2620.42,-29.22,-1.1,19.24,0.95,1.84
2024-02-15,2613.8,-6.62,-0.25,19.19,0.95,1.85
2024-02-16,2648.76,34.96,1.34,19.45,0.96,1.82
2024-02-19,2680.26,31.5,1.19,19.69,0.97,1.8
2024-02-20,2657.79,-22.47,-0.84,19.52,0.97,1.82
2024-02-21,2653.31,-4.48,-0.17,19.48,0.96,1.82
2024-02-22,2664.27,10.96,0.41,19.56,0.97,1.81
2024-02-23,2667.7,3.43,0.13,19.59,0.97,1.81
2024-02-26,2647.08,-20.62,-0.77,19.44,0.96,1.82
2024-02-27,2625.05,-22.03,-0.83,19.27,0.95,1.84
2024-02-28,2652.29,27.24,1.04,19.49,0.96,1.82
2024-02-29,2642.36,-9.93,-0.37,19.42,0.96,1.83
2024-03-04,2674.27,31.91,1.21,19.66,0.97,1.8
2024-03-05,2649.4,-24.87,-0.93,19.48,0.96,1.82
2024-03-06,2641.49,-7.91,-0.3,19.41,0.96,1.83
2024-03-07,2647.62,6.13,0.23,19.46,0.96,1.82
2024-03-08,2680.35,32.73,1.24,19.7,0.97,1.8
2024-03-11,2659.84,-20.51,-0.77,19.54,0.97,1.81
2024-03-12,2681.81,21.97,0.83,19.71,0.97,1.8
2024-03-13,2693.57,11.76,0.44,19.79,0.98,1.79
2024-03-14,2718.76,25.19,0.94,19.98,0.99,1.77
2024-03-15,2666.84,-51.92,-1.91,19.6,0.97,1.81
2024-03-18,2685.84,19,0.71,19.74,0.98,1.8
2024-03-19,2656.17,-29.67,-1.1,19.52,0.97,1.82
2024-03-20,2690.14,33.97,1.28,19.77,0.98,1.79
2024-03-21,2754.86,64.72,2.41,20.27,1,1.75
2024-03-22,2748.56,-6.3,-0.23,20.22,1,1.76
2024-03-25,2737.57,-10.99,-0.4,20.14,1,1.76
2024-03-26,2757.09,19.52,0.71,20.28,1,1.75
2024-03-27,2755.11,-1.98,-0.07,20.27,1,1.75
2024-03-28,2745.82,-9.29,-0.34,20.2,1,1.76
2024-03-29,2746.63,0.81,0.03,20.21,1,1.76
2024-04-01,2747.86,1.23,0.04,20.21,1,1.76
2024-04-02,2753.16,5.3,0.19,20.25,1,1.75
2024-04-03,2706.97,-46.19,-1.68,19.91,0.98,1.78
2024-04-04,2742,35.03,1.29,20.17,1,1.76
2024-04-05,2714.21,-27.79,-1.01,19.96,0.99,1.78
2024-04-08,2717.65,3.44,0.13,19.98,0.99,1.78
2024-04-09,2705.16,-12.49,-0.46,19.89,0.98,1.78
2024-04-11,2706.96,1.8,0.07,19.91,0.98,1.78
2024-04-12,2681.82,-25.14,-0.93,19.71,0.98,1.8
2024-04-15,2670.43,-11.39,-0.42,19.63,0.97,1.81
2024-04-16,2609.63,-60.8,-2.28,19.18,0.95,1.85
2024-04-17,2584.18,-25.45,-0.98,18.99,0.94,1.87
2024-04-18,2634.7,50.52,1.95,19.36,0.96,1.83
2024-04-19,2591.86,-42.84,-1.63,19.04,0.94,1.86
2024-04-22,2629.44,37.58,1.45,19.32,0.96,1.84
2024-04-23,2623.02,-6.42,-0.24,19.27,0.95,1.84
2024-04-24,2675.75,52.73,2.01,19.66,0.97,1.81
2024-04-25,2628.62,-47.13,-1.76,19.31,0.95,1.84
2024-04-26,2656.33,27.71,1.05,19.52,0.97,1.82
2024-04-29,2687.44,31.11,1.17,19.75,0.98,1.8
2024-04-30,2692.06,4.62,0.17,19.78,0.98,1.79
2024-05-02,2683.65,-8.41,-0.31,20.7,0.97,1.86
2024-05-03,2676.63,-7.02,-0.26,20.64,0.97,1.86
2024-05-07,2734.36,57.73,2.16,21.09,0.99,1.82
2024-05-08,2745.05,10.69,0.39,21.17,1,1.82
2024-05-09,2712.14,-32.91,-1.2,20.96,0.99,1.84
2024-05-10,2727.63,15.49,0.57,21.06,0.99,1.83
2024-05-13,2727.21,-0.42,-0.02,21.05,0.99,1.83
2024-05-14,2730.34,3.13,0.11,21.07,0.99,1.83
2024-05-16,2753,22.66,0.83,21.25,1,1.81
2024-05-17,2724.62,-28.38,-1.03,21.03,0.99,1.83
2024-05-20,2742.14,17.52,0.64,21.16,1,1.82
2024-05-21,2724.18,-17.96,-0.65,21.02,0.99,1.83
2024-05-22,2723.46,-0.72,-0.03,21.02,0.99,1.83
2024-05-23,2721.81,-1.65,-0.06,21,0.99,1.83
2024-05-24,2687.6,-34.21,-1.26,20.74,0.98,1.86
2024-05-27,2722.99,35.39,1.32,21.01,0.99,1.83
2024-05-28,2722.85,-0.14,-0.01,21.01,0.99,1.83
2024-05-29,2677.3,-45.55,-1.67,20.66,0.97,1.86
2024-05-30,2635.44,-41.86,-1.56,20.33,0.96,1.89
2024-05-31,2636.52,1.08,0.04,20.34,0.96,1.89
2024-06-03,2682.52,46,1.74,20.7,0.97,1.86
2024-06-04,2662.1,-20.42,-0.76,20.54,0.97,1.87
2024-06-05,2689.5,27.4,1.03,20.75,0.98,1.86
2024-06-07,2722.67,33.17,1.23,21.01,0.99,1.83
2024-06-10,2701.17,-21.5,-0.79,20.84,0.98,1.85
2024-06-11,2705.32,4.15,0.15,20.87,0.98,1.84
2024-06-12,2728.17,22.85,0.84,21.05,0.99,1.83
2024-06-13,2754.89,26.72,0.98,21.26,1,1.81
2024-06-14,2758.42,3.53,0.13,21.29,1,1.81
2024-06-17,2744.1,-14.32,-0.52,18.39,0.98,1.82
2024-06-18,2763.92,19.82,0.72,18.52,0.99,1.81
2024-06-19,2797.33,33.41,1.21,18.75,1,1.78
2024-06-20,2807.63,10.3,0.37,18.81,1,1.78
2024-06-21,2784.26,-23.37,-0.83,18.66,1,1.79
2024-06-24,2764.73,-19.53,-0.7,18.52,0.99,1.8
2024-06-25,2774.39,9.66,0.35,18.59,0.99,1.8
2024-06-26,2792.05,17.66,0.64,18.71,1,1.79
2024-06-27,2784.06,-7.99,-0.29,18.66,1,1.79
2024-06-28,2797.82,13.76,0.49,18.75,1,1.78
2024-07-01,2804.31,6.49,0.23,18.79,1,1.78
2024-07-02,2780.86,-23.45,-0.84,18.64,1,1.79
2024-07-03,2794.01,13.15,0.47,18.73,1,1.78
2024-07-04,2824.94,30.93,1.11,18.93,1.01,1.76
2024-07-05,2862.23,37.29,1.32,19.19,1.02,1.74
2024-07-08,2857.76,-4.47,-0.16,19.16,1.02,1.74
2024-07-09,2867.38,9.62,0.34,19.23,1.03,1.73
2024-07-10,2867.99,0.61,0.02,19.24,1.03,1.73
2024-07-11,2891.35,23.36,0.81,19.4,1.03,1.72
2024-07-12,2857,-34.35,-1.19,19.18,1.02,1.74
2024-07-15,2860.92,3.92,0.14,19.21,1.03,1.74
2024-07-16,2866.09,5.17,0.18,19.25,1.03,1.73
2024-07-17,2843.29,-22.8,-0.8,19.09,1.02,1.75
2024-07-18,2824.35,-18.94,-0.67,18.96,1.01,1.76
2024-07-19,2795.46,-28.89,-1.02,18.77,1,1.78
2024-07-22,2763.51,-31.95,-1.14,18.55,0.99,1.8
2024-07-23,2774.29,10.78,0.39,18.63,0.99,1.79
2024-07-24,2758.71,-15.58,-0.56,18.52,0.99,1.8
2024-07-25,2710.65,-48.06,-1.74,18.2,0.97,1.83
2024-07-26,2731.9,21.25,0.78,18.34,0.98,1.82
2024-07-29,2765.53,33.63,1.23,18.57,0.99,1.8
2024-07-30,2738.19,-27.34,-0.99,18.38,0.98,1.81
2024-07-31,2770.69,32.5,1.19,18.6,0.99,1.79
2024-08-01,2777.68,6.99,0.25,18.65,1,1.79
2024-08-02,2676.19,-101.49,-3.65,17.97,0.96,1.86
2024-08-05,2441.55,-234.64,-8.77,16.39,0.87,2.03
2024-08-06,2522.15,80.6,3.3,16.93,0.9,1.97
2024-08-07,2568.41,46.26,1.83,17.24,0.92,1.93
2024-08-08,2556.73,-11.68,-0.45,17.16,0.92,1.94
2024-08-09,2588.43,31.7,1.24,17.37,0.93,1.92
2024-08-12,2618.3,29.87,1.15,17.57,0.94,1.9
2024-08-13,2621.5,3.2,0.12,17.6,0.94,1.89
2024-08-14,2644.5,23,0.88,17.75,0.95,1.88
2024-08-16,2697.23,52.73,1.99,18.09,0.97,1.84
2024-08-19,2674.36,-22.87,-0.85,17.94,0.96,1.86
2024-08-20,2696.63,22.27,0.83,18.09,0.97,1.84
2024-08-21,2701.13,4.5,0.17,18.12,0.97,1.84
2024-08-22,2707.67,6.54,0.24,18.16,0.97,1.83
2024-08-23,2701.69,-5.98,-0.22,18.12,0.97,1.84
2024-08-26,2698.01,-3.68,-0.14,18.09,0.97,1.84
2024-08-27,2689.25,-8.76,-0.32,18.03,0.96,1.85
2024-08-28,2689.83,0.58,0.02,18.04,0.96,1.85
2024-08-29,2662.28,-27.55,-1.02,17.85,0.95,1.87
2024-08-30,2674.31,12.03,0.45,17.93,0.96,1.86
2024-09-02,2681,6.69,0.25,17.98,0.96,1.85
2024-09-03,2664.63,-16.37,-0.61,17.86,0.95,1.86
2024-09-04,2580.8,-83.83,-3.15,17.3,0.92,1.93
2024-09-05,2575.5,-5.3,-0.21,17.26,0.92,1.93
2024-09-06,2544.28,-31.22,-1.21,17.04,0.91,1.95
2024-09-09,2535.93,-8.35,-0.33,16.99,0.91,1.96
2024-09-10,2523.43,-12.5,-0.49,16.9,0.9,1.97
2024-09-11,2513.37,-10.06,-0.4,16.83,0.9,1.98
2024-09-12,2572.09,58.72,2.34,17.23,0.92,1.93
2024-09-13,2575.41,3.32,0.13,17.25,0.92,1.93
2024-09-19,2580.8,5.39,0.21,14.5,0.9,1.93
2024-09-20,2593.37,12.57,0.49,14.58,0.91,1.92
2024-09-23,2602.01,8.64,0.33,14.63,0.91,1.91
2024-09-24,2631.68,29.67,1.14,14.79,0.92,1.89
2024-09-25,2596.32,-35.36,-1.34,14.59,0.91,1.91
2024-09-26,2671.57,75.25,2.9,15.02,0.94,1.86
2024-09-27,2649.78,-21.79,-0.82,14.9,0.93,1.88
2024-09-30,2593.27,-56.51,-2.13,14.58,0.91,1.92
2024-10-02,2561.69,-31.58,-1.22,14.4,0.9,1.94
2024-10-04,2569.71,8.02,0.31,14.44,0.9,1.93
2024-10-07,2610.38,40.67,1.58,14.67,0.91,1.9
2024-10-08,2594.36,-16.02,-0.61,14.58,0.91,1.91
2024-10-10,2599.16,4.8,0.19,14.61,0.91,1.91
2024-10-11,2596.91,-2.25,-0.09,14.6,0.91,1.91
2024-10-14,2623.29,26.38,1.02,14.75,0.92,1.89
2024-10-15,2633.45,10.16,0.39,14.8,0.92,1.89
2024-10-16,2610.36,-23.09,-0.88,14.67,0.91,1.9
2024-10-17,2609.3,-1.06,-0.04,14.67,0.91,1.9
2024-10-18,2593.82,-15.48,-0.59,14.58,0.91,1.92
2024-10-21,2604.92,11.1,0.43,14.64,0.91,1.91
2024-10-22,2570.7,-34.22,-1.31,14.45,0.9,1.93
2024-10-23,2599.62,28.92,1.12,14.61,0.91,1.91
2024-10-24,2581.03,-18.59,-0.72,14.51,0.9,1.93
2024-10-25,2583.27,2.24,0.09,14.52,0.9,1.92
2024-10-28,2612.43,29.16,1.13,14.69,0.91,1.9
2024-10-29,2617.8,5.37,0.21,14.72,0.92,1.9
2024-10-30,2593.79,-24.01,-0.92,14.58,0.91,1.92
2024-10-31,2556.15,-37.64,-1.45,14.37,0.9,1.94
2024-11-01,2542.36,-13.79,-0.54,14.29,0.89,1.95
2024-11-04,2588.97,46.61,1.83,14.55,0.91,1.92
2024-11-05,2576.88,-12.09,-0.47,14.49,0.9,1.93
2024-11-06,2563.51,-13.37,-0.52,14.41,0.9,1.94
2024-11-07,2564.63,1.12,0.04,14.42,0.9,1.94
2024-11-08,2561.15,-3.48,-0.14,14.4,0.9,1.94
2024-11-11,2531.66,-29.49,-1.15,14.24,0.89,1.96
2024-11-12,2482.57,-49.09,-1.94,13.96,0.87,2
2024-11-13,2417.08,-65.49,-2.64,13.6,0.85,2.05
2024-11-14,2418.86,1.78,0.07,13.62,0.85,2.05
2024-11-15,2416.86,-2,-0.08,13.6,0.85,2.05
2024-11-18,2469.07,52.21,2.16,13.9,0.87,2.01
2024-11-19,2471.95,2.88,0.12,13.91,0.87,2.01
2024-11-20,2482.29,10.34,0.42,14.01,0.87,1.99
2024-11-21,2480.63,-1.66,-0.07,14,0.87,1.99
2024-11-22,2501.24,20.61,0.83,14.12,0.88,1.98
2024-11-25,2534.34,33.1,1.32,14.31,0.89,1.95
2024-11-26,2520.36,-13.98,-0.55,14.23,0.89,1.96
2024-11-27,2503.06,-17.3,-0.69,14.13,0.88,1.98
2024-11-28,2504.67,1.61,0.06,14.14,0.88,1.97
2024-11-29,2455.91,-48.76,-1.95,13.87,0.86,2.01
2024-12-02,2454.48,-1.43,-0.06,13.86,0.86,2.02
2024-12-03,2500.1,45.62,1.86,14.12,0.88,1.98
2024-12-04,2464,-36.1,-1.44,13.91,0.87,2.01
2024-12-05,2441.85,-22.15,-0.9,13.79,0.86,2.03
2024-12-06,2428.16,-13.69,-0.56,13.71,0.85,2.04
2024-12-09,2360.58,-67.58,-2.78,13.32,0.83,2.1
2024-12-10,2417.84,57.26,2.43,13.65,0.85,2.05
2024-12-11,2442.51,24.67,1.02,13.78,0.86,2.03
2024-12-12,2482.12,39.61,1.62,14.01,0.87,1.99
2024-12-13,2494.46,12.34,0.5,14.08,0.88,1.98
2024-12-16,2488.97,-5.49,-0.22,14.05,0.88,1.99
2024-12-17,2456.81,-32.16,-1.29,13.86,0.86,2.01
2024-12-18,2484.43,27.62,1.12,14.02,0.87,1.99
2024-12-19,2435.93,-48.5,-1.95,12.85,0.85,2.03
2024-12-20,2404.15,-31.78,-1.3,12.68,0.84,2.06
2024-12-23,2442.01,37.86,1.57,12.88,0.85,2.03
2024-12-24,2440.52,-1.49,-0.06,12.87,0.85,2.03
2024-12-26,2429.67,-10.85,-0.44,12.81,0.85,2.04
2024-12-27,2404.77,-24.9,-1.02,12.68,0.84,2.06
2024-12-30,2399.49,-5.28,-0.22,12.66,0.84,2.06
2025-01-02,2398.94,-0.55,-0.02,12.66,0.84,2.06
2025-01-03,2441.92,42.98,1.79,12.88,0.86,2.03
2025-01-06,2488.64,46.72,1.91,13.13,0.87,1.99
2025-01-07,2492.1,3.46,0.14,13.15,0.87,1.98
2025-01-08,2521.05,28.95,1.16,13.31,0.88,1.96
2025-01-09,2521.9,0.85,0.03,13.31,0.88,1.96
2025-01-10,2515.78,-6.12,-0.24,13.28,0.88,1.96
2025-01-13,2489.56,-26.22,-1.04,13.14,0.87,1.99
2025-01-14,2497.4,7.84,0.31,13.19,0.88,1.98
2025-01-15,2496.81,-0.59,-0.02,13.18,0.87,1.98
2025-01-16,2527.49,30.68,1.23,13.34,0.89,1.96
2025-01-17,2523.55,-3.94,-0.16,13.32,0.88,1.96
2025-01-20,2520.05,-3.5,-0.14,13.3,0.88,1.96
2025-01-21,2518.03,-2.02,-0.08,13.29,0.88,1.96
2025-01-22,2547.06,29.03,1.15,13.45,0.89,1.94
2025-01-23,2515.49,-31.57,-1.24,13.28,0.88,1.97
2025-01-24,2536.8,21.31,0.85,13.39,0.89,1.95
2025-01-31,2517.37,-19.43,-0.77,13.29,0.88,1.96
2025-02-03,2453.95,-63.42,-2.52,12.95,0.86,2.01
2025-02-04,2481.69,27.74,1.13,13.1,0.87,1.99
2025-02-05,2509.27,27.58,1.11,13.25,0.88,1.97
2025-02-06,2536.75,27.48,1.1,13.4,0.89,1.95
2025-02-07,2521.92,-14.83,-0.58,13.31,0.88,1.96
2025-02-10,2521.27,-0.65,-0.03,13.31,0.88,1.96
2025-02-11,2539.05,17.78,0.71,13.4,0.89,1.95
2025-02-12,2548.39,9.34,0.37,13.45,0.89,1.94
2025-02-13,2583.17,34.78,1.36,13.63,0.91,1.92
2025-02-14,2591.05,7.88,0.31,13.68,0.91,1.91
2025-02-17,2610.42,19.37,0.75,13.78,0.92,1.9
2025-02-18,2626.81,16.39,0.63,13.86,0.92,1.88
2025-02-19,2671.52,44.71,1.7,14.1,0.94,1.85
2025-02-20,2654.06,-17.46,-0.65,14.01,0.93,1.86
2025-02-21,2654.58,0.52,0.02,14.01,0.93,1.86
2025-02-24,2645.27,-9.31,-0.35,13.94,0.93,1.87
2025-02-25,2630.29,-14.98,-0.57,13.86,0.92,1.88
2025-02-26,2641.09,10.8,0.41,13.92,0.93,1.87
2025-02-27,2621.75,-19.34,-0.73,13.82,0.92,1.89
2025-02-28,2532.78,-88.97,-3.39,13.35,0.89,1.96
2025-03-04,2528.92,-3.86,-0.15,13.32,0.89,1.96
2025-03-05,2558.13,29.21,1.16,13.46,0.9,1.94
2025-03-06,2576.16,18.03,0.7,13.53,0.9,1.93
2025-03-07,2563.48,-12.68,-0.49,13.47,0.9,1.94
2025-03-10,2570.39,6.91,0.27,13.51,0.9,1.93
2025-03-11,2537.6,-32.79,-1.28,13.33,0.89,1.96
2025-03-12,2574.82,37.22,1.47,13.53,0.9,1.93
2025-03-13,2573.64,-1.18,-0.05,13.52,0.9,1.93
2025-03-14,2566.36,-7.28,-0.28,13.48,0.9,1.93
2025-03-17,2610.69,44.33,1.73,13.69,0.91,1.91
2025-03-18,2612.34,1.65,0.06,13.7,0.91,1.91
2025-03-19,2628.62,16.28,0.62,13.79,0.92,1.9
2025-03-20,2637.1,8.48,0.32,13.83,0.92,1.89
2025-03-21,2643.13,6.03,0.23,13.86,0.92,1.88
2025-03-24,2632.07,-11.06,-0.42,13.8,0.92,1.89
2025-03-25,2615.81,-16.26,-0.62,13.72,0.91,1.9
2025-03-26,2643.94,28.13,1.08,13.87,0.92,1.88
2025-03-27,2607.15,-36.79,-1.39,13.67,0.91,1.91
2025-03-28,2557.98,-49.17,-1.89,13.41,0.89,1.95
2025-03-31,2481.12,-76.86,-3,13.01,0.87,2.01
2025-04-01,2521.39,40.27,1.62,13.22,0.88,1.98
2025-04-02,2505.86,-15.53,-0.62,13.14,0.88,1.99
2025-04-03,2486.7,-19.16,-0.76,13.03,0.87,2
2025-04-04,2465.42,-21.28,-0.86,12.92,0.86,2.02
2025-04-07,2328.2,-137.22,-5.57,12.2,0.81,2.14
2025-04-08,2334.23,6.03,0.26,12.23,0.82,2.14
2025-04-09,2293.7,-40.53,-1.74,12.02,0.8,2.17
2025-04-10,2445.06,151.36,6.6,12.82,0.86,2.04
2025-04-11,2432.72,-12.34,-0.5,12.76,0.85,2.05
2025-04-14,2455.89,23.17,0.95,12.88,0.86,2.03
2025-04-15,2477.41,21.52,0.88,12.99,0.87,2.01
2025-04-16,2447.43,-29.98,-1.21,12.83,0.86,2.04
2025-04-17,2470.41,22.98,0.94,12.95,0.86,2.02
2025-04-18,2483.42,13.01,0.53,13.02,0.87,2.01
2025-04-21,2488.42,5,0.2,13.05,0.87,2
2025-04-22,2486.64,-1.78,-0.07,13.04,0.87,2
2025-04-23,2525.56,38.92,1.57,13.24,0.88,1.97
2025-04-24,2522.33,-3.23,-0.13,13.22,0.88,1.98
2025-04-25,2546.3,23.97,0.95,13.35,0.89,1.96
2025-04-28,2548.86,2.56,0.1,13.36,0.89,1.96
2025-04-29,2565.42,16.56,0.65,13.44,0.9,1.94
2025-04-30,2556.61,-8.81,-0.34,13.4,0.89,1.95
2025-05-02,2559.79,3.18,0.12,12.66,0.87,2.16
2025-05-07,2573.8,14.01,0.55,12.73,0.87,2.14
2025-05-08,2579.48,5.68,0.22,12.76,0.87,2.14
2025-05-09,2577.27,-2.21,-0.09,12.75,0.87,2.14
2025-05-12,2607.33,30.06,1.17,12.9,0.88,2.12
2025-05-13,2608.42,1.09,0.04,12.92,0.88,2.11
2025-05-14,2640.57,32.15,1.23,13.08,0.89,2.09
2025-05-15,2621.36,-19.21,-0.73,12.99,0.89,2.1
2025-05-16,2626.87,5.51,0.21,13.01,0.89,2.1
2025-05-19,2603.42,-23.45,-0.89,12.9,0.88,2.12
2025-05-20,2601.8,-1.62,-0.06,12.89,0.88,2.12
2025-05-21,2625.58,23.78,0.91,13,0.89,2.1
2025-05-22,2593.67,-31.91,-1.22,12.86,0.88,2.12
2025-05-23,2592.09,-1.58,-0.06,12.86,0.88,2.12
2025-05-26,2644.4,52.31,2.02,13.12,0.9,2.08
2025-05-27,2637.22,-7.18,-0.27,13.09,0.89,2.09
2025-05-28,2670.15,32.93,1.25,13.25,0.91,2.06
2025-05-29,2720.64,50.49,1.89,13.5,0.92,2.02
2025-05-30,2697.67,-22.97,-0.84,13.39,0.92,2.04
2025-06-02,2698.97,1.3,0.05,13.39,0.92,2.04
2025-06-04,2770.84,71.87,2.66,13.75,0.94,1.98
2025-06-05,2812.05,41.21,1.49,13.95,0.95,1.96
2025-06-09,2855.77,43.72,1.55,14.17,0.97,1.93
2025-06-10,2871.85,16.08,0.56,14.25,0.97,1.92
2025-06-11,2907.04,35.19,1.23,14.42,0.99,1.89
2025-06-12,2920.03,12.99,0.45,13.34,0.98,1.88
2025-06-13,2894.62,-25.41,-0.87,13.22,0.97,1.9
2025-06-16,2946.66,52.04,1.8,13.47,0.99,1.87
2025-06-17,2950.3,3.64,0.12,13.48,0.99,1.86
2025-06-18,2972.19,21.89,0.74,13.58,1,1.85
2025-06-19,2977.74,5.55,0.19,13.61,1,1.85
2025-06-20,3021.84,44.1,1.48,13.81,1.02,1.82
2025-06-23,3014.47,-7.37,-0.24,13.78,1.01,1.82
2025-06-24,3103.64,89.17,2.96,14.19,1.04,1.77
2025-06-25,3108.25,4.61,0.15,14.21,1.05,1.77
2025-06-26,3079.56,-28.69,-0.92,14.08,1.04,1.78
2025-06-27,3055.94,-23.62,-0.77,13.97,1.03,1.8
2025-06-30,3071.7,15.76,0.52,14.04,1.03,1.79
2025-07-01,3089.65,17.95,0.58,14.12,1.04,1.78
2025-07-02,3075.06,-14.59,-0.47,14.06,1.03,1.79
2025-07-03,3116.27,41.21,1.34,14.25,1.05,1.76
2025-07-04,3054.28,-61.99,-1.99,13.96,1.03,1.8
2025-07-07,3059.47,5.19,0.17,13.98,1.03,1.8
2025-07-08,3114.95,55.48,1.81,14.24,1.05,1.76
2025-07-09,3133.74,18.79,0.6,14.33,1.05,1.75
2025-07-10,3183.23,49.49,1.58,14.56,1.07,1.73
2025-07-11,3175.77,-7.46,-0.23,14.53,1.07,1.73
2025-07-14,3202.03,26.26,0.83,14.64,1.08,1.72
2025-07-15,3215.28,13.25,0.41,14.71,1.08,1.71
2025-07-16,3186.38,-28.9,-0.9,14.57,1.07,1.72
2025-07-17,3192.29,5.91,0.19,14.6,1.07,1.72
2025-07-18,3188.07,-4.22,-0.13,14.58,1.07,1.72
2025-07-21,3210.81,22.74,0.71,14.69,1.08,1.71
2025-07-22,3169.94,-40.87,-1.27,14.5,1.07,1.73
2025-07-23,3183.77,13.83,0.44,14.56,1.07,1.73
2025-07-24,3190.45,6.68,0.21,14.59,1.07,1.72
2025-07-25,3196.05,5.6,0.18,14.62,1.07,1.72
2025-07-28,3209.52,13.47,0.42,14.68,1.08,1.71
2025-07-29,3230.57,21.05,0.66,14.78,1.09,1.7
2025-07-30,3254.47,23.9,0.74,14.89,1.09,1.69
2025-07-31,3245.44,-9.03,-0.28,14.84,1.09,1.69
2025-08-01,3119.41,-126.03,-3.88,14.27,1.05,1.76
2025-08-04,3147.75,28.34,0.91,14.4,1.06,1.74
2025-08-05,3198,50.25,1.6,14.63,1.08,1.72
2025-08-06,3198.14,0.14,0,14.63,1.08,1.72
2025-08-07,3227.68,29.54,0.92,14.77,1.09,1.7
2025-08-08,3210.01,-17.67,-0.55,14.69,1.08,1.71
2025-08-11,3206.77,-3.24,-0.1,14.67,1.08,1.71
2025-08-12,3189.91,-16.86,-0.53,14.59,1.07,1.72
2025-08-13,3224.37,34.46,1.08,14.75,1.09,1.7
2025-08-14,3225.66,1.29,0.04,14.76,1.09,1.7
2025-08-18,3177.28,-48.38,-1.5,14.54,1.07,1.73
2025-08-19,3151.56,-25.72,-0.81,14.42,1.06,1.74
2025-08-20,3130.09,-21.47,-0.68,14.32,1.05,1.75
2025-08-21,3141.74,11.65,0.37,14.37,1.06,1.75
2025-08-22,3168.73,26.99,0.86,14.49,1.07,1.73
2025-08-25,3209.86,41.13,1.3,14.68,1.08,1.71
2025-08-26,3179.36,-30.5,-0.95,14.54,1.07,1.73
2025-08-27,3187.16,7.8,0.25,14.58,1.07,1.72
2025-08-28,3196.32,9.16,0.29,14.62,1.08,1.72
2025-08-29,3186.01,-10.31,-0.32,14.57,1.07,1.72
2025-09-01,3142.93,-43.08,-1.35,14.38,1.06,1.75
2025-09-02,3172.35,29.42,0.94,14.51,1.07,1.73
2025-09-03,3184.42,12.07,0.38,14.57,1.07,1.72
2025-09-04,3200.83,16.41,0.52,14.64,1.08,1.71
2025-09-05,3205.12,4.29,0.13,14.67,1.08,1.71
2025-09-08,3219.59,14.47,0.45,14.74,1.08,1.7
2025-09-09,3260.05,40.46,1.26,14.93,1.1,1.68
2025-09-10,3314.53,54.48,1.67,15.18,1.12,1.65
2025-09-11,3344.2,29.67,0.9,15.31,1.13,1.64
2025-09-12,3395.54,51.34,1.54,15.55,1.14,1.61
2025-09-15,3407.31,11.77,0.35,15.6,1.15,1.61
2025-09-16,3449.62,42.31,1.24,15.93,1.16,1.59
2025-09-17,3413.4,-36.22,-1.05,15.76,1.14,1.61
2025-09-18,3461.3,47.9,1.4,15.98,1.16,1.58
2025-09-19,3445.24,-16.06,-0.46,15.91,1.15,1.59
2025-09-22,3468.65,23.41,0.68,16.02,1.16,1.58
2025-09-23,3486.19,17.54,0.51,16.1,1.17,1.57
2025-09-24,3472.14,-14.05,-0.4,16.03,1.16,1.58
2025-09-25,3471.11,-1.03,-0.03,16.03,1.16,1.58
2025-09-26,3386.05,-85.06,-2.45,15.63,1.13,1.62
2025-09-29,3431.21,45.16,1.33,15.84,1.15,1.6
2025-09-30,3424.6,-6.61,-0.19,15.81,1.15,1.6
2025-10-01,3455.83,31.23,0.91,15.95,1.16,1.59
2025-10-02,3549.21,93.38,2.7,16.39,1.19,1.55
2025-10-10,3610.6,61.39,1.73,16.67,1.21,1.52
2025-10-13,3584.55,-26.05,-0.72,16.55,1.2,1.53
2025-10-14,3561.81,-22.74,-0.63,16.44,1.19,1.54
2025-10-15,3657.28,95.47,2.68,16.89,1.23,1.5
2025-10-16,3748.37,91.09,2.49,17.31,1.26,1.46
2025-10-17,3748.89,0.52,0.01,17.31,1.26,1.46
2025-10-20,3814.69,65.8,1.76,17.62,1.28,1.44
2025-10-21,3823.84,9.15,0.24,17.66,1.28,1.43
2025-10-22,3883.68,59.84,1.56,17.93,1.3,1.41
2025-10-23,3845.56,-38.12,-0.98,17.75,1.29,1.43
2025-10-24,3941.59,96.03,2.5,18.2,1.32,1.39
2025-10-27,4042.83,101.24,2.57,18.67,1.35,1.36
2025-10-28,4010.41,-32.42,-0.8,18.52,1.34,1.37
2025-10-29,4081.15,70.74,1.76,18.85,1.37,1.34
2025-10-30,4086.89,5.74,0.14,18.87,1.37,1.34
2025-10-31,4107.5,20.61,0.5,18.97,1.38,1.34
2025-11-03,4221.87,114.37,2.78,19.5,1.41,1.3
2025-11-04,4121.74,-100.13,-2.37,19.04,1.38,1.33
2025-11-05,4004.42,-117.32,-2.85,18.49,1.34,1.37
2025-11-06,4026.45,22.03,0.55,18.59,1.35,1.36
2025-11-07,3953.76,-72.69,-1.81,18.26,1.32,1.39
2025-11-10,4073.24,119.48,3.02,18.81,1.36,1.35
2025-11-11,4106.39,33.15,0.81,18.97,1.38,1.34
2025-11-12,4150.39,44,1.07,19.17,1.39,1.32
2025-11-13,4170.63,20.24,0.49,19.27,1.4,1.31
2025-11-14,4011.57,-159.06,-3.81,18.53,1.34,1.37
2025-11-17,4089.25,77.68,1.94,18.89,1.37,1.34
2025-11-18,3953.62,-135.63,-3.32,18.26,1.33,1.39
2025-11-19,3929.51,-24.11,-0.61,18.15,1.32,1.4
2025-11-20,4004.85,75.34,1.92,18.5,1.34,1.37
2025-11-21,3853.26,-151.59,-3.79,17.8,1.29,1.42
2025-11-24,3846.06,-7.2,-0.19,17.76,1.29,1.43
2025-11-25,3857.78,11.72,0.3,17.81,1.29,1.42
2025-11-26,3960.87,103.09,2.67,18.28,1.33,1.39
2025-11-27,3986.91,26.04,0.66,18.41,1.34,1.38
2025-11-28,3926.59,-60.32,-1.51,18.12,1.32,1.4
2025-12-01,3920.37,-6.22,-0.16,18.1,1.31,1.4
2025-12-02,3994.93,74.56,1.9,18.44,1.34,1.37
2025-12-03,4036.3,41.37,1.04,18.62,1.35,1.36
2025-12-04,4028.51,-7.79,-0.19,18.58,1.35,1.36
2025-12-05,4100.05,71.54,1.78,18.92,1.37,1.34
2025-12-08,4154.85,54.8,1.34,19.17,1.39,1.32
2025-12-09,4143.55,-11.3,-0.27,19.11,1.39,1.33
2025-12-10,4135,-8.55,-0.21,19.07,1.38,1.33
2025-12-11,4110.62,-24.38,-0.59,18.96,1.38,1.34
2025-12-12,4167.16,56.54,1.38,19.21,1.39,1.32
2025-12-15,4090.59,-76.57,-1.84,18.85,1.37,1.34
2025-12-16,3999.13,-91.46,-2.24,16.66,1.28,1.37
2025-12-17,4056.41,57.28,1.43,16.9,1.3,1.35
2025-12-18,3994.51,-61.9,-1.53,16.64,1.28,1.38
2025-12-19,4020.55,26.04,0.65,16.75,1.29,1.37
2025-12-22,4105.93,85.38,2.12,17.1,1.32,1.34
2025-12-23,4117.32,11.39,0.28,17.15,1.32,1.33
2025-12-24,4108.62,-8.7,-0.21,17.12,1.32,1.34
2025-12-26,4129.68,21.06,0.51,17.2,1.32,1.33
2025-12-29,4220.56,90.88,2.2,17.59,1.35,1.3
2025-12-30,4214.17,-6.39,-0.15,17.56,1.35,1.3
2026-01-02,4309.63,95.46,2.27,17.97,1.38,1.27
2026-01-05,4457.52,147.89,3.43,18.59,1.43,1.23
2026-01-06,4525.48,67.96,1.52,18.88,1.45,1.21
2026-01-07,4551.06,25.58,0.57,18.98,1.46,1.21
2026-01-08,4552.37,1.31,0.03,18.99,1.46,1.21
2026-01-09,4586.32,33.95,0.75,19.15,1.47,1.2
2026-01-12,4624.79,38.47,0.84,19.31,1.49,1.19
2026-01-13,4692.64,67.85,1.47,19.6,1.51,1.17
2026-01-14,4723.1,30.46,0.65,19.73,1.52,1.16
2026-01-15,4797.55,74.45,1.58,20.04,1.54,1.14
2026-01-16,4840.74,43.19,0.9,20.22,1.56,1.13
2026-01-19,4904.66,63.92,1.32,20.49,1.58,1.12
2026-01-20,4885.75,-18.91,-0.39,20.41,1.57,1.12
2026-01-21,4909.93,24.18,0.49,20.52,1.58,1.12
2026-01-22,4952.53,42.6,0.87,20.69,1.59,1.11
2026-01-23,4990.07,37.54,0.76,20.85,1.6,1.1
2026-01-26,4949.59,-40.48,-0.81,20.68,1.59,1.11
2026-01-27,5084.85,135.26,2.73,21.25,1.64,1.08
2026-01-28,5170.81,85.96,1.69,21.61,1.66,1.06
2026-01-29,5221.25,50.44,0.98,21.83,1.68,1.05
2026-01-30,5224.36,3.11,0.06,21.84,1.68,1.05
2026-02-02,4949.67,-274.69,-5.26,20.69,1.59,1.11
2026-02-03,5288.08,338.41,6.84,22.11,1.7,1.04
2026-02-04,5371.1,83.02,1.57,22.46,1.73,1.02
2026-02-05,5163.57,-207.53,-3.86,21.58,1.66,1.06
2026-02-06,5089.14,-74.43,-1.44,21.27,1.64,1.08
2026-02-09,5298.04,208.9,4.1,22.15,1.7,1.03
2026-02-10,5301.69,3.65,0.07,22.16,1.71,1.03
2026-02-11,5354.49,52.8,1,22.38,1.72,1.02
2026-02-12,5522.27,167.78,3.13,23.09,1.78,0.99
2026-02-13,5507.01,-15.26,-0.28,23.03,1.77,0.99
2026-02-19,5677.25,170.24,3.09,23.74,1.83,0.96
2026-02-20,5808.53,131.28,2.31,24.3,1.87,0.94
2026-02-23,5846.09,37.56,0.65,24.37,1.88,0.94
2026-02-24,5969.64,123.55,2.11,24.89,1.92,0.92
2026-02-25,6083.86,114.22,1.91,25.37,1.95,0.9
2026-02-26,6307.27,223.41,3.67,26.3,2.02,0.87
2026-02-27,6244.13,-63.14,-1,26.04,2,0.88
2026-03-03,5791.91,-452.22,-7.24,24.15,1.86,0.95
2026-03-04,5093.54,-698.37,-12.06,21.23,1.63,1.08
2026-03-05,5583.9,490.36,9.63,23.28,1.79,0.98
2026-03-06,5584.87,0.97,0.02,23.29,1.79,0.98
2026-03-09,5251.87,-333,-5.96,21.9,1.69,1.04
2026-03-10,5532.59,280.72,5.35,23.07,1.78,0.99
2026-03-11,5609.95,77.36,1.4,23.4,1.8,0.98
2026-03-12,5583.25,-26.7,-0.48,23.28,1.79,0.98
2026-03-13,5487.24,-96.01,-1.72,22.88,1.76,1
2026-03-16,5549.85,62.61,1.14,23.14,1.78,0.99
2026-03-17,5640.48,90.63,1.63,23.52,1.81,0.97
2026-03-18,5925.03,284.55,5.04,24.71,1.9,0.93
2026-03-19,5763.22,-161.81,-2.73,24.03,1.85,0.95
2026-03-20,5781.2,17.98,0.31,24.1,1.85,0.95
2026-03-23,5405.75,-375.45,-6.49,22.52,1.73,1.02
2026-03-24,5553.92,148.17,2.74,23.12,1.78,0.99
2026-03-25,5642.21,88.29,1.59,23.49,1.81,0.97
2026-03-26,5460.46,-181.75,-3.22,22.73,1.75,1.01
2026-03-27,5438.87,-21.59,-0.4,22.64,1.74,1.01
2026-03-30,5277.3,-161.57,-2.97,21.96,1.69,1.04
2026-03-31,5052.46,-224.84,-4.26,21.01,1.62,1.09
2026-04-01,5478.7,426.24,8.44,22.8,1.76,1
2026-04-02,5234.05,-244.65,-4.47,21.77,1.68,1.05
2026-04-03,5377.3,143.25,2.74,22.37,1.72,1.02
2026-04-06,5450.33,73.03,1.36,22.69,1.75,1.01
2026-04-07,5494.78,44.45,0.82,22.87,1.76,1
2026-04-08,5872.34,377.56,6.87,24.44,1.88,0.93
2026-04-09,5778.01,-94.33,-1.61,24.04,1.85,0.95
2026-04-10,5858.87,80.86,1.4,24.37,1.88,0.94
2026-04-13,5808.62,-50.25,-0.86,24.15,1.86,0.95
2026-04-14,5967.75,159.13,2.74,24.74,1.91,0.92
2026-04-15,6091.39,123.64,2.07,25.24,1.95,0.91
2026-04-16,6226.05,134.66,2.21,25.81,1.99,0.89
2026-04-17,6191.92,-34.13,-0.55,25.66,1.98,0.89
2026-04-20,6219.09,27.17,0.44,25.78,1.99,0.89
2026-04-21,6388.47,169.38,2.72,26.48,2.04,0.86
2026-04-22,6417.93,29.46,0.46,26.61,2.05,0.86
2026-04-23,6475.81,57.88,0.9,26.84,2.07,0.85
2026-04-24,6475.63,-0.18,0,26.83,2.07,0.85
2026-04-27,6615.03,139.4,2.15,27.42,2.11,0.83
2026-04-28,6641.02,25.99,0.39,27.52,2.12,0.83
2026-04-29,6690.9,49.88,0.75,27.74,2.14,0.82
2026-04-30,6598.87,-92.03,-1.38,27.36,2.11,0.84
2026-05-04,6936.99,338.12,5.12,26.41,2.12,0.92
2026-05-06,7384.56,447.57,6.45,28.12,2.26,0.86
2026-05-07,7490.05,105.49,1.43,28.52,2.29,0.85
2026-05-08,7498,7.95,0.11,28.55,2.29,0.85
2026-05-11,7822.24,324.24,4.32,29.79,2.39,0.81
2026-05-12,7643.15,-179.09,-2.29,29.1,2.34,0.83
2026-05-13,7844.01,200.86,2.63,29.87,2.4,0.81
2026-05-14,7981.41,137.4,1.75,30.4,2.44,0.8
2026-05-15,7493.18,-488.23,-6.12,28.52,2.29,0.85
2026-05-18,7516.04,22.86,0.31,28.61,2.3,0.85
2026-05-19,7271.66,-244.38,-3.25,27.68,2.22,0.87
2026-05-20,7208.95,-62.71,-0.86,27.44,2.21,0.88
2026-05-21,7815.59,606.64,8.42,29.76,2.39,0.81
2026-05-22,7847.71,32.12,0.41,29.88,2.4,0.81
2026-05-26,8047.51,199.8,2.55,30.64,2.46,0.79
2026-05-27,8228.7,181.19,2.25,31.33,2.52,0.77
2026-05-28,8185.29,-43.41,-0.53,31.17,2.51,0.78
2026-05-29,8476.15,290.86,3.55,32.28,2.59,0.75
2026-06-01,8788.38,312.23,3.68,33.47,2.69,0.72
2026-06-02,8801.49,13.11,0.15,33.52,2.69,0.72
2026-06-04,8639.41,-162.08,-1.84,32.9,2.64,0.74
2026-06-05,8160.59,-478.82,-5.54,31.08,2.5,0.78
2026-06-08,7484.41,-676.18,-8.29,28.5,2.29,0.85
2026-06-09,8096.93,612.52,8.18,30.82,2.48,0.79
2026-06-10,7730.82,-366.11,-4.52,29.42,2.36,0.82
2026-06-11,7763.95,33.13,0.43,29.54,2.37,0.82
2026-06-12,8123.62,359.67,4.63,22.1,2.31,0.78
2026-06-15,8545.98,422.36,5.2,23.26,2.43,0.74
2026-06-16,8726.6,180.62,2.11,23.74,2.48,0.73
2026-06-17,8864.24,137.64,1.58,24.12,2.52,0.72
2026-06-18,9063.84,199.6,2.25,24.66,2.58,0.7
2026-06-19,9052.42,-11.42,-0.13,24.63,2.58,0.7
2026-06-22,9114.55,62.13,0.69,24.8,2.59,0.7
2026-06-23,8203.84,-910.71,-9.99,22.32,2.33,0.78
2026-06-24,8471.02,267.18,3.26,23.05,2.41,0.75
2026-06-25,8930.3,459.28,5.42,24.3,2.54,0.71
2026-06-26,8411.21,-519.09,-5.81,22.88,2.39,0.76
2026-06-29,8394.65,-16.56,-0.2,22.84,2.39,0.76
2026-06-30,8476.48,81.83,0.97,23.06,2.41,0.75
2026-07-01,8303.41,-173.07,-2.04,22.59,2.36,0.77
2026-07-02,7648.09,-655.32,-7.89,20.8,2.17,0.83
2026-07-03,8088.34,440.25,5.76,22,2.3,0.79
2026-07-06,8051.33,-37.01,-0.46,21.9,2.29,0.79
2026-07-07,7656.31,-395.02,-4.91,20.82,2.18,0.83
2026-07-08,7246.79,-409.52,-5.35,19.71,2.06,0.88
2026-07-09,7291.91,45.12,0.62,19.83,2.07,0.87
2026-07-10,7475.94,184.03,2.52,20.33,2.13,0.85
2026-07-13,6806.93,-669.01,-8.95,18.51,1.94,0.93
2026-07-14,6856.83,49.9,0.73,18.65,1.95,0.93
2026-07-15,7284.41,427.58,6.24,19.81,2.07,0.87
2026-07-16,6820.6,-463.81,-6.37,18.54,1.94,0.93
2026-07-20,6516.27,-304.33,-4.46,17.71,1.85,0.98
2026-07-21,6747.95,231.68,3.56,18.34,1.92,0.94
2026-07-22,6797.7,49.75,0.74,18.48,1.93,0.94
2026-07-23,7096.89,299.19,4.4,19.29,2.02,0.9
2026-07-24,6690.62,-406.27,-5.72,18.19,1.9,0.95
2026-07-27,6755.75,65.13,0.97,18.36,1.92,0.94
2026-07-28,6023.66,-732.09,-10.84,16.37,1.71,1.06
2026-07-29,5663.24,-360.42,-5.98,15.48,1.62,1.12
2026-07-30,5593.56,-69.68,-1.23,15.28,1.6,1.13
2026-07-31,6595.45,1001.89,17.91,18.03,1.88,0.96
